S_No,Scientific_Name,Family,Common_Name,Herbarium_Uses_URL,source_file
101,Ammi visnaga (L.) Lam.,APIACEAE,Toothpick plant (Eng.),https://archive.bsi.gov.in/echoHerbarium-Details/en?link=CAL0000013755&column=szBarcode,BSI_Medicinal_Plant_Database (1).csv
102,Amomum aromaticum Roxb.,ZINGIBERACEAE,Morang elaichi,https://archive.bsi.gov.in/echoHerbarium-Details/en?link=CAL0000003152&column=szBarcode,BSI_Medicinal_Plant_Database (1).csv
103,Amomum subulatum Roxb.,ZINGIBERACEAE,"Bari elachi, Baara aliach (Beng.)",https://archive.bsi.gov.in/echoHerbarium-Details/en?link=CAL0000003153&column=szBarcode,BSI_Medicinal_Plant_Database (1).csv
104,Amorphophallus paeoniifolius (Dennst.) Nicolson,ARACEAE,"Suranakanda, Jamikanda",https://archive.bsi.gov.in/echoHerbarium-Details/en?link=CAL0000003223&column=szBarcode,BSI_Medicinal_Plant_Database (1).csv
105,Ampelocissus areneosa (Laws.) Planch.,VITACEAE,Kauraj,https://archive.bsi.gov.in/echoHerbarium-Details/en?link=CAL0000003612&column=szBarcode,BSI_Medicinal_Plant_Database (1).csv
106,Ampelocissus arnottiana (Wight & Arn.) Planch.,VITACEAE,Jangli-angur,https://archive.bsi.gov.in/echoHerbarium-Details/en?link=CAL0000003613&column=szBarcode,BSI_Medicinal_Plant_Database (1).csv
107,Ampelocissus latifolia (Roxb.) Planch.,VITACEAE,Panibel,https://archive.bsi.gov.in/echoHerbarium-Details/en?link=CAL0000003610&column=szBarcode,BSI_Medicinal_Plant_Database (1).csv
108,Ampelocissus tomentosa (Roth) Planch.,VITACEAE,Atukulabadda (Tel.),https://archive.bsi.gov.in/echoHerbarium-Details/en?link=CAL0000003611&column=szBarcode,BSI_Medicinal_Plant_Database (1).csv
109,Anacardium occidentale L.,ANACARDIACEAE,Kaju,https://archive.bsi.gov.in/echoHerbarium-Details/en?link=CAL0000003570&column=szBarcode,BSI_Medicinal_Plant_Database (1).csv
110,Anagallis arvensis L.,PRIMULACEAE,Jonkmari,https://archive.bsi.gov.in/echoHerbarium-Details/en?link=CAL0000009231&column=szBarcode,BSI_Medicinal_Plant_Database (1).csv
111,Anamitra cocculus Wight & Arn.,MENISPERMACEAE,Kakamari (Sans.),https://archive.bsi.gov.in/echoHerbarium-Details/en?link=CAL0000013995&column=szBarcode,BSI_Medicinal_Plant_Database (1).csv
112,Ananas comosus (L.) Merr.,BROMELIACEAE,Kazudhachakka (Mal.),https://archive.bsi.gov.in/echoHerbarium-Details/en?link=CAL0000003133&column=szBarcode,BSI_Medicinal_Plant_Database (1).csv
113,Anaphalis neelgerryana DC.,ASTERACEAE,Raktaskandana (Sans.),https://archive.bsi.gov.in/echoHerbarium-Details/en?link=CAL0000013623&column=szBarcode,BSI_Medicinal_Plant_Database (1).csv
114,Andrographis echinoides (L.) Nees,ACANTHACEAE,Birkubat,https://archive.bsi.gov.in/echoHerbarium-Details/en?link=CAL0000009045&column=szBarcode,BSI_Medicinal_Plant_Database (1).csv
115,Andrographis paniculata (Burm.) Wall. ex Nees,ACANTHACEAE,Kirayat,https://archive.bsi.gov.in/echoHerbarium-Details/en?link=CAL0000009046&column=szBarcode,BSI_Medicinal_Plant_Database (1).csv
116,Andropogon sorghum (L.) Brot.,POACEAE,Kafir (Eng.),https://archive.bsi.gov.in/echoHerbarium-Details/en?link=CAL0000003169&column=szBarcode,BSI_Medicinal_Plant_Database (1).csv
117,Anemone narcissiflora L.,RANUNCULACEAE,Narcissus anemone (Eng.),https://archive.bsi.gov.in/echoHerbarium-Details/en?link=CAL0000009954&column=szBarcode,BSI_Medicinal_Plant_Database (1).csv
118,Anemone obtusiloba D. Don,RANUNCULACEAE,Ageli (Jaunsar),https://archive.bsi.gov.in/echoHerbarium-Details/en?link=CAL0000009953&column=szBarcode,BSI_Medicinal_Plant_Database (1).csv
119,Angelica archangelica L.,APIACEAE,Garden Angelica (Eng.),https://archive.bsi.gov.in/echoHerbarium-Details/en?link=CAL0000013750&column=szBarcode,BSI_Medicinal_Plant_Database (1).csv
120,Aniseia martinicensis (Jacq.) Choisy.,CONVOLVULACEAE,Potupala (Sinhalese),https://archive.bsi.gov.in/echoHerbarium-Details/en?link=CAL0000009822&column=szBarcode,BSI_Medicinal_Plant_Database (1).csv
121,Anisochilus carnosus (Linn.f.) Wall.,LAMIACEAE,Ajapada (Sans.),https://archive.bsi.gov.in/echoHerbarium-Details/en?link=CAL0000008901&column=szBarcode,BSI_Medicinal_Plant_Database (1).csv
122,Anisomeles indica (L.) Kuntze,LAMIACEAE,Gobura,https://archive.bsi.gov.in/echoHerbarium-Details/en?link=CAL0000008891&column=szBarcode,BSI_Medicinal_Plant_Database (1).csv
123,Anisomeles malabarica (L.) R.Br.,LAMIACEAE,Chodhara (Mar.),https://archive.bsi.gov.in/echoHerbarium-Details/en?link=CAL0000008890&column=szBarcode,BSI_Medicinal_Plant_Database (1).csv
124,Annona muricata L.,ANNONACEAE,Mamphal (Mar.),https://archive.bsi.gov.in/echoHerbarium-Details/en?link=CAL0000009917&column=szBarcode,BSI_Medicinal_Plant_Database (1).csv
125,Annona reticulata L.,ANNONACEAE,Nona (Beng.),https://archive.bsi.gov.in/echoHerbarium-Details/en?link=CAL0000009916&column=szBarcode,BSI_Medicinal_Plant_Database (1).csv
126,Annona squamosa L.,ANNONACEAE,Sharifa,https://archive.bsi.gov.in/echoHerbarium-Details/en?link=CAL0000009918&column=szBarcode,BSI_Medicinal_Plant_Database (1).csv
127,Anodendron paniculatum A.DC.,APOCYNACEAE,Kavali (Mar.),https://archive.bsi.gov.in/echoHerbarium-Details/en?link=CAL0000009278&column=szBarcode,BSI_Medicinal_Plant_Database (1).csv
128,Anogeissus latifolia (Roxb. ex. DC.) Wall. ex. Guill. &,COMBRETACEAE,"Dhawa, Dhaura",https://archive.bsi.gov.in/echoHerbarium-Details/en?link=CAL0000013715&column=szBarcode,BSI_Medicinal_Plant_Database (1).csv
129,Anthemis cotula L.,ASTERACEAE,Dog-fennel (Eng.),https://archive.bsi.gov.in/echoHerbarium-Details/en?link=CAL0000013624&column=szBarcode,BSI_Medicinal_Plant_Database (1).csv
130,Anthemis nobilis L.,ASTERACEAE,Roman Chamomile (Eng.),https://archive.bsi.gov.in/echoHerbarium-Details/en?link=CAL0000013625&column=szBarcode,BSI_Medicinal_Plant_Database (1).csv
131,Anthoxanthum odoratum L.,POACEAE,Sweet Vernal Grass (Eng.),https://archive.bsi.gov.in/echoHerbarium-Details/en?link=CAL0000003909&column=szBarcode,BSI_Medicinal_Plant_Database (1).csv
132,Anthriscus cerefolium Hoffm.,APIACEAE,French Parsley (Eng.),https://archive.bsi.gov.in/echoHerbarium-Details/en?link=CAL0000013985&column=szBarcode,BSI_Medicinal_Plant_Database (1).csv
133,Antiaris toxicaria (Pers.) Lesch.,MORACEAE,Karwat (Mar.),https://archive.bsi.gov.in/echoHerbarium-Details/en?link=CAL0000009771&column=szBarcode,BSI_Medicinal_Plant_Database (1).csv
134,Antidesma bunius Spreng.,EUPHORBIACEAE,Amati (Mar.),https://archive.bsi.gov.in/echoHerbarium-Details/en?link=CAL0000008989&column=szBarcode,BSI_Medicinal_Plant_Database (1).csv
135,Apama siliquosa Lam.,ARISTOLOCHIACEAE,Kuravankanda (Local name),https://archive.bsi.gov.in/echoHerbarium-Details/en?link=CAL0000008875&column=szBarcode,BSI_Medicinal_Plant_Database (1).csv
136,Aphanamixis polystachya (Wall.) R.Parker,MELIACEAE,Harin-harra,https://archive.bsi.gov.in/echoHerbarium-Details/en?link=CAL0000009887&column=szBarcode,BSI_Medicinal_Plant_Database (1).csv
137,Apium graveolens L.,APIACEAE,"Shalari, Ajmud",https://archive.bsi.gov.in/echoHerbarium-Details/en?link=CAL0000013759&column=szBarcode,BSI_Medicinal_Plant_Database (1).csv
138,Aquilegia vulgaris L.,RANUNCULACEAE,Common Columbine (Eng.),https://archive.bsi.gov.in/echoHerbarium-Details/en?link=CAL0000009948&column=szBarcode,BSI_Medicinal_Plant_Database (1).csv
139,Arachis hypogaea L.,FABACEAE,Mung-phali,https://archive.bsi.gov.in/echoHerbarium-Details/en?link=CAL0000003685&column=szBarcode,BSI_Medicinal_Plant_Database (1).csv
140,Arachne cordifolia (Decne.) Hurus.,EUPHORBIACEAE,"Bharti, Bhartoi",https://archive.bsi.gov.in/echoHerbarium-Details/en?link=CAL0000008959&column=szBarcode,BSI_Medicinal_Plant_Database (1).csv
141,Arctium lappa L.,ASTERACEAE,"Jangli Kuth, Burdock (Eng.)",https://archive.bsi.gov.in/echoHerbarium-Details/en?link=CAL0000013628&column=szBarcode,BSI_Medicinal_Plant_Database (1).csv
142,Ardisia solanacea (Poir.) Roxb.,MYRSINACEAE,Dhan-priya,https://archive.bsi.gov.in/echoHerbarium-Details/en?link=CAL0000009223&column=szBarcode,BSI_Medicinal_Plant_Database (1).csv
143,Areca catechu L.,ARECACEAE,"Supari, Chaali",https://archive.bsi.gov.in/echoHerbarium-Details/en?link=CAL0000003212&column=szBarcode,BSI_Medicinal_Plant_Database (1).csv
144,Areca triandra Roxb. ex Buch.-Ham.,ARECACEAE,wild areca palm (Eng.),https://archive.bsi.gov.in/echoHerbarium-Details/en?link=CAL0000003213&column=szBarcode,BSI_Medicinal_Plant_Database (1).csv
145,Arenga saccharifera Labill.,ARECACEAE,Sugar palm (Eng.),https://archive.bsi.gov.in/echoHerbarium-Details/en?link=CAL0000003211&column=szBarcode,BSI_Medicinal_Plant_Database (1).csv
146,Argemone mexicana L.,PAPAVERACEAE,Bharbhand,https://archive.bsi.gov.in/echoHerbarium-Details/en?link=CAL0000003773&column=szBarcode,BSI_Medicinal_Plant_Database (1).csv
147,Argyreia cuneata (Willd.) Ker.-Gawl,CONVOLVULACEAE,Mhalungi (Mar.),https://archive.bsi.gov.in/echoHerbarium-Details/en?link=CAL0000009690&column=szBarcode,BSI_Medicinal_Plant_Database (1).csv
148,Argyreia imbricata (Roth) Santapau & V.Patel,CONVOLVULACEAE,Errakuta (Tel.),https://archive.bsi.gov.in/echoHerbarium-Details/en?link=CAL0000009695&column=szBarcode,BSI_Medicinal_Plant_Database (1).csv
149,Argyreia nervosa (Burm.f.) Boj.,CONVOLVULACEAE,"Samudrasokha, Ghavapatta",https://archive.bsi.gov.in/echoHerbarium-Details/en?link=CAL0000009693&column=szBarcode,BSI_Medicinal_Plant_Database (1).csv
150,Arisaema leschenaultii Blume,ARACEAE,Pambucholam (Malayalam),https://archive.bsi.gov.in/echoHerbarium-Details/en?link=CAL0000003226&column=szBarcode,BSI_Medicinal_Plant_Database (1).csv
151,Arisaema speciosum (Wall.) Mart.,ARACEAE,"Samo-ki-khumb, Kiralu( Punjab)",https://archive.bsi.gov.in/echoHerbarium-Details/en?link=CAL0000003225&column=szBarcode,BSI_Medicinal_Plant_Database (1).csv
152,Arisaema tortuosum (Wall.) Schott,ARACEAE,"Bagh Jandhra, Lin Cheisu (Manipuri)",https://archive.bsi.gov.in/echoHerbarium-Details/en?link=CAL0000003227&column=szBarcode,BSI_Medicinal_Plant_Database (1).csv
153,Aristida depressa Retz.,POACEAE,sixweeks threeawn (Eng.),https://archive.bsi.gov.in/echoHerbarium-Details/en?link=CAL0000003186&column=szBarcode,BSI_Medicinal_Plant_Database (1).csv
154,Aristolochia bracteolata Lam.,ARISTOLOCHIACEAE,Kitamari,https://archive.bsi.gov.in/echoHerbarium-Details/en?link=CAL0000008873&column=szBarcode,BSI_Medicinal_Plant_Database (1).csv
155,Aristolochia indica L.,ARISTOLOCHIACEAE,Ishvari mul (Sans.),https://archive.bsi.gov.in/echoHerbarium-Details/en?link=CAL0000008869&column=szBarcode,BSI_Medicinal_Plant_Database (1).csv
156,Aristolochia tagala Chem.,ARISTOLOCHIACEAE,Nallayiswari (Tel.),https://archive.bsi.gov.in/echoHerbarium-Details/en?link=CAL0000008872&column=szBarcode,BSI_Medicinal_Plant_Database (1).csv
157,Arnebia benthamii (Wall.ex G. Don) Johnston,BORAGINACEAE,Kashmiri kahzaban (Kashmir),https://archive.bsi.gov.in/echoHerbarium-Details/en?link=CAL0000009724&column=szBarcode,BSI_Medicinal_Plant_Database (1).csv
158,Arnebia euchroma (Royle) Johnston,BORAGINACEAE,"Laljiri (Garhwal), Aam (Ladh.)",https://archive.bsi.gov.in/echoHerbarium-Details/en?link=CAL0000013156&column=szBarcode,BSI_Medicinal_Plant_Database (1).csv
159,Arnica montana L.,ASTERACEAE,Leopard's bane (Eng.),https://archive.bsi.gov.in/echoHerbarium-Details/en?link=CAL0000013629&column=szBarcode,BSI_Medicinal_Plant_Database (1).csv
160,Artabotrys hexapetalus (L.f.) Bhandari,ANNONACEAE,Hara Champaka (Sans.),https://archive.bsi.gov.in/echoHerbarium-Details/en?link=CAL0000014000&column=szBarcode,BSI_Medicinal_Plant_Database (1).csv
161,Artabotrys suaveolens Blume,ANNONACEAE,Koluvaravalli (Mal.),https://archive.bsi.gov.in/echoHerbarium-Details/en?link=CAL0000009913&column=szBarcode,BSI_Medicinal_Plant_Database (1).csv
162,Artanema longifolium (L). Vatke,SCROPHULARIACEAE,Kokilaksha (Sans.),https://archive.bsi.gov.in/echoHerbarium-Details/en?link=CAL0000009675&column=szBarcode,BSI_Medicinal_Plant_Database (1).csv
163,Artemisia absynthium L.,ASTERACEAE,Vilayathi afsanthin,https://archive.bsi.gov.in/echoHerbarium-Details/en?link=CAL0000013630&column=szBarcode,BSI_Medicinal_Plant_Database (1).csv
164,Artemisia dracunculcus L.,ASTERACEAE,Dragon Mugwort (Eng.),https://archive.bsi.gov.in/echoHerbarium-Details/en?link=CAL0000013151&column=szBarcode,BSI_Medicinal_Plant_Database (1).csv
165,Artemisia indica Willd.,ASTERACEAE,Nagdona (Hindi),https://archive.bsi.gov.in/echoHerbarium-Details/en?link=CAL0000013148&column=szBarcode,BSI_Medicinal_Plant_Database (1).csv
166,Artemisia maritima L.,ASTERACEAE,Kirmala,https://archive.bsi.gov.in/echoHerbarium-Details/en?link=CAL0000013634&column=szBarcode,BSI_Medicinal_Plant_Database (1).csv
167,Artemisia nilagirica (C.B.Clarke) Pamp.,ASTERACEAE,Nagdona,https://archive.bsi.gov.in/echoHerbarium-Details/en?link=CAL0000013641&column=szBarcode,BSI_Medicinal_Plant_Database (1).csv
168,Artemisia persica Boiss.,ASTERACEAE,Pardesi davano (Guj.),https://archive.bsi.gov.in/echoHerbarium-Details/en?link=CAL0000013635&column=szBarcode,BSI_Medicinal_Plant_Database (1).csv
169,Artemisia roxburghiana Wall. ex. Besser,ASTERACEAE,Roxburgh's Wormwood (Eng.),https://archive.bsi.gov.in/echoHerbarium-Details/en?link=CAL0000013636&column=szBarcode,BSI_Medicinal_Plant_Database (1).csv
170,Artemisia sacrorum Ledeb.,ASTERACEAE,Burmack (Ladakh),https://archive.bsi.gov.in/echoHerbarium-Details/en?link=CAL0000013637&column=szBarcode,BSI_Medicinal_Plant_Database (1).csv
171,Artemisia scoparia Waldst. & Kit.,ASTERACEAE,"Seeta-bani, Jhau",https://archive.bsi.gov.in/echoHerbarium-Details/en?link=CAL0000013639&column=szBarcode,BSI_Medicinal_Plant_Database (1).csv
172,Artemisia sivarsiana Ehrh. Ex. Willd.,ASTERACEAE,Kaadu davana (Kan.),https://archive.bsi.gov.in/echoHerbarium-Details/en?link=CAL0000013640&column=szBarcode,BSI_Medicinal_Plant_Database (1).csv
173,Arthrocnemum indicum (Willd.) Moq.,CHENOPODIACEAE,Machola,https://archive.bsi.gov.in/echoHerbarium-Details/en?link=CAL0000009909&column=szBarcode,BSI_Medicinal_Plant_Database (1).csv
174,Artocarpus heterophyllus Lam.,MORACEAE,Kathal,https://archive.bsi.gov.in/echoHerbarium-Details/en?link=CAL0000009768&column=szBarcode,BSI_Medicinal_Plant_Database (1).csv
175,Artocarpus lakoocha Roxb.,MORACEAE,Barhal,https://archive.bsi.gov.in/echoHerbarium-Details/en?link=CAL0000009767&column=szBarcode,BSI_Medicinal_Plant_Database (1).csv
176,Arundo donax L.,POACEAE,Bara nal,https://archive.bsi.gov.in/echoHerbarium-Details/en?link=CAL0000003195&column=szBarcode,BSI_Medicinal_Plant_Database (1).csv
177,Asclepias curassavica L.,ASCLEPIADACEAE,"Kakatundi, Kakanasika",https://archive.bsi.gov.in/echoHerbarium-Details/en?link=CAL0000009261&column=szBarcode,BSI_Medicinal_Plant_Database (1).csv
178,Asparagus adscendens Roxb.,LILIACEAE,Satavar,https://archive.bsi.gov.in/echoHerbarium-Details/en?link=CAL0000003097&column=szBarcode,BSI_Medicinal_Plant_Database (1).csv
179,Asparagus filicinus Buch.-Ham ex D. Don,LILIACEAE,Allipalli (Punj.),https://archive.bsi.gov.in/echoHerbarium-Details/en?link=CAL0000003099&column=szBarcode,BSI_Medicinal_Plant_Database (1).csv
180,Asparagus gonocladus Baker,LILIACEAE,Sadaveri (Local name),https://archive.bsi.gov.in/echoHerbarium-Details/en?link=CAL0000003100&column=szBarcode,BSI_Medicinal_Plant_Database (1).csv
181,Asparagus officinalis L.,LILIACEAE,"Marchuba, Paragus, Vilayati Karua, Nakdown, Margiyeh, Halyun",https://archive.bsi.gov.in/echoHerbarium-Details/en?link=CAL0000003101&column=szBarcode,BSI_Medicinal_Plant_Database (1).csv
182,Asparagus racemosus Willd.,LILIACEAE,"Satawar, Satmuli (Beng.)",https://archive.bsi.gov.in/echoHerbarium-Details/en?link=CAL0000003098&column=szBarcode,BSI_Medicinal_Plant_Database (1).csv
183,Asplenium adiantum-nigrum L.,ASPLENIACEAE,Black Spleenwort (Eng.),https://archive.bsi.gov.in/echoHerbarium-Details/en?link=CAL0000003266&column=szBarcode,BSI_Medicinal_Plant_Database (1).csv
184,Astragalus strobiliferus Royle ex Benth.,FABACEAE,Garmezu (Chitral),https://archive.bsi.gov.in/echoHerbarium-Details/en?link=CAL0000003696&column=szBarcode,BSI_Medicinal_Plant_Database (1).csv
185,Astragalus tribuloides Delile,FABACEAE,Ogai (Punjab),https://archive.bsi.gov.in/echoHerbarium-Details/en?link=CAL0000003695&column=szBarcode,BSI_Medicinal_Plant_Database (1).csv
186,Asystasia gangetica (L.) T.Anderson,ACANTHACEAE,Lavana-valli (Sans.),https://archive.bsi.gov.in/echoHerbarium-Details/en?link=CAL0000009040&column=szBarcode,BSI_Medicinal_Plant_Database (1).csv
187,Atriplex hortensis L.,CHENOPODIACEAE,"Korake, Surake",https://archive.bsi.gov.in/echoHerbarium-Details/en?link=CAL0000009906&column=szBarcode,BSI_Medicinal_Plant_Database (1).csv
188,Atropa acuminata Royle,SOLANACEAE,Indian Atropa (Eng.),https://archive.bsi.gov.in/echoHerbarium-Details/en?link=CAL0000009682&column=szBarcode,BSI_Medicinal_Plant_Database (1).csv
189,Atropa belladona L.,SOLANACEAE,Angur Shefa,https://archive.bsi.gov.in/echoHerbarium-Details/en?link=CAL0000009683&column=szBarcode,BSI_Medicinal_Plant_Database (1).csv
190,Atylosia scrabaeoides (L.) Benth.,FABACEAE,"Bnkulthi, Birghore (Local names)",https://archive.bsi.gov.in/echoHerbarium-Details/en?link=CAL0000003618&column=szBarcode,BSI_Medicinal_Plant_Database (1).csv
191,Avena fatua L.,POACEAE,Common wild oat (Eng.),https://archive.bsi.gov.in/echoHerbarium-Details/en?link=CAL0000003189&column=szBarcode,BSI_Medicinal_Plant_Database (1).csv
192,Avena sativa L.,POACEAE,Common Oat (Eng.),https://archive.bsi.gov.in/echoHerbarium-Details/en?link=CAL0000003190&column=szBarcode,BSI_Medicinal_Plant_Database (1).csv
193,Averrhoa bilimbi L.,OXALIDACEAE,Tree Sorrel (Eng.),https://archive.bsi.gov.in/echoHerbarium-Details/en?link=CAL0000013456&column=szBarcode,BSI_Medicinal_Plant_Database (1).csv
194,Avicennia officinalis L.,VERBENACEAE,Bina,https://archive.bsi.gov.in/echoHerbarium-Details/en?link=CAL0000009085&column=szBarcode,BSI_Medicinal_Plant_Database (1).csv
195,Azadirachta indica (L.) A.Juss.,MELIACEAE,Nim,https://archive.bsi.gov.in/echoHerbarium-Details/en?link=CAL0000009901&column=szBarcode,BSI_Medicinal_Plant_Database (1).csv
196,Azanza lampas (Cav.) Alef.,MALVACEAE,"Jangli bhendi, Bankapasi",https://archive.bsi.gov.in/echoHerbarium-Details/en?link=CAL0000013835&column=szBarcode,BSI_Medicinal_Plant_Database (1).csv
197,Azima tetracantha Lam.,SALVADORACEAE,Kantagur-kamai,https://archive.bsi.gov.in/echoHerbarium-Details/en?link=CAL0000009288&column=szBarcode,BSI_Medicinal_Plant_Database (1).csv
198,Bacopa monnieri (L.) Pennell,SCROPHULARIACEAE,Nira-brahmi,https://archive.bsi.gov.in/echoHerbarium-Details/en?link=CAL0000009676&column=szBarcode,BSI_Medicinal_Plant_Database (1).csv
199,Balanites aegyptiaca (L.) Delile,BALANITACEAE,"Hingan, Hingot",https://archive.bsi.gov.in/echoHerbarium-Details/en?link=CAL0000013478&column=szBarcode,BSI_Medicinal_Plant_Database (1).csv
200,Baliospermum montanum (Willd.) Muell.Arg.,EUPHORBIACEAE,Danti,https://archive.bsi.gov.in/echoHerbarium-Details/en?link=CAL0000008983&column=szBarcode,BSI_Medicinal_Plant_Database (1).csv
1001,Kedrostis rostrata (Rottl.) Cogn.,CUCURBITACEAE,Kukumadunda (Tel.),https://archive.bsi.gov.in/echoHerbarium-Details/en?link=CAL0000009425&column=szBarcode,BSI_Medicinal_Plant_Database (10).csv
1002,Kendelia rheedii Wight & Arn.,RHIZOPHORACEAE,Goria (Beng.),https://archive.bsi.gov.in/echoHerbarium-Details/en?link=CAL0000009442&column=szBarcode,BSI_Medicinal_Plant_Database (10).csv
1003,Kickxia ramosissima (Wall.) Janch.,SCROPHULARIACEAE,Bhintgalodi (Guj.),https://archive.bsi.gov.in/echoHerbarium-Details/en?link=CAL0000013273&column=szBarcode,BSI_Medicinal_Plant_Database (10).csv
1004,Kigelia pinnata (Jacq.) DC.,BIGNONIACEAE,Common Sausage Tree (Eng.),https://archive.bsi.gov.in/echoHerbarium-Details/en?link=CAL0000009134&column=szBarcode,BSI_Medicinal_Plant_Database (10).csv
1005,Kingiodendron pinnatum (Roxb. ex DC.) Harms.,CAESALPINIACEAE,Madayan samprani (Tam.),https://archive.bsi.gov.in/echoHerbarium-Details/en?link=CAL0000003288&column=szBarcode,BSI_Medicinal_Plant_Database (10).csv
1006,Kirganelia reticulata (Poir.) Baill.,EUPHORBIACEAE,"Panjuli, Makhi",https://archive.bsi.gov.in/echoHerbarium-Details/en?link=CAL0000008809&column=szBarcode,BSI_Medicinal_Plant_Database (10).csv
1007,Kleinhovia hospita L.,STERCULIACEAE,Bola (Beng.),https://archive.bsi.gov.in/echoHerbarium-Details/en?link=CAL0000013940&column=szBarcode,BSI_Medicinal_Plant_Database (10).csv
1008,Knema angustifolia (Roxb.) Warb.,MYRISTICACEAE,Mota-pasuti (Assam),https://archive.bsi.gov.in/echoHerbarium-Details/en?link=CAL0000008537&column=szBarcode,BSI_Medicinal_Plant_Database (10).csv
1009,Kochia indica Wight,CHENOPODIACEAE,Kaura-ro (Punjab),https://archive.bsi.gov.in/echoHerbarium-Details/en?link=CAL0000013365&column=szBarcode,BSI_Medicinal_Plant_Database (10).csv
1010,Kochia scoparia (L.) Schrad.,CHENOPODIACEAE,Ti Fu (Chinese),https://archive.bsi.gov.in/echoHerbarium-Details/en?link=CAL0000013367&column=szBarcode,BSI_Medicinal_Plant_Database (10).csv
1011,Kokoona zeylanica Thwaites,CELASTRACEAE,Kokum (Ceylon),https://archive.bsi.gov.in/echoHerbarium-Details/en?link=CAL0000003367&column=szBarcode,BSI_Medicinal_Plant_Database (10).csv
1012,Krameria triandra Ruiz & Pav.,POLYGALACEAE,Ratanya (Malay),https://archive.bsi.gov.in/echoHerbarium-Details/en?link=CAL0000013086&column=szBarcode,BSI_Medicinal_Plant_Database (10).csv
1013,Kydia calycina Roxb.,MALVACEAE,"Pula, Choupultea",https://archive.bsi.gov.in/echoHerbarium-Details/en?link=CAL0000013840&column=szBarcode,BSI_Medicinal_Plant_Database (10).csv
1014,Kyllinga brevifolia Rottb.,CYPERACEAE,Nirbisi,https://archive.bsi.gov.in/echoHerbarium-Details/en?link=CAL0000003237&column=szBarcode,BSI_Medicinal_Plant_Database (10).csv
1015,Kyllinga nemoralis (Forst.) Dandy ex Hutcins. & Dalziel,CYPERACEAE,White water sedge (Eng.),https://archive.bsi.gov.in/echoHerbarium-Details/en?link=CAL0000003238&column=szBarcode,BSI_Medicinal_Plant_Database (10).csv
1016,Lablab purpureus (L.) Sweet,FABACEAE,"Bhatvas, Shimi",https://archive.bsi.gov.in/echoHerbarium-Details/en?link=CAL0000003294&column=szBarcode,BSI_Medicinal_Plant_Database (10).csv
1017,Lactuca indica L.,ASTERACEAE,Salad,https://archive.bsi.gov.in/echoHerbarium-Details/en?link=CAL0000009363&column=szBarcode,BSI_Medicinal_Plant_Database (10).csv
1018,Lactuca remotiflora DC.,ASTERACEAE,Undirachakan (Mar.),https://archive.bsi.gov.in/echoHerbarium-Details/en?link=CAL0000009360&column=szBarcode,BSI_Medicinal_Plant_Database (10).csv
1019,Lactuca runcinata DC.,ASTERACEAE,Undirachakan (Mar.),https://archive.bsi.gov.in/echoHerbarium-Details/en?link=CAL0000009364&column=szBarcode,BSI_Medicinal_Plant_Database (10).csv
1020,Lactuca sativa L.,ASTERACEAE,"Kahu, Salad",https://archive.bsi.gov.in/echoHerbarium-Details/en?link=CAL0000009362&column=szBarcode,BSI_Medicinal_Plant_Database (10).csv
1021,Lactuca scariola L.,ASTERACEAE,Kahu,https://archive.bsi.gov.in/echoHerbarium-Details/en?link=CAL0000009361&column=szBarcode,BSI_Medicinal_Plant_Database (10).csv
1022,Lagenandra toxicaria Dalzell,ARACEAE,Maravara tsjembu (Tam.),https://archive.bsi.gov.in/echoHerbarium-Details/en?link=CAL0000002992&column=szBarcode,BSI_Medicinal_Plant_Database (10).csv
1023,Lagenaria siceraria (Molina) Standl.,CUCURBITACEAE,"Kaddu, Lauki",https://archive.bsi.gov.in/echoHerbarium-Details/en?link=CAL0000009410&column=szBarcode,BSI_Medicinal_Plant_Database (10).csv
1024,Lagerstroemia indica L.,LYTHRACEAE,"Pharash, Telingachina",https://archive.bsi.gov.in/echoHerbarium-Details/en?link=CAL0000009444&column=szBarcode,BSI_Medicinal_Plant_Database (10).csv
1025,Lagerstroemia speciosa (L.) Pers.,LYTHRACEAE,Jarul,https://archive.bsi.gov.in/echoHerbarium-Details/en?link=CAL0000009443&column=szBarcode,BSI_Medicinal_Plant_Database (10).csv
1026,Lallemantia royleana (Wall. ex Benth.) Benth.,LAMIACEAE,"Gharei, Kashmalu",https://archive.bsi.gov.in/echoHerbarium-Details/en?link=CAL0000013217&column=szBarcode,BSI_Medicinal_Plant_Database (10).csv
1027,Laminaria saccharina Lam.,PHAEOPHYCEAE,Sea belt (Eng.),https://archive.bsi.gov.in/echoHerbarium-Details/en?link=CAL0000008572&column=szBarcode,BSI_Medicinal_Plant_Database (10).csv
1028,Lamium album L.,LAMIACEAE,White Deadnettle (Eng.),https://archive.bsi.gov.in/echoHerbarium-Details/en?link=CAL0000008645&column=szBarcode,BSI_Medicinal_Plant_Database (10).csv
1029,Lamium amplexicaule L.,LAMIACEAE,Henbit (Eng.),https://archive.bsi.gov.in/echoHerbarium-Details/en?link=CAL0000008646&column=szBarcode,BSI_Medicinal_Plant_Database (10).csv
1030,Lamprachaenium microcephalum Benth.,ASTERACEAE,Brahma-dandi (Bombay),https://archive.bsi.gov.in/echoHerbarium-Details/en?link=CAL0000009316&column=szBarcode,BSI_Medicinal_Plant_Database (10).csv
1031,Lannea coromandelica (Houtt.) Merr.,ASTERACEAE,"Jhingan, Kaimil",https://archive.bsi.gov.in/echoHerbarium-Details/en?link=CAL0000003380&column=szBarcode,BSI_Medicinal_Plant_Database (10).csv
1032,Lasia spinosa (L.) Thwaites,ARACEAE,Kanta kachu (Beng.),https://archive.bsi.gov.in/echoHerbarium-Details/en?link=CAL0000013134&column=szBarcode,BSI_Medicinal_Plant_Database (10).csv
1033,Lathyrus aphaca L.,FABACEAE,Janglimatar,https://archive.bsi.gov.in/echoHerbarium-Details/en?link=CAL0000003326&column=szBarcode,BSI_Medicinal_Plant_Database (10).csv
1034,Lathyrus odoratus L.,FABACEAE,Sweet Pea (Eng.),https://archive.bsi.gov.in/echoHerbarium-Details/en?link=CAL0000003322&column=szBarcode,BSI_Medicinal_Plant_Database (10).csv
1035,Lathyrus pratensis L.,FABACEAE,Meadow vetchling (Eng.),https://archive.bsi.gov.in/echoHerbarium-Details/en?link=CAL0000003325&column=szBarcode,BSI_Medicinal_Plant_Database (10).csv
1036,Lathyrus sativus L.,FABACEAE,"Khesari, Latri",https://archive.bsi.gov.in/echoHerbarium-Details/en?link=CAL0000003324&column=szBarcode,BSI_Medicinal_Plant_Database (10).csv
1037,Lathyrus sphaericus Retz.,FABACEAE,Red grass pea (Eng.),https://archive.bsi.gov.in/echoHerbarium-Details/en?link=CAL0000003323&column=szBarcode,BSI_Medicinal_Plant_Database (10).csv
1038,Launaea asplenifolia (Willd.) Hook.f.,ASTERACEAE,Titlia,https://archive.bsi.gov.in/echoHerbarium-Details/en?link=CAL0000009359&column=szBarcode,BSI_Medicinal_Plant_Database (10).csv
1039,Launaea resedifolia (L.) Kuntze,ASTERACEAE,Divided-leaved Sow Thistle (eng.),https://archive.bsi.gov.in/echoHerbarium-Details/en?link=CAL0000009355&column=szBarcode,BSI_Medicinal_Plant_Database (10).csv
1040,Launaea sarmentosa (Willd.) Alston,ASTERACEAE,Sagar pathari (Mar.),https://archive.bsi.gov.in/echoHerbarium-Details/en?link=CAL0000009357&column=szBarcode,BSI_Medicinal_Plant_Database (10).csv
1041,Laurentia longiflora (L.) Endl.,CAMPANULACEAE,Madam Fate (Eng.),https://archive.bsi.gov.in/echoHerbarium-Details/en?link=CAL0000009656&column=szBarcode,BSI_Medicinal_Plant_Database (10).csv
1042,Lavandula bipinnata (Roth) Kuntze,LAMIACEAE,"Sarpnocharo, Aasmanifalgoto (Guj.)",https://archive.bsi.gov.in/echoHerbarium-Details/en?link=CAL0000008736&column=szBarcode,BSI_Medicinal_Plant_Database (10).csv
1043,Lavandula stoechas L.,LAMIACEAE,Dharu,https://archive.bsi.gov.in/echoHerbarium-Details/en?link=CAL0000008738&column=szBarcode,BSI_Medicinal_Plant_Database (10).csv
1044,Lavandula vera DC.,LAMIACEAE,True Lavender (Eng.),https://archive.bsi.gov.in/echoHerbarium-Details/en?link=CAL0000008674&column=szBarcode,BSI_Medicinal_Plant_Database (10).csv
1045,Lawsonia inermis L.,LYTHRACEAE,Mehndi,https://archive.bsi.gov.in/echoHerbarium-Details/en?link=CAL0000009446&column=szBarcode,BSI_Medicinal_Plant_Database (10).csv
1046,Leea aequata L.,LEEACEAE,Kakajangha,https://archive.bsi.gov.in/echoHerbarium-Details/en?link=CAL0000003390&column=szBarcode,BSI_Medicinal_Plant_Database (10).csv
1047,Leea crispa L.,LEEACEAE,Banchalita (Beng.),https://archive.bsi.gov.in/echoHerbarium-Details/en?link=CAL0000003391&column=szBarcode,BSI_Medicinal_Plant_Database (10).csv
1048,Leea indica (Burm.f.) Merr.,LEEACEAE,Kukur-jihwa,https://archive.bsi.gov.in/echoHerbarium-Details/en?link=CAL0000003389&column=szBarcode,BSI_Medicinal_Plant_Database (10).csv
1049,Leea macrophylla Roxb. ex Hornem.,LEEACEAE,Dholsamudra,https://archive.bsi.gov.in/echoHerbarium-Details/en?link=CAL0000003392&column=szBarcode,BSI_Medicinal_Plant_Database (10).csv
1050,Lens culinaris Medik.,FABACEAE,"Masur, Masser",https://archive.bsi.gov.in/echoHerbarium-Details/en?link=CAL0000003411&column=szBarcode,BSI_Medicinal_Plant_Database (10).csv
1051,Leonotis nepetaiefolia R.Br.,LAMIACEAE,Hejurchei,https://archive.bsi.gov.in/echoHerbarium-Details/en?link=CAL0000008727&column=szBarcode,BSI_Medicinal_Plant_Database (10).csv
1052,Leonurus cardiaca L.,LAMIACEAE,Common Motherwort (Eng.),https://archive.bsi.gov.in/echoHerbarium-Details/en?link=CAL0000008650&column=szBarcode,BSI_Medicinal_Plant_Database (10).csv
1053,Leonurus sibiricus L.,LAMIACEAE,Halkusha,https://archive.bsi.gov.in/echoHerbarium-Details/en?link=CAL0000008648&column=szBarcode,BSI_Medicinal_Plant_Database (10).csv
1054,Lepidagathis cristata Willd.,ACANTHACEAE,Bhuiterada (Mar.),https://archive.bsi.gov.in/echoHerbarium-Details/en?link=CAL0000013327&column=szBarcode,BSI_Medicinal_Plant_Database (10).csv
1055,Lepidagathis hamiltoniana Wall.,ACANTHACEAE,Agnikhair (Mundari),https://archive.bsi.gov.in/echoHerbarium-Details/en?link=CAL0000013325&column=szBarcode,BSI_Medicinal_Plant_Database (10).csv
1056,Lepidagathis incurva Buch.-Ham. ex D.Don,ACANTHACEAE,Vangvattur (Mizoram),https://archive.bsi.gov.in/echoHerbarium-Details/en?link=CAL0000013323&column=szBarcode,BSI_Medicinal_Plant_Database (10).csv
1057,Lepidagathis trinervis Nees,ACANTHACEAE,Harancharo (Guj.),https://archive.bsi.gov.in/echoHerbarium-Details/en?link=CAL0000013305&column=szBarcode,BSI_Medicinal_Plant_Database (10).csv
1058,Lepidium iberis L.,BRASSICACEAE,Safed towdri,https://archive.bsi.gov.in/echoHerbarium-Details/en?link=CAL0000013862&column=szBarcode,BSI_Medicinal_Plant_Database (10).csv
1059,Lepidium latifolium L.,BRASSICACEAE,Gonyuch (Ladhak),https://archive.bsi.gov.in/echoHerbarium-Details/en?link=CAL0000013866&column=szBarcode,BSI_Medicinal_Plant_Database (10).csv
1060,Lepidium sativum L.,BRASSICACEAE,"Halim, Harf",https://archive.bsi.gov.in/echoHerbarium-Details/en?link=CAL0000013867&column=szBarcode,BSI_Medicinal_Plant_Database (10).csv
1061,Leptadenia reticulata (Retz.) Wight & Arn.,ASCLEPIADACEAE,Dodi,https://archive.bsi.gov.in/echoHerbarium-Details/en?link=CAL0000009477&column=szBarcode,BSI_Medicinal_Plant_Database (10).csv
1062,Leucaena glauca (L.) Benth.,MIMOSACEAE,Lasobaval (Guj.),https://archive.bsi.gov.in/echoHerbarium-Details/en?link=CAL0000003460&column=szBarcode,BSI_Medicinal_Plant_Database (10).csv
1063,Leucas aspera (Willd.) Link,LAMIACEAE,Safed Halkusa,https://archive.bsi.gov.in/echoHerbarium-Details/en?link=CAL0000008725&column=szBarcode,BSI_Medicinal_Plant_Database (10).csv
1064,Leucas cephalotus (Roth.) Spreng.,LAMIACEAE,"Dhurpi sag, Deldona",https://archive.bsi.gov.in/echoHerbarium-Details/en?link=CAL0000013343&column=szBarcode,BSI_Medicinal_Plant_Database (10).csv
1065,Leucas lavandulifolia Sm.,LAMIACEAE,"Guma, Halkusa",https://archive.bsi.gov.in/echoHerbarium-Details/en?link=CAL0000008718&column=szBarcode,BSI_Medicinal_Plant_Database (10).csv
1066,Leucas stelligera Wall.,LAMIACEAE,Barumbi (Mar.),https://archive.bsi.gov.in/echoHerbarium-Details/en?link=CAL0000013345&column=szBarcode,BSI_Medicinal_Plant_Database (10).csv
1067,Leucas zeylanica R.Br.,LAMIACEAE,Mudittumbei (Ceylon),https://archive.bsi.gov.in/echoHerbarium-Details/en?link=CAL0000008723&column=szBarcode,BSI_Medicinal_Plant_Database (10).csv
1068,Licuala spinosa Wurmb.,ARECACEAE,Jungli selai,https://archive.bsi.gov.in/echoHerbarium-Details/en?link=CAL0000002946&column=szBarcode,BSI_Medicinal_Plant_Database (10).csv
1069,Lilium giganteum Wall.,LILIACEAE,Jaunsar-Giotra,https://archive.bsi.gov.in/echoHerbarium-Details/en?link=CAL0000002958&column=szBarcode,BSI_Medicinal_Plant_Database (10).csv
1070,Lilium martagon L.,LILIACEAE,Turk's Cap Lily (Eng.),https://archive.bsi.gov.in/echoHerbarium-Details/en?link=CAL0000013138&column=szBarcode,BSI_Medicinal_Plant_Database (10).csv
1071,Lilium tigrinum Ker Gawl.,LILIACEAE,Tiger Lily (Eng.),https://archive.bsi.gov.in/echoHerbarium-Details/en?link=CAL0000013137&column=szBarcode,BSI_Medicinal_Plant_Database (10).csv
1072,Lilium wallichianum Schult.f.,LILIACEAE,Findora,https://archive.bsi.gov.in/echoHerbarium-Details/en?link=CAL0000013139&column=szBarcode,BSI_Medicinal_Plant_Database (10).csv
1073,Limnophila aromatica (Lam.) Merr.,SCROPHULARIACEAE,Kuttra,https://archive.bsi.gov.in/echoHerbarium-Details/en?link=CAL0000013258&column=szBarcode,BSI_Medicinal_Plant_Database (10).csv
1074,Limnophila indica (L.) Druce,SCROPHULARIACEAE,Kuttra,https://archive.bsi.gov.in/echoHerbarium-Details/en?link=CAL0000013264&column=szBarcode,BSI_Medicinal_Plant_Database (10).csv
1075,Limnophila rugosa (Roth) Merr.,SCROPHULARIACEAE,Kala karpur (Beng.),https://archive.bsi.gov.in/echoHerbarium-Details/en?link=CAL0000013257&column=szBarcode,BSI_Medicinal_Plant_Database (10).csv
1076,Limonia acidissima L.,RUTACEAE,"Kavat, Kadbel (Beng.)",https://archive.bsi.gov.in/echoHerbarium-Details/en?link=CAL0000013490&column=szBarcode,BSI_Medicinal_Plant_Database (10).csv
1077,Lindera caudata Benth.,LAURACEAE,Dieng-soh-orthai-dieng-brau-salu(Khasi Hills),https://archive.bsi.gov.in/echoHerbarium-Details/en?link=CAL0000009149&column=szBarcode,BSI_Medicinal_Plant_Database (10).csv
1078,Lindera neesiana (Nees) Kurz,LAURACEAE,Siltimur (Nepal),https://archive.bsi.gov.in/echoHerbarium-Details/en?link=CAL0000009151&column=szBarcode,BSI_Medicinal_Plant_Database (10).csv
1079,Linderbergia indica (L.) Vatke,SCROPHULARIACEAE,Haldi basanto (Beng.),https://archive.bsi.gov.in/echoHerbarium-Details/en?link=CAL0000013266&column=szBarcode,BSI_Medicinal_Plant_Database (10).csv
1080,Lindernia anagallis (Burm.f.) Pennell,SCROPHULARIACEAE,Gadagvel (Mar.),https://archive.bsi.gov.in/echoHerbarium-Details/en?link=CAL0000008762&column=szBarcode,BSI_Medicinal_Plant_Database (10).csv
1081,Lindernia crustacea (L.) F.Muell.,SCROPHULARIACEAE,Malaysian false pimpernel (Eng.),https://archive.bsi.gov.in/echoHerbarium-Details/en?link=CAL0000008769&column=szBarcode,BSI_Medicinal_Plant_Database (10).csv
1082,Lindernia oppositifolia (Retz.) Mukerjee,SCROPHULARIACEAE,Hendegel ba (Mundari),https://archive.bsi.gov.in/echoHerbarium-Details/en?link=CAL0000008767&column=szBarcode,BSI_Medicinal_Plant_Database (10).csv
1083,Lindernia procumbens (Krock.) Philcox,SCROPHULARIACEAE,Vakapushpi (Mar.),https://archive.bsi.gov.in/echoHerbarium-Details/en?link=CAL0000008764&column=szBarcode,BSI_Medicinal_Plant_Database (10).csv
1084,Lindernia ruelloides (Colsm.) Mukherjee,SCROPHULARIACEAE,Sam-tham-lang (Garo),https://archive.bsi.gov.in/echoHerbarium-Details/en?link=CAL0000008766&column=szBarcode,BSI_Medicinal_Plant_Database (10).csv
1085,Linum usitatissimum L.,LINACEAE,"Tisi, Alsi",https://archive.bsi.gov.in/echoHerbarium-Details/en?link=CAL0000013824&column=szBarcode,BSI_Medicinal_Plant_Database (10).csv
1086,Liriodendron tulipifera L.,MAGNOLIACEAE,Yellow popler (Eng.),https://archive.bsi.gov.in/echoHerbarium-Details/en?link=CAL0000013910&column=szBarcode,BSI_Medicinal_Plant_Database (10).csv
1087,Litchi chinensis Sonn.,SAPINDACEAE,Lichi,https://archive.bsi.gov.in/echoHerbarium-Details/en?link=CAL0000003386&column=szBarcode,BSI_Medicinal_Plant_Database (10).csv
1088,Lithospermum arvensis L.,BORAGINACEAE,Corn Gromwell,https://archive.bsi.gov.in/echoHerbarium-Details/en?link=CAL0000009140&column=szBarcode,BSI_Medicinal_Plant_Database (10).csv
1089,Lithospermum officinale L.,BORAGINACEAE,Gromwell,https://archive.bsi.gov.in/echoHerbarium-Details/en?link=CAL0000009139&column=szBarcode,BSI_Medicinal_Plant_Database (10).csv
1090,Litsea cubeba (Lour.) Pers.,LAURACEAE,Mejankeri (Assam),https://archive.bsi.gov.in/echoHerbarium-Details/en?link=CAL0000009157&column=szBarcode,BSI_Medicinal_Plant_Database (10).csv
1091,Litsea lancifolia Hook.f.,LAURACEAE,Kali Pahenle (Nepal),https://archive.bsi.gov.in/echoHerbarium-Details/en?link=CAL0000009148&column=szBarcode,BSI_Medicinal_Plant_Database (10).csv
1092,Litsea monopetala (Roxb.) Pers.,LAURACEAE,"Meda, Katmarra",https://archive.bsi.gov.in/echoHerbarium-Details/en?link=CAL0000009147&column=szBarcode,BSI_Medicinal_Plant_Database (10).csv
1093,Litsea stocksii Hook.f.,LAURACEAE,"Pisi, Posha (Mar.)",https://archive.bsi.gov.in/echoHerbarium-Details/en?link=CAL0000009156&column=szBarcode,BSI_Medicinal_Plant_Database (10).csv
1094,Lobelia inflata L.,LOBELIACEAE,Puke weed (Eng.),https://archive.bsi.gov.in/echoHerbarium-Details/en?link=CAL0000009655&column=szBarcode,BSI_Medicinal_Plant_Database (10).csv
1095,Lobelia leschenaultiana (Presl.) Skottsh.,LOBELIACEAE,Kadu hogesoppu (Kan.),https://archive.bsi.gov.in/echoHerbarium-Details/en?link=CAL0000009540&column=szBarcode,BSI_Medicinal_Plant_Database (10).csv
1096,Lobelia nicotianifolia Roth ex Roem. & Schult.,LOBELIACEAE,"Nala, Narasala",https://archive.bsi.gov.in/echoHerbarium-Details/en?link=CAL0000009534&column=szBarcode,BSI_Medicinal_Plant_Database (10).csv
1097,Lobelia pyramidalis Wall.,LOBELIACEAE,Berawchal (Lushai),https://archive.bsi.gov.in/echoHerbarium-Details/en?link=CAL0000009526&column=szBarcode,BSI_Medicinal_Plant_Database (10).csv
1098,Lolium temulentum L.,POACEAE,Mochni,https://archive.bsi.gov.in/echoHerbarium-Details/en?link=CAL0000013132&column=szBarcode,BSI_Medicinal_Plant_Database (10).csv
1099,Lonicera japonica Thunb.,CAPRIFOLIACEAE,Leihruisen (Lushai),https://archive.bsi.gov.in/echoHerbarium-Details/en?link=CAL0000013192&column=szBarcode,BSI_Medicinal_Plant_Database (10).csv
1100,Lonicera periclymenum L.,CAPRIFOLIACEAE,Woodbine Honeysuckle (Eng.),https://archive.bsi.gov.in/echoHerbarium-Details/en?link=CAL0000013191&column=szBarcode,BSI_Medicinal_Plant_Database (10).csv
1101,Lonicera semenovii Regel.,CAPRIFOLIACEAE,"Shea, Sheva",https://archive.bsi.gov.in/echoHerbarium-Details/en?link=CAL0000009653&column=szBarcode,BSI_Medicinal_Plant_Database (11).csv
1102,Loxococcus rupicola Wendl. & Drude,ARECACEAE,Dothalu (Tam.),https://archive.bsi.gov.in/echoHerbarium-Details/en?link=CAL0000002951&column=szBarcode,BSI_Medicinal_Plant_Database (11).csv
1103,Ludwigia adscendens (L.) Hara,ONAGRACEAE,Kesara-dam,https://archive.bsi.gov.in/echoHerbarium-Details/en?link=CAL0000009432&column=szBarcode,BSI_Medicinal_Plant_Database (11).csv
1104,Ludwigia octovalvis (Jacq.) P.H.Raven,ONAGRACEAE,Banlunga,https://archive.bsi.gov.in/echoHerbarium-Details/en?link=CAL0000009434&column=szBarcode,BSI_Medicinal_Plant_Database (11).csv
1105,Ludwigia perennis L.,ONAGRACEAE,"Sukuri pota, Gara sirgiti (Mundari)",https://archive.bsi.gov.in/echoHerbarium-Details/en?link=CAL0000009435&column=szBarcode,BSI_Medicinal_Plant_Database (11).csv
1106,Ludwigia prostrata Roxb.,ONAGRACEAE,Huring Rangaini (Mundari),https://archive.bsi.gov.in/echoHerbarium-Details/en?link=CAL0000009433&column=szBarcode,BSI_Medicinal_Plant_Database (11).csv
1107,Luffa acutangula (L.) Roxb.,CUCURBITACEAE,"Kali tori, Jhinga tori",https://archive.bsi.gov.in/echoHerbarium-Details/en?link=CAL0000009413&column=szBarcode,BSI_Medicinal_Plant_Database (11).csv
1108,Luffa cylindrica(L.) M.Roem.,CUCURBITACEAE,Ghiya tori,https://archive.bsi.gov.in/echoHerbarium-Details/en?link=CAL0000009411&column=szBarcode,BSI_Medicinal_Plant_Database (11).csv
1109,Luffa echinata Roxb.,CUCURBITACEAE,Bindal,https://archive.bsi.gov.in/echoHerbarium-Details/en?link=CAL0000009415&column=szBarcode,BSI_Medicinal_Plant_Database (11).csv
1110,Luisia tenuifolia Blume,CUCURBITACEAE,Amb-keli (Marathi),https://archive.bsi.gov.in/echoHerbarium-Details/en?link=CAL0000002974&column=szBarcode,BSI_Medicinal_Plant_Database (11).csv
1111,Lumnitzera racemosa Willd.,COMBRETACEAE,Kripa (Beng.),https://archive.bsi.gov.in/echoHerbarium-Details/en?link=CAL0000009553&column=szBarcode,BSI_Medicinal_Plant_Database (11).csv
1112,Lupinus albus L.,FABACEAE,Turmas,https://archive.bsi.gov.in/echoHerbarium-Details/en?link=CAL0000013062&column=szBarcode,BSI_Medicinal_Plant_Database (11).csv
1113,Lupinus angustifolius L.,FABACEAE,Blue Lupine (Eng.),https://archive.bsi.gov.in/echoHerbarium-Details/en?link=CAL0000003293&column=szBarcode,BSI_Medicinal_Plant_Database (11).csv
1114,Lupinus luteus L.,FABACEAE,Yellow Lupine (Eng.),https://archive.bsi.gov.in/echoHerbarium-Details/en?link=CAL0000003292&column=szBarcode,BSI_Medicinal_Plant_Database (11).csv
1115,Luvunga scandens (Roxb.) Buch.-Ham. ex Wight,RUTACEAE,Kakoli (Sans.),https://archive.bsi.gov.in/echoHerbarium-Details/en?link=CAL0000009830&column=szBarcode,BSI_Medicinal_Plant_Database (11).csv
1116,Lychnis coronaria (L.) Desr.,CARYOPHYLLACEAE,Rose Campion (Eng.),https://archive.bsi.gov.in/echoHerbarium-Details/en?link=CAL0000013964&column=szBarcode,BSI_Medicinal_Plant_Database (11).csv
1117,Lycium barbarum L.,SOLANACEAE,Gangro (Mar.),https://archive.bsi.gov.in/echoHerbarium-Details/en?link=CAL0000009185&column=szBarcode,BSI_Medicinal_Plant_Database (11).csv
1118,Lycopodium cernuum L.,LYCOPODIACEAE,Kangrem (Lushai),https://archive.bsi.gov.in/echoHerbarium-Details/en?link=CAL0000008562&column=szBarcode,BSI_Medicinal_Plant_Database (11).csv
1119,Lycopodium clavatum L.,LYCOPODIACEAE,Bendarli (Mar.),https://archive.bsi.gov.in/echoHerbarium-Details/en?link=CAL0000008564&column=szBarcode,BSI_Medicinal_Plant_Database (11).csv
1120,Lycopus europaeus L.,LAMIACEAE,"Jalnim, Gandamgundu (Kashmir & Punjab)",https://archive.bsi.gov.in/echoHerbarium-Details/en?link=CAL0000008706&column=szBarcode,BSI_Medicinal_Plant_Database (11).csv
1121,Lygodium flexuosum (L.) Sw.,LYGODIACEAE,Bhut-raj (Beng.),https://archive.bsi.gov.in/echoHerbarium-Details/en?link=CAL0000008554&column=szBarcode,BSI_Medicinal_Plant_Database (11).csv
1122,Lygodium japonicum (Thunb.) Sw.,LYGODIACEAE,Japanese climbing fern (Eng.),https://archive.bsi.gov.in/echoHerbarium-Details/en?link=CAL0000008551&column=szBarcode,BSI_Medicinal_Plant_Database (11).csv
1123,Lygodium microphyllum (Cav.) R.Br.,LYGODIACEAE,Curalvallipanna (Mal.),https://archive.bsi.gov.in/echoHerbarium-Details/en?link=CAL0000008552&column=szBarcode,BSI_Medicinal_Plant_Database (11).csv
1124,Lyonia ovalifolia (Wall.) Drude,LYGODIACEAE,Angeri (Nepali),https://archive.bsi.gov.in/echoHerbarium-Details/en?link=CAL0000013546&column=szBarcode,BSI_Medicinal_Plant_Database (11).csv
1125,Macaranga denticulata (Blume) Muell.-Arg.,PROTEACEAE,Burna (Beng.),https://archive.bsi.gov.in/echoHerbarium-Details/en?link=CAL0000008770&column=szBarcode,BSI_Medicinal_Plant_Database (11).csv
1126,Macaranga indica Wight,EUPHORBIACEAE,Uppila (Mal.),https://archive.bsi.gov.in/echoHerbarium-Details/en?link=CAL0000008772&column=szBarcode,BSI_Medicinal_Plant_Database (11).csv
1127,Macaranga peltata (Roxb.) Muell.-Arg.,EUPHORBIACEAE,Chanda (Mar.),https://archive.bsi.gov.in/echoHerbarium-Details/en?link=CAL0000008774&column=szBarcode,BSI_Medicinal_Plant_Database (11).csv
1128,Madhuca butyracea (Roxb.) J.F.Macbr.,MORACEAE,Phulvara,https://archive.bsi.gov.in/echoHerbarium-Details/en?link=CAL0000013553&column=szBarcode,BSI_Medicinal_Plant_Database (11).csv
1129,Madhuca longifolia (Koen.) Macbride,SAPOTACEAE,South Indian Mahua (Eng.),https://archive.bsi.gov.in/echoHerbarium-Details/en?link=CAL0000013556&column=szBarcode,BSI_Medicinal_Plant_Database (11).csv
1130,Magnolia grandifolia L.,CAPPARACEAE,"Andachampa, Him champa",https://archive.bsi.gov.in/echoHerbarium-Details/en?link=CAL0000013909&column=szBarcode,BSI_Medicinal_Plant_Database (11).csv
1131,Mahonia borealis Takeda,BERBERIDACEAE,Pualeng (Lushai),https://archive.bsi.gov.in/echoHerbarium-Details/en?link=CAL0000003780&column=szBarcode,BSI_Medicinal_Plant_Database (11).csv
1132,Mahonia sikkimensis Takeda,BERBERIDACEAE,Chatri (Nepal),https://archive.bsi.gov.in/echoHerbarium-Details/en?link=CAL0000004776&column=szBarcode,BSI_Medicinal_Plant_Database (11).csv
1133,Majorana hortensis Moench.,BERBERIDACEAE,Murwa,https://archive.bsi.gov.in/echoHerbarium-Details/en?link=CAL0000008709&column=szBarcode,BSI_Medicinal_Plant_Database (11).csv
1134,Malachra capitata L.,LAMIACEAE,Banbhindi (Beng.),https://archive.bsi.gov.in/echoHerbarium-Details/en?link=CAL0000013839&column=szBarcode,BSI_Medicinal_Plant_Database (11).csv
1135,Mallotus philippensis (Lam.) Muell.Arg.,EUPHORBIACEAE,"Kamala, Sindur",https://archive.bsi.gov.in/echoHerbarium-Details/en?link=CAL0000008801&column=szBarcode,BSI_Medicinal_Plant_Database (11).csv
1136,Malpighia glabra L.,MALPIGHIACEAE,Barbados Cherry (Eng.),https://archive.bsi.gov.in/echoHerbarium-Details/en?link=CAL0000013820&column=szBarcode,BSI_Medicinal_Plant_Database (11).csv
1137,Malpighia punicifolia L.,MALPIGHIACEAE,Vallari (Tel.),https://archive.bsi.gov.in/echoHerbarium-Details/en?link=CAL0000013818&column=szBarcode,BSI_Medicinal_Plant_Database (11).csv
1138,Malus pumila Mill.,MALPIGHIACEAE,"Seb, Sev",https://archive.bsi.gov.in/echoHerbarium-Details/en?link=CAL0000013075&column=szBarcode,BSI_Medicinal_Plant_Database (11).csv
1139,Malus sylvestris Mill.,ROSACEAE,"Gulkhair, Kunzi",https://archive.bsi.gov.in/echoHerbarium-Details/en?link=CAL0000009639&column=szBarcode,BSI_Medicinal_Plant_Database (11).csv
1140,Malva parvifolia L.,ROSACEAE,Panirak,https://archive.bsi.gov.in/echoHerbarium-Details/en?link=CAL0000013831&column=szBarcode,BSI_Medicinal_Plant_Database (11).csv
1141,Malva rotundifolia L.,MALVACEAE,Khubasi,https://archive.bsi.gov.in/echoHerbarium-Details/en?link=CAL0000013830&column=szBarcode,BSI_Medicinal_Plant_Database (11).csv
1142,Malva sylvestris L.,MALVACEAE,"Gulkhair, Kunzi",https://archive.bsi.gov.in/echoHerbarium-Details/en?link=CAL0000013829&column=szBarcode,BSI_Medicinal_Plant_Database (11).csv
1143,Malva verticillata L.,MALVACEAE,"Lapha, Napha (Beng.)",https://archive.bsi.gov.in/echoHerbarium-Details/en?link=CAL0000013832&column=szBarcode,BSI_Medicinal_Plant_Database (11).csv
1144,Malvastrum coromandelianum (L.) Garcke,MALVACEAE,"Kharenti, Chandiri (Mar.)",https://archive.bsi.gov.in/echoHerbarium-Details/en?link=CAL0000013827&column=szBarcode,BSI_Medicinal_Plant_Database (11).csv
1145,Mandragora officinarum L.,CLUSIACEAE,Luckmuna (Hindi),https://archive.bsi.gov.in/echoHerbarium-Details/en?link=CAL0000009138&column=szBarcode,BSI_Medicinal_Plant_Database (11).csv
1146,Mangifera indica L.,ANACARDIACEAE,"Am, Amb",https://archive.bsi.gov.in/echoHerbarium-Details/en?link=CAL0000003452&column=szBarcode,BSI_Medicinal_Plant_Database (11).csv
1147,Manihot esculenta Crantz.,EUPHORBIACEAE,Karrapendalamu (Tel.),https://archive.bsi.gov.in/echoHerbarium-Details/en?link=CAL0000008806&column=szBarcode,BSI_Medicinal_Plant_Database (11).csv
1148,Manilkara hexandra (Roxb.) Dubard,EUPHORBIACEAE,Khirni,https://archive.bsi.gov.in/echoHerbarium-Details/en?link=CAL0000013538&column=szBarcode,BSI_Medicinal_Plant_Database (11).csv
1149,Manilkara kauki (L.) Dubard,SAPOTACEAE,Khirni,https://archive.bsi.gov.in/echoHerbarium-Details/en?link=CAL0000013536&column=szBarcode,BSI_Medicinal_Plant_Database (11).csv
1150,Marrubium vulgare L.,MARANTACEAE,Paharigandana,https://archive.bsi.gov.in/echoHerbarium-Details/en?link=CAL0000013213&column=szBarcode,BSI_Medicinal_Plant_Database (11).csv
1151,Marsdenia roylei Wight,ASCLEPIADACEAE,Murkula,https://archive.bsi.gov.in/echoHerbarium-Details/en?link=CAL0000009485&column=szBarcode,BSI_Medicinal_Plant_Database (11).csv
1152,Marsdenia tenacissima (Roxb.) Moon,ASCLEPIADACEAE,"Jiti, Chiti",https://archive.bsi.gov.in/echoHerbarium-Details/en?link=CAL0000009484&column=szBarcode,BSI_Medicinal_Plant_Database (11).csv
1153,Marsdenia tinctoria R.Br.,ASCLEPIADACEAE,Riyong (North Bengal),https://archive.bsi.gov.in/echoHerbarium-Details/en?link=CAL0000009481&column=szBarcode,BSI_Medicinal_Plant_Database (11).csv
1154,Marsilea minuta L.,MARSILEACEAE,Susnishak (Beng.),https://archive.bsi.gov.in/echoHerbarium-Details/en?link=CAL0000008546&column=szBarcode,BSI_Medicinal_Plant_Database (11).csv
1155,Matricaria chamomilla L.,ASTERACEAE,Babunphul,https://archive.bsi.gov.in/echoHerbarium-Details/en?link=CAL0000009337&column=szBarcode,BSI_Medicinal_Plant_Database (11).csv
1156,Matthiola incana (L.) R.Br.,ASTERACEAE,Todri lila (Punjab.),https://archive.bsi.gov.in/echoHerbarium-Details/en?link=CAL0000013877&column=szBarcode,BSI_Medicinal_Plant_Database (11).csv
1157,Maytenus emarginata (Willd.) Ding Hou,BRASSICACEAE,Henkal (Mar.),https://archive.bsi.gov.in/echoHerbarium-Details/en?link=CAL0000003371&column=szBarcode,BSI_Medicinal_Plant_Database (11).csv
1158,Measa chisia Ham. ex D.Don,CELASTRACEAE,Susi-poma (Assamese),https://archive.bsi.gov.in/echoHerbarium-Details/en?link=CAL0000009551&column=szBarcode,BSI_Medicinal_Plant_Database (11).csv
1159,Measa indica (Roxb.) DC.,MYRSINACEAE,Kramighna Phal,https://archive.bsi.gov.in/echoHerbarium-Details/en?link=CAL0000009550&column=szBarcode,BSI_Medicinal_Plant_Database (11).csv
1160,Measa ramentacea Wall.,MYRSINACEAE,Seketia (Assamese),https://archive.bsi.gov.in/echoHerbarium-Details/en?link=CAL0000009549&column=szBarcode,BSI_Medicinal_Plant_Database (11).csv
1161,Medicago sativa L.,FABACEAE,"Wilayti-gawuth, Lasunghas",https://archive.bsi.gov.in/echoHerbarium-Details/en?link=CAL0000003420&column=szBarcode,BSI_Medicinal_Plant_Database (11).csv
1162,Melanorrhoea usiata Wall.,ANACARDIACEAE,Kheu (Manipur),https://archive.bsi.gov.in/echoHerbarium-Details/en?link=CAL0000008586&column=szBarcode,BSI_Medicinal_Plant_Database (11).csv
1163,Melastoma malabathricum L.,MELASTOMATACEAE,Palore (Mar.),https://archive.bsi.gov.in/echoHerbarium-Details/en?link=CAL0000013506&column=szBarcode,BSI_Medicinal_Plant_Database (11).csv
1164,Melia azedarach L.,MELIACEAE,"Drek, Bakain",https://archive.bsi.gov.in/echoHerbarium-Details/en?link=CAL0000008601&column=szBarcode,BSI_Medicinal_Plant_Database (11).csv
1165,Melilotus alba Medik. ex Desr.,FABACEAE,Safed Senji,https://archive.bsi.gov.in/echoHerbarium-Details/en?link=CAL0000003361&column=szBarcode,BSI_Medicinal_Plant_Database (11).csv
1166,Melilotus indica (L.) All.,FABACEAE,Banmethi,https://archive.bsi.gov.in/echoHerbarium-Details/en?link=CAL0000003362&column=szBarcode,BSI_Medicinal_Plant_Database (11).csv
1167,Melilotus officinalis (L.) Medik. ex Desr.,FABACEAE,Yellow Sweetclover (Eng.),https://archive.bsi.gov.in/echoHerbarium-Details/en?link=CAL0000003360&column=szBarcode,BSI_Medicinal_Plant_Database (11).csv
1168,Melissa axillaris (Benth.) Bakh.f.,LAMIACEAE,Bililotan,https://archive.bsi.gov.in/echoHerbarium-Details/en?link=CAL0000013249&column=szBarcode,BSI_Medicinal_Plant_Database (11).csv
1169,Melochia corchorifolia L.,STERCULIACEAE,Bilpat,https://archive.bsi.gov.in/echoHerbarium-Details/en?link=CAL0000013934&column=szBarcode,BSI_Medicinal_Plant_Database (11).csv
1170,Melodinus monogynus Roxb.,APOCYNACEAE,Soh-brab (Khasi Hills),https://archive.bsi.gov.in/echoHerbarium-Details/en?link=CAL0000009447&column=szBarcode,BSI_Medicinal_Plant_Database (11).csv
1171,Melothria amplexicaulis (Lam.) Cogn.,CUCURBITACEAE,Tarali,https://archive.bsi.gov.in/echoHerbarium-Details/en?link=CAL0000009427&column=szBarcode,BSI_Medicinal_Plant_Database (11).csv
1172,Melothria maderaspatana (L.) Cogn.,CUCURBITACEAE,"Agumaki, Bilari",https://archive.bsi.gov.in/echoHerbarium-Details/en?link=CAL0000009428&column=szBarcode,BSI_Medicinal_Plant_Database (11).csv
1173,Melothria scabra Naudin,CUCURBITACEAE,Varali (Bombay),https://archive.bsi.gov.in/echoHerbarium-Details/en?link=CAL0000009426&column=szBarcode,BSI_Medicinal_Plant_Database (11).csv
1174,Memecylon angustifolium Wight,MELASTOMATACEAE,Vellaikkaya (Tam.),https://archive.bsi.gov.in/echoHerbarium-Details/en?link=CAL0000009640&column=szBarcode,BSI_Medicinal_Plant_Database (11).csv
1175,Memecylon umbellatum Burm.f.,MELASTOMATACEAE,Anjani (Mar.),https://archive.bsi.gov.in/echoHerbarium-Details/en?link=CAL0000013503&column=szBarcode,BSI_Medicinal_Plant_Database (11).csv
1176,Mentha aquatica L.,LAMIACEAE,Water Mint (Eng.),https://archive.bsi.gov.in/echoHerbarium-Details/en?link=CAL0000008694&column=szBarcode,BSI_Medicinal_Plant_Database (11).csv
1177,Mentha arvensis L.,LAMIACEAE,"Podina, Pudina",https://archive.bsi.gov.in/echoHerbarium-Details/en?link=CAL0000008689&column=szBarcode,BSI_Medicinal_Plant_Database (11).csv
1178,Mentha longifolia (L.) Huds.,LAMIACEAE,"Podina, Jungli pudina",https://archive.bsi.gov.in/echoHerbarium-Details/en?link=CAL0000008685&column=szBarcode,BSI_Medicinal_Plant_Database (11).csv
1179,Mentha piperita L.,LAMIACEAE,"Paparaminta, Gamathi",https://archive.bsi.gov.in/echoHerbarium-Details/en?link=CAL0000008691&column=szBarcode,BSI_Medicinal_Plant_Database (11).csv
1180,Mentha pulegium L.,LAMIACEAE,Pudding Grass (Eng.),https://archive.bsi.gov.in/echoHerbarium-Details/en?link=CAL0000008692&column=szBarcode,BSI_Medicinal_Plant_Database (11).csv
1181,Mentha sativa L.,LAMIACEAE,Peppermint (Eng.),https://archive.bsi.gov.in/echoHerbarium-Details/en?link=CAL0000008702&column=szBarcode,BSI_Medicinal_Plant_Database (11).csv
1182,Mentha spicata L.,LAMIACEAE,"Pahari pudina, Pudina",https://archive.bsi.gov.in/echoHerbarium-Details/en?link=CAL0000008687&column=szBarcode,BSI_Medicinal_Plant_Database (11).csv
1183,Mentha verticillata D.Don,LAMIACEAE,Whorled Mint (Eng.),https://archive.bsi.gov.in/echoHerbarium-Details/en?link=CAL0000008704&column=szBarcode,BSI_Medicinal_Plant_Database (11).csv
1184,Menyanthes trifoliata L.,MENYANTHACEAE,Bog bean (Eng.),https://archive.bsi.gov.in/echoHerbarium-Details/en?link=CAL0000009406&column=szBarcode,BSI_Medicinal_Plant_Database (11).csv
1185,Meriandra bengalensis Benth.,LAMIACEAE,Kafurkapat,https://archive.bsi.gov.in/echoHerbarium-Details/en?link=CAL0000013246&column=szBarcode,BSI_Medicinal_Plant_Database (11).csv
1186,Meriandra strobilifera Benth.,LAMIACEAE,Kafurkapat,https://archive.bsi.gov.in/echoHerbarium-Details/en?link=CAL0000013247&column=szBarcode,BSI_Medicinal_Plant_Database (11).csv
1187,Merremia dissecta (Jacq.) Hallier f.,CONVOLVULACEAE,Noyau vine (Eng.),https://archive.bsi.gov.in/echoHerbarium-Details/en?link=CAL0000006538&column=szBarcode,BSI_Medicinal_Plant_Database (11).csv
1188,Merremia gangetica (L.) Cufod.,CONVOLVULACEAE,Musakani,https://archive.bsi.gov.in/echoHerbarium-Details/en?link=CAL0000009816&column=szBarcode,BSI_Medicinal_Plant_Database (11).csv
1189,Merremia tridentata (L.) Hallier f.,CONVOLVULACEAE,Prasarini (Sans.),https://archive.bsi.gov.in/echoHerbarium-Details/en?link=CAL0000009814&column=szBarcode,BSI_Medicinal_Plant_Database (11).csv
1190,Merremia turpethum (L.) Shah & Bhatt,CONVOLVULACEAE,"Nishothra, Terpeth root (Eng.)",https://archive.bsi.gov.in/echoHerbarium-Details/en?link=CAL0000009820&column=szBarcode,BSI_Medicinal_Plant_Database (11).csv
1191,Merremia umbellata (L.) Hallier f.,CONVOLVULACEAE,Sapussundu (Beng.),https://archive.bsi.gov.in/echoHerbarium-Details/en?link=CAL0000009774&column=szBarcode,BSI_Medicinal_Plant_Database (11).csv
1192,Merremia vitifolia (Burm.f.) Hallier f.,CONVOLVULACEAE,Navalicha vel (Mar.),https://archive.bsi.gov.in/echoHerbarium-Details/en?link=CAL0000009812&column=szBarcode,BSI_Medicinal_Plant_Database (11).csv
1193,Mesua ferrea L.,CLUSIACEAE,"Nagkesar, Nagesar (Beng.)",https://archive.bsi.gov.in/echoHerbarium-Details/en?link=CAL0000013852&column=szBarcode,BSI_Medicinal_Plant_Database (11).csv
1194,Meyna laxiflora Robyns,RUBIACEAE,"Muyna, Muduna",https://archive.bsi.gov.in/echoHerbarium-Details/en?link=CAL0000009385&column=szBarcode,BSI_Medicinal_Plant_Database (11).csv
1195,Michelia champaca L.,MAGNOLIACEAE,"Champa, Champaca",https://archive.bsi.gov.in/echoHerbarium-Details/en?link=CAL0000013912&column=szBarcode,BSI_Medicinal_Plant_Database (11).csv
1196,Michelia montana Blume,MAGNOLIACEAE,Pan sopa (Assam),https://archive.bsi.gov.in/echoHerbarium-Details/en?link=CAL0000013911&column=szBarcode,BSI_Medicinal_Plant_Database (11).csv
1197,Michelia nilagirica Zenk.,MAGNOLIACEAE,Shembuga (Tam.),https://archive.bsi.gov.in/echoHerbarium-Details/en?link=CAL0000013908&column=szBarcode,BSI_Medicinal_Plant_Database (11).csv
1198,Microcos paniculata L.,TILIACEAE,Shiral,https://archive.bsi.gov.in/echoHerbarium-Details/en?link=CAL0000003844&column=szBarcode,BSI_Medicinal_Plant_Database (11).csv
1199,Micromeria biflora (Buch.-Ham. ex D.Don) Benth.,LAMIACEAE,Ote budu ba (Mundari),https://archive.bsi.gov.in/echoHerbarium-Details/en?link=CAL0000013250&column=szBarcode,BSI_Medicinal_Plant_Database (11).csv
1200,Micromeria capitellata Benth.,LAMIACEAE,Karvat (Bombay),https://archive.bsi.gov.in/echoHerbarium-Details/en?link=CAL0000008543&column=szBarcode,BSI_Medicinal_Plant_Database (11).csv
1201,Microrhychus nudicaulis Less.,ASTERACEAE,Paprastaka,https://archive.bsi.gov.in/echoHerbarium-Details/en?link=CAL0000009297&column=szBarcode,BSI_Medicinal_Plant_Database (12).csv
1202,Microsorum scolopendria (Burm.f.) Copel,POLYPODIACEAE,Paku Wangi (Malay),https://archive.bsi.gov.in/echoHerbarium-Details/en?link=CAL0000008568&column=szBarcode,BSI_Medicinal_Plant_Database (12).csv
1203,Mikania cordata (Burm.f.) B.L.Rob.,ASTERACEAE,Tara lata (Beng.),https://archive.bsi.gov.in/echoHerbarium-Details/en?link=CAL0000009310&column=szBarcode,BSI_Medicinal_Plant_Database (12).csv
1204,Miliusa velutina (Dunal) Hook.f. & Thoms.,ANNONACEAE,"Dom-sal, Kari",https://archive.bsi.gov.in/echoHerbarium-Details/en?link=CAL0000013901&column=szBarcode,BSI_Medicinal_Plant_Database (12).csv
1205,Millettia extensa (Benth.) Baker,FABACEAE,"Gauj, Gonj",https://archive.bsi.gov.in/echoHerbarium-Details/en?link=CAL0000003348&column=szBarcode,BSI_Medicinal_Plant_Database (12).csv
1206,Millettia pachycarpa Benth.,FABACEAE,Bishloti (Beng.),https://archive.bsi.gov.in/echoHerbarium-Details/en?link=CAL0000003345&column=szBarcode,BSI_Medicinal_Plant_Database (12).csv
1207,Millettia piscidia Wight,FABACEAE,Dieng-sohlynthein (Khasi Hills),https://archive.bsi.gov.in/echoHerbarium-Details/en?link=CAL0000003346&column=szBarcode,BSI_Medicinal_Plant_Database (12).csv
1208,Millettia racemosa Benth.,FABACEAE,Jungi,https://archive.bsi.gov.in/echoHerbarium-Details/en?link=CAL0000003347&column=szBarcode,BSI_Medicinal_Plant_Database (12).csv
1209,Millingtonia hortensis L.f.,BIGNONIACEAE,"Neem-chameli, Akas nim",https://archive.bsi.gov.in/echoHerbarium-Details/en?link=CAL0000009132&column=szBarcode,BSI_Medicinal_Plant_Database (12).csv
1210,Mimosa pudica L.,MIMOSACEAE,"Lajwanti, Chui-mui",https://archive.bsi.gov.in/echoHerbarium-Details/en?link=CAL0000003464&column=szBarcode,BSI_Medicinal_Plant_Database (12).csv
1211,Mimosa rubicaulis Lam.,MIMOSACEAE,Shiah-kanta,https://archive.bsi.gov.in/echoHerbarium-Details/en?link=CAL0000003462&column=szBarcode,BSI_Medicinal_Plant_Database (12).csv
1212,Mimulus moschatus Douglas ex Lindl.,SCROPHULARIACEAE,Musk Plant (Eng.),https://archive.bsi.gov.in/echoHerbarium-Details/en?link=CAL0000013271&column=szBarcode,BSI_Medicinal_Plant_Database (12).csv
1213,Mimulus strictus Benth.,SCROPHULARIACEAE,Erect Monkey Flower (Eng.),https://archive.bsi.gov.in/echoHerbarium-Details/en?link=CAL0000013270&column=szBarcode,BSI_Medicinal_Plant_Database (12).csv
1214,Mimusops elengi L.,SAPOTACEAE,"Maulsari, Bakul",https://archive.bsi.gov.in/echoHerbarium-Details/en?link=CAL0000013537&column=szBarcode,BSI_Medicinal_Plant_Database (12).csv
1215,Mitragyna parvifolia (Roxb.) Korth.,RUBIACEAE,"Kaim, Kalmi",https://archive.bsi.gov.in/echoHerbarium-Details/en?link=CAL0000009405&column=szBarcode,BSI_Medicinal_Plant_Database (12).csv
1216,Mitragyna rotundifolia (Roxb.) Kuntze,RUBIACEAE,Timi (Assam),https://archive.bsi.gov.in/echoHerbarium-Details/en?link=CAL0000009404&column=szBarcode,BSI_Medicinal_Plant_Database (12).csv
1217,Mollugo cerviana (L.) Ser.,MOLLUGINACEAE,Ghimasak (Beng.),https://archive.bsi.gov.in/echoHerbarium-Details/en?link=CAL0000009489&column=szBarcode,BSI_Medicinal_Plant_Database (12).csv
1218,Mollugo nudicaulis Lam.,MOLLUGINACEAE,Parppadagam (Madras),https://archive.bsi.gov.in/echoHerbarium-Details/en?link=CAL0000009491&column=szBarcode,BSI_Medicinal_Plant_Database (12).csv
1219,Mollugo pentaphylla L.,MOLLUGINACEAE,Khet-papara (Beng.),https://archive.bsi.gov.in/echoHerbarium-Details/en?link=CAL0000009490&column=szBarcode,BSI_Medicinal_Plant_Database (12).csv
1220,Monotropa uniflora L.,MONOTROPACEAE,Indian Pipe (Eng.),https://archive.bsi.gov.in/echoHerbarium-Details/en?link=CAL0000009488&column=szBarcode,BSI_Medicinal_Plant_Database (12).csv
1221,Morinda citrifolia L.,RUBIACEAE,"Surangi, Bartundi",https://archive.bsi.gov.in/echoHerbarium-Details/en?link=CAL0000009589&column=szBarcode,BSI_Medicinal_Plant_Database (12).csv
1222,Morinda umbellata L.,RUBIACEAE,Pitadaru (Sans.),https://archive.bsi.gov.in/echoHerbarium-Details/en?link=CAL0000009590&column=szBarcode,BSI_Medicinal_Plant_Database (12).csv
1223,Moringa concanensis Nimmo,MORINGACEAE,Jangli sargua,https://archive.bsi.gov.in/echoHerbarium-Details/en?link=CAL0000003439&column=szBarcode,BSI_Medicinal_Plant_Database (12).csv
1224,Moringa oleifera Lam.,MORINGACEAE,"Sahjana, Sahijana",https://archive.bsi.gov.in/echoHerbarium-Details/en?link=CAL0000003441&column=szBarcode,BSI_Medicinal_Plant_Database (12).csv
1225,Mormordica balsamina L.,CUCURBITACEAE,Mokha,https://archive.bsi.gov.in/echoHerbarium-Details/en?link=CAL0000009409&column=szBarcode,BSI_Medicinal_Plant_Database (12).csv
1226,Mormordica charantia L.,CUCURBITACEAE,"Karela, Kareli",https://archive.bsi.gov.in/echoHerbarium-Details/en?link=CAL0000009423&column=szBarcode,BSI_Medicinal_Plant_Database (12).csv
1227,Mormordica cochinchinensis (Lour.) Spreng.,CUCURBITACEAE,"Gulkakra, Gangerua",https://archive.bsi.gov.in/echoHerbarium-Details/en?link=CAL0000009408&column=szBarcode,BSI_Medicinal_Plant_Database (12).csv
1228,Mormordica dioica Roxb. ex Willd.,CUCURBITACEAE,"Kaksa, Golkandra",https://archive.bsi.gov.in/echoHerbarium-Details/en?link=CAL0000009407&column=szBarcode,BSI_Medicinal_Plant_Database (12).csv
1229,Morus alba L.,MORACEAE,"Tut, Chinni",https://archive.bsi.gov.in/echoHerbarium-Details/en?link=CAL0000009203&column=szBarcode,BSI_Medicinal_Plant_Database (12).csv
1230,Morus australis Poir.,MORACEAE,Kiskuri (Assamese),https://archive.bsi.gov.in/echoHerbarium-Details/en?link=CAL0000009204&column=szBarcode,BSI_Medicinal_Plant_Database (12).csv
1231,Morus nigra L.,MORACEAE,Shah-tut,https://archive.bsi.gov.in/echoHerbarium-Details/en?link=CAL0000009114&column=szBarcode,BSI_Medicinal_Plant_Database (12).csv
1232,Moschosma polystachyum Benth.,LAMIACEAE,Musk basil (Eng.),https://archive.bsi.gov.in/echoHerbarium-Details/en?link=CAL0000008719&column=szBarcode,BSI_Medicinal_Plant_Database (12).csv
1233,Mucuna gigantea DC.,FABACEAE,Enugadulagondi (Tel.),https://archive.bsi.gov.in/echoHerbarium-Details/en?link=CAL0000003316&column=szBarcode,BSI_Medicinal_Plant_Database (12).csv
1234,Mucuna monosperma DC. ex Wight,FABACEAE,Khatavangi (Sans.),https://archive.bsi.gov.in/echoHerbarium-Details/en?link=CAL0000003317&column=szBarcode,BSI_Medicinal_Plant_Database (12).csv
1235,Mucuna nigricans (Lour.) Steud.,FABACEAE,Kasi (Beng.),https://archive.bsi.gov.in/echoHerbarium-Details/en?link=CAL0000003318&column=szBarcode,BSI_Medicinal_Plant_Database (12).csv
1236,Mucuna pruriens (L.) DC.,FABACEAE,"Kevanch, Kaunch",https://archive.bsi.gov.in/echoHerbarium-Details/en?link=CAL0000003315&column=szBarcode,BSI_Medicinal_Plant_Database (12).csv
1237,Murdannia scapiflora (Roxb.) Royle,COMMELINACEAE,Musli-Siyah,https://archive.bsi.gov.in/echoHerbarium-Details/en?link=CAL0000003058&column=szBarcode,BSI_Medicinal_Plant_Database (12).csv
1238,Murraya koenigii (L.) Spreng.,RUTACEAE,"Kathneem, Mitha neem",https://archive.bsi.gov.in/echoHerbarium-Details/en?link=CAL0000009833&column=szBarcode,BSI_Medicinal_Plant_Database (12).csv
1239,Murraya paniculata (L.) Jacq.,RUTACEAE,"Kamini, Marchula",https://archive.bsi.gov.in/echoHerbarium-Details/en?link=CAL0000009832&column=szBarcode,BSI_Medicinal_Plant_Database (12).csv
1240,Musa paradisiaca L.,MUSACEAE,Kela,https://archive.bsi.gov.in/echoHerbarium-Details/en?link=CAL0000003021&column=szBarcode,BSI_Medicinal_Plant_Database (12).csv
1241,Mussaenda glabra Vahl,RUBIACEAE,Charai-atha (Assam),https://archive.bsi.gov.in/echoHerbarium-Details/en?link=CAL0000009394&column=szBarcode,BSI_Medicinal_Plant_Database (12).csv
1242,Mussaenda glabrata (Hook.f.) Hutch. ex Gamble,RUBIACEAE,"Bedina, Bebina",https://archive.bsi.gov.in/echoHerbarium-Details/en?link=CAL0000009395&column=szBarcode,BSI_Medicinal_Plant_Database (12).csv
1243,Myrica esculenta Buch.-Ham.,MYRICACEAE,"Kaiphal, Kaphala",https://archive.bsi.gov.in/echoHerbarium-Details/en?link=CAL0000009192&column=szBarcode,BSI_Medicinal_Plant_Database (12).csv
1244,Myricaria bracteata Royle,TAMARICACEAE,Shalakat (Punjab),https://archive.bsi.gov.in/echoHerbarium-Details/en?link=CAL0000013145&column=szBarcode,BSI_Medicinal_Plant_Database (12).csv
1245,Myristica dactyloides Gaertn.,MYRISTICACEAE,Jayaphal (Mar.),https://archive.bsi.gov.in/echoHerbarium-Details/en?link=CAL0000008539&column=szBarcode,BSI_Medicinal_Plant_Database (12).csv
1246,Myristica fragrans Houtt.,MYRISTICACEAE,"Jaiphal, Jayapatri",https://archive.bsi.gov.in/echoHerbarium-Details/en?link=CAL0000008517&column=szBarcode,BSI_Medicinal_Plant_Database (12).csv
1247,Myristica malabarica Lam.,MYRISTICACEAE,Patthiri (Tam.),https://archive.bsi.gov.in/echoHerbarium-Details/en?link=CAL0000008541&column=szBarcode,BSI_Medicinal_Plant_Database (12).csv
1248,Myrsine africana L.,MYRSINACEAE,Chapra,https://archive.bsi.gov.in/echoHerbarium-Details/en?link=CAL0000009658&column=szBarcode,BSI_Medicinal_Plant_Database (12).csv
1249,Myrtus communis L.,MYRTACEAE,"Vilayati mehndi, Murad",https://archive.bsi.gov.in/echoHerbarium-Details/en?link=CAL0000009546&column=szBarcode,BSI_Medicinal_Plant_Database (12).csv
1250,Myxopyrum smilacifolium (Wall.) Blume,OLEACEAE,Chathuravalli (Mal.),https://archive.bsi.gov.in/echoHerbarium-Details/en?link=CAL0000009431&column=szBarcode,BSI_Medicinal_Plant_Database (12).csv
1251,Nannorhops ritchiena (Griff.) Wendl.,ARECACEAE,Mazari Palm (Eng.),https://archive.bsi.gov.in/echoHerbarium-Details/en?link=CAL0000003203&column=szBarcode,BSI_Medicinal_Plant_Database (12).csv
1252,Nardostachys grandiflora DC.,VALERIANACEAE,"Bal-chir, Jatamansi",https://archive.bsi.gov.in/echoHerbarium-Details/en?link=CAL0000009494&column=szBarcode,BSI_Medicinal_Plant_Database (12).csv
1253,Naringi crenulata (Roxb.) Nicolson,RUTACEAE,"Beli, Surasi (Sanskrit)",https://archive.bsi.gov.in/echoHerbarium-Details/en?link=CAL0000009834&column=szBarcode,BSI_Medicinal_Plant_Database (12).csv
1254,Nelumbo nucifera Gaertn.,NYMPHAEACEAE,"Kanwal, Kamal",https://archive.bsi.gov.in/echoHerbarium-Details/en?link=CAL0000013888&column=szBarcode,BSI_Medicinal_Plant_Database (12).csv
1255,Neolitsea cassia (L.) Kosterm.,LAURACEAE,Kanvel (Mar.),https://archive.bsi.gov.in/echoHerbarium-Details/en?link=CAL0000013114&column=szBarcode,BSI_Medicinal_Plant_Database (12).csv
1256,Olea dioica Roxb.,OLEACEAE,Atta-jam (Beng.),https://archive.bsi.gov.in/echoHerbarium-Details/en?link=CAL0000009571&column=szBarcode,BSI_Medicinal_Plant_Database (12).csv
1257,Olea europaea L.,OLEACEAE,Common Olive (Eng.),https://archive.bsi.gov.in/echoHerbarium-Details/en?link=CAL0000009659&column=szBarcode,BSI_Medicinal_Plant_Database (12).csv
1258,Olea ferruginea Royle,OLEACEAE,"Kahu, Kankao (N.W. Himalayas)",https://archive.bsi.gov.in/echoHerbarium-Details/en?link=CAL0000009429&column=szBarcode,BSI_Medicinal_Plant_Database (12).csv
1259,Olea glandulifera Wall. ex G.Don,OLEACEAE,Gulili (N.W. Himalayas),https://archive.bsi.gov.in/echoHerbarium-Details/en?link=CAL0000009572&column=szBarcode,BSI_Medicinal_Plant_Database (12).csv
1260,Onosma bracteatum Wall.,BORAGINACEAE,"Gaozaban, Shankhahuli",https://archive.bsi.gov.in/echoHerbarium-Details/en?link=CAL0000009142&column=szBarcode,BSI_Medicinal_Plant_Database (12).csv
1261,Onosma hispidum Wall. ex G.Don,BORAGINACEAE,Ratanjot,https://archive.bsi.gov.in/echoHerbarium-Details/en?link=CAL0000009141&column=szBarcode,BSI_Medicinal_Plant_Database (12).csv
1262,Ophioglossum vulgatum L.,OPHIOGLOSSACEAE,Adder's-tongue (Eng.),https://archive.bsi.gov.in/echoHerbarium-Details/en?link=CAL0000008560&column=szBarcode,BSI_Medicinal_Plant_Database (12).csv
1263,Ophiorrhiza mungos L.,RUBIACEAE,Sarahati,https://archive.bsi.gov.in/echoHerbarium-Details/en?link=CAL0000009396&column=szBarcode,BSI_Medicinal_Plant_Database (12).csv
1264,Opuntia coccinellifera Mill.,CACTACEAE,Cochineal Cactus (Eng.),https://archive.bsi.gov.in/echoHerbarium-Details/en?link=CAL0000009506&column=szBarcode,BSI_Medicinal_Plant_Database (12).csv
1265,Opuntia nigricans Haw.,CACTACEAE,Nagadali (Tam.),https://archive.bsi.gov.in/echoHerbarium-Details/en?link=CAL0000009505&column=szBarcode,BSI_Medicinal_Plant_Database (12).csv
1266,Oreocnide integrifolia Miq.,URTICACEAE,Lipe (Nepal),https://archive.bsi.gov.in/echoHerbarium-Details/en?link=CAL0000013391&column=szBarcode,BSI_Medicinal_Plant_Database (12).csv
1267,Origanum vulgare L.,LAMIACEAE,Sathra,https://archive.bsi.gov.in/echoHerbarium-Details/en?link=CAL0000008708&column=szBarcode,BSI_Medicinal_Plant_Database (12).csv
1268,Ormocarpum sennoides DC.,FABACEAE,Kananashekhara (Sans.),https://archive.bsi.gov.in/echoHerbarium-Details/en?link=CAL0000003337&column=szBarcode,BSI_Medicinal_Plant_Database (12).csv
1269,Orobanche aegyptiaca Pers.,OROBANCHACEAE,"Sarsan-banda, Bhatua ghas",https://archive.bsi.gov.in/echoHerbarium-Details/en?link=CAL0000009193&column=szBarcode,BSI_Medicinal_Plant_Database (12).csv
1270,Oroxylum indicum (L.) Vent.,BIGNONIACEAE,"Ullu, Saona",https://archive.bsi.gov.in/echoHerbarium-Details/en?link=CAL0000009130&column=szBarcode,BSI_Medicinal_Plant_Database (12).csv
1271,Orthosiphon grandiflorus Boldingh.,LAMIACEAE,Java tea (Eng.),https://archive.bsi.gov.in/echoHerbarium-Details/en?link=CAL0000008671&column=szBarcode,BSI_Medicinal_Plant_Database (12).csv
1272,Orthosiphon pallidus Royle ex Benth.,LAMIACEAE,Arjaka (Sans.),https://archive.bsi.gov.in/echoHerbarium-Details/en?link=CAL0000008669&column=szBarcode,BSI_Medicinal_Plant_Database (12).csv
1273,Osbeckia crinita Benth.,MELASTOMATACEAE,Handi samba (Bhutan),https://archive.bsi.gov.in/echoHerbarium-Details/en?link=CAL0000013504&column=szBarcode,BSI_Medicinal_Plant_Database (12).csv
1274,Osbeckia nepalensis Hook.,MELASTOMATACEAE,Baga phatkala (Assam),https://archive.bsi.gov.in/echoHerbarium-Details/en?link=CAL0000013505&column=szBarcode,BSI_Medicinal_Plant_Database (12).csv
1275,Osmanthus fragrans Lour.,OLEACEAE,Silang (U.P. Hills),https://archive.bsi.gov.in/echoHerbarium-Details/en?link=CAL0000009430&column=szBarcode,BSI_Medicinal_Plant_Database (12).csv
1276,Osmunda regalis L.,OSMUNDACEAE,Royal Fern (Eng.),https://archive.bsi.gov.in/echoHerbarium-Details/en?link=CAL0000008558&column=szBarcode,BSI_Medicinal_Plant_Database (12).csv
1277,Ougeinia oojeinensis (Roxb.) Hochr.,FABACEAE,"Sandan, Panjan",https://archive.bsi.gov.in/echoHerbarium-Details/en?link=CAL0000003340&column=szBarcode,BSI_Medicinal_Plant_Database (12).csv
1278,Ouratea angustifolia Baill. ex Laness.,OCHNACEAE,Valermani (Mar.),https://archive.bsi.gov.in/echoHerbarium-Details/en?link=CAL0000009852&column=szBarcode,BSI_Medicinal_Plant_Database (12).csv
1279,Oxalis corniculata L.,OXALIDACEAE,"Tinpatiya, Amrul (Beng.)",https://archive.bsi.gov.in/echoHerbarium-Details/en?link=CAL0000009847&column=szBarcode,BSI_Medicinal_Plant_Database (12).csv
1280,Oxyria digyna (L.) Hill,POLYGONACEAE,Amlu (Punjab),https://archive.bsi.gov.in/echoHerbarium-Details/en?link=CAL0000013416&column=szBarcode,BSI_Medicinal_Plant_Database (12).csv
1281,Oxystelma secamone (L.) K.Schum.,ASCLEPIADACEAE,Dudhialata,https://archive.bsi.gov.in/echoHerbarium-Details/en?link=CAL0000009469&column=szBarcode,BSI_Medicinal_Plant_Database (12).csv
1282,Pachyrrhizus erosus (L.) Urban,FABACEAE,Sankalu,https://archive.bsi.gov.in/echoHerbarium-Details/en?link=CAL0000008587&column=szBarcode,BSI_Medicinal_Plant_Database (12).csv
1283,Paederia scandens (Lour.) Merr.,RUBIACEAE,"Gandha prasarini, Somaraji",https://archive.bsi.gov.in/echoHerbarium-Details/en?link=CAL0000009593&column=szBarcode,BSI_Medicinal_Plant_Database (12).csv
1284,Paeonia emodi Wall. ex Hook.f.,PAEONIACEAE,Chandayra,https://archive.bsi.gov.in/echoHerbarium-Details/en?link=CAL0000013916&column=szBarcode,BSI_Medicinal_Plant_Database (12).csv
1285,Pajanelia longifolia (Willd.) K.Schum.,BIGNONIACEAE,Doundi (Mar.),https://archive.bsi.gov.in/echoHerbarium-Details/en?link=CAL0000009120&column=szBarcode,BSI_Medicinal_Plant_Database (12).csv
1286,Panax pseudo-ginseng Wall.,ARALIACEAE,Asiatic or Chinese Ginseng (Eng.),https://archive.bsi.gov.in/echoHerbarium-Details/en?link=CAL0000013551&column=szBarcode,BSI_Medicinal_Plant_Database (12).csv
1287,Panicum antidotale Retz.,POACEAE,Gunara,https://archive.bsi.gov.in/echoHerbarium-Details/en?link=CAL0000002944&column=szBarcode,BSI_Medicinal_Plant_Database (12).csv
1288,Panicum incomtum Trin.,POACEAE,Cheen,https://archive.bsi.gov.in/echoHerbarium-Details/en?link=CAL0000002941&column=szBarcode,BSI_Medicinal_Plant_Database (12).csv
1289,Panicum maximum Jacq.,POACEAE,Gini pullu; Gini hullu (Tam.),https://archive.bsi.gov.in/echoHerbarium-Details/en?link=CAL0000002942&column=szBarcode,BSI_Medicinal_Plant_Database (12).csv
1290,Papaver argemone L.,PAPAVERACEAE,"Bharbhand, Seyalkata (Beng.)",https://archive.bsi.gov.in/echoHerbarium-Details/en?link=CAL0000013880&column=szBarcode,BSI_Medicinal_Plant_Database (12).csv
1291,Papaver dubium L.,PAPAVERACEAE,Long-Head Poppy (Eng.),https://archive.bsi.gov.in/echoHerbarium-Details/en?link=CAL0000013884&column=szBarcode,BSI_Medicinal_Plant_Database (12).csv
1292,Papaver hybridum L.,PAPAVERACEAE,Rough Poppy (Eng.),https://archive.bsi.gov.in/echoHerbarium-Details/en?link=CAL0000013881&column=szBarcode,BSI_Medicinal_Plant_Database (12).csv
1293,Papaver nudicaule L.,PAPAVERACEAE,Iceland Poppy (Eng.),https://archive.bsi.gov.in/echoHerbarium-Details/en?link=CAL0000013886&column=szBarcode,BSI_Medicinal_Plant_Database (12).csv
1294,Papaver orientale L.,PAPAVERACEAE,Oriental Poppy (Eng.),https://archive.bsi.gov.in/echoHerbarium-Details/en?link=CAL0000013882&column=szBarcode,BSI_Medicinal_Plant_Database (12).csv
1295,Papaver rhoeas L.,PAPAVERACEAE,"Lalpost, Post",https://archive.bsi.gov.in/echoHerbarium-Details/en?link=CAL0000013885&column=szBarcode,BSI_Medicinal_Plant_Database (12).csv
1296,Papaver somniferum L.,PAPAVERACEAE,"Aphim, Posto (Beng.)",https://archive.bsi.gov.in/echoHerbarium-Details/en?link=CAL0000013883&column=szBarcode,BSI_Medicinal_Plant_Database (12).csv
1297,Paracalyx scariosa (Roxb.) Ali,FABACEAE,"Simbi, Toranvel (Local nmaes)",https://archive.bsi.gov.in/echoHerbarium-Details/en?link=CAL0000008589&column=szBarcode,BSI_Medicinal_Plant_Database (12).csv
1298,Parameria polyneura Hook.f.,APOCYNACEAE,Mikirtengalata (Assam),https://archive.bsi.gov.in/echoHerbarium-Details/en?link=CAL0000009660&column=szBarcode,BSI_Medicinal_Plant_Database (12).csv
1299,Paramignya angulata Kurz,RUTACEAE,Ban nimbu (Beng.),https://archive.bsi.gov.in/echoHerbarium-Details/en?link=CAL0000009828&column=szBarcode,BSI_Medicinal_Plant_Database (12).csv
1300,Paramignya monophylla Wight,RUTACEAE,Kurwa-wagutti (Mar.),https://archive.bsi.gov.in/echoHerbarium-Details/en?link=CAL0000009829&column=szBarcode,BSI_Medicinal_Plant_Database (12).csv
1301,Parsonsia helicandra Hook. & Arn.,APOCYNACEAE,Penalivalli (Mal.),https://archive.bsi.gov.in/echoHerbarium-Details/en?link=CAL0000009456&column=szBarcode,BSI_Medicinal_Plant_Database (13).csv
1302,Paspalum scrobiculatum L.,POACEAE,"Kodo, Kodra",https://archive.bsi.gov.in/echoHerbarium-Details/en?link=CAL0000002945&column=szBarcode,BSI_Medicinal_Plant_Database (13).csv
1303,Passiflora edulis Sims,PASSIFLORACEAE,Passion Fruit (Eng.),https://archive.bsi.gov.in/echoHerbarium-Details/en?link=CAL0000013526&column=szBarcode,BSI_Medicinal_Plant_Database (13).csv
1304,Passiflora foetida L.,PASSIFLORACEAE,"Jhumkalata, Tellajumiki (Tel.)",https://archive.bsi.gov.in/echoHerbarium-Details/en?link=CAL0000013525&column=szBarcode,BSI_Medicinal_Plant_Database (13).csv
1305,Pavetta crassicaulis Bremek.,RUBIACEAE,"Kankra, Papari",https://archive.bsi.gov.in/echoHerbarium-Details/en?link=CAL0000009587&column=szBarcode,BSI_Medicinal_Plant_Database (13).csv
1306,Pavonia odorata Willd.,MALVACEAE,Sugandha-bala,https://archive.bsi.gov.in/echoHerbarium-Details/en?link=CAL0000013833&column=szBarcode,BSI_Medicinal_Plant_Database (13).csv
1307,Pavonia zeylanica (L.) Cav.,MALVACEAE,Pera mutti (Tel.),https://archive.bsi.gov.in/echoHerbarium-Details/en?link=CAL0000013834&column=szBarcode,BSI_Medicinal_Plant_Database (13).csv
1308,Pedalium murex L.,PEDALIACEAE,"Bara-gokhru, Kadvagokkru",https://archive.bsi.gov.in/echoHerbarium-Details/en?link=CAL0000009088&column=szBarcode,BSI_Medicinal_Plant_Database (13).csv
1309,Pedicularis pectinata Wall. ex Benth.,SCROPHULARIACEAE,Mishran (Punjab),https://archive.bsi.gov.in/echoHerbarium-Details/en?link=CAL0000008757&column=szBarcode,BSI_Medicinal_Plant_Database (13).csv
1310,Pedicularis siphonantha D.Don,SCROPHULARIACEAE,Tube Lousewort (Eng.),https://archive.bsi.gov.in/echoHerbarium-Details/en?link=CAL0000008759&column=szBarcode,BSI_Medicinal_Plant_Database (13).csv
1311,Pedilanthus tithymaloides (L.) Poit.,EUPHORBIACEAE,"Nagdaman, Rangchita (Beng.)",https://archive.bsi.gov.in/echoHerbarium-Details/en?link=CAL0000008799&column=szBarcode,BSI_Medicinal_Plant_Database (13).csv
1312,Peganum harmala L.,RUTACEAE,"Harmal, Isband-lahouri",https://archive.bsi.gov.in/echoHerbarium-Details/en?link=CAL0000009844&column=szBarcode,BSI_Medicinal_Plant_Database (13).csv
1313,Pelargonium graveolens L'Herit.,GERANIACEAE,Rose-Scented Geranium (Eng.),https://archive.bsi.gov.in/echoHerbarium-Details/en?link=CAL0000009848&column=szBarcode,BSI_Medicinal_Plant_Database (13).csv
1314,Pellaea hastata (Thunb.) Prantl.,ADIANTACEAE,Cliff brake (Eng.),https://archive.bsi.gov.in/echoHerbarium-Details/en?link=CAL0000008549&column=szBarcode,BSI_Medicinal_Plant_Database (13).csv
1315,Pentapetes phoenicea L.,STERCULIACEAE,Dopahariya,https://archive.bsi.gov.in/echoHerbarium-Details/en?link=CAL0000013935&column=szBarcode,BSI_Medicinal_Plant_Database (13).csv
1316,Pentatropis spiralis (Forsk.) Decne,ASCLEPIADACEAE,Kauathodi,https://archive.bsi.gov.in/echoHerbarium-Details/en?link=CAL0000009474&column=szBarcode,BSI_Medicinal_Plant_Database (13).csv
1317,Pergularia daemia (Forsk.) Choiv.,ASCLEPIADACEAE,"Uttaranajutuka, Sagovani",https://archive.bsi.gov.in/echoHerbarium-Details/en?link=CAL0000009486&column=szBarcode,BSI_Medicinal_Plant_Database (13).csv
1318,Pericampylus glaucus (Lam.) Miers.,MENISPERMACEAE,Barakkanta,https://archive.bsi.gov.in/echoHerbarium-Details/en?link=CAL0000013897&column=szBarcode,BSI_Medicinal_Plant_Database (13).csv
1319,Perilepta auriculata (Nees) Bremek,ACANTHACEAE,Phandadi (Guj),https://archive.bsi.gov.in/echoHerbarium-Details/en?link=CAL0000013335&column=szBarcode,BSI_Medicinal_Plant_Database (13).csv
1320,Perilla frutescens (L.) Britton,LAMIACEAE,Bhanjira,https://archive.bsi.gov.in/echoHerbarium-Details/en?link=CAL0000008683&column=szBarcode,BSI_Medicinal_Plant_Database (13).csv
1321,Periploca aphylla Decne.,PERIPLOCACEAE,Bata (Punjab),https://archive.bsi.gov.in/echoHerbarium-Details/en?link=CAL0000013511&column=szBarcode,BSI_Medicinal_Plant_Database (13).csv
1322,Peristrophe bicalyculata (Retz.) Nees,ACANTHACEAE,Atrilal,https://archive.bsi.gov.in/echoHerbarium-Details/en?link=CAL0000013311&column=szBarcode,BSI_Medicinal_Plant_Database (13).csv
1323,Peristrophe roxburghiana (Roem. & Schult.) Bremek.,ACANTHACEAE,Magenta plant (Eng.),https://archive.bsi.gov.in/echoHerbarium-Details/en?link=CAL0000013309&column=szBarcode,BSI_Medicinal_Plant_Database (13).csv
1324,Perovskia abrotanoides Kar.,LAMIACEAE,Shanshohai (Pushtu),https://archive.bsi.gov.in/echoHerbarium-Details/en?link=CAL0000008739&column=szBarcode,BSI_Medicinal_Plant_Database (13).csv
1325,Petroselinum crispum (Mill.) Airy-Shaw,APIACEAE,Achu mooda (Kan.),https://archive.bsi.gov.in/echoHerbarium-Details/en?link=CAL0000013529&column=szBarcode,BSI_Medicinal_Plant_Database (13).csv
1326,Peucedanum dhana Buch.-Ham. ex C.B.Clarke,APIACEAE,Bhoj raj (Bihar),https://archive.bsi.gov.in/echoHerbarium-Details/en?link=CAL0000013519&column=szBarcode,BSI_Medicinal_Plant_Database (13).csv
1327,Peucedanum grande C.B.Clarke,APIACEAE,Duku,https://archive.bsi.gov.in/echoHerbarium-Details/en?link=CAL0000013522&column=szBarcode,BSI_Medicinal_Plant_Database (13).csv
1328,Peucedanum nagpurense Prain,APIACEAE,Tej raj (Beng.),https://archive.bsi.gov.in/echoHerbarium-Details/en?link=CAL0000013521&column=szBarcode,BSI_Medicinal_Plant_Database (13).csv
1329,Phaseolus adenanthus G.F.Meyer,FABACEAE,Banbarbati (Beng.),https://archive.bsi.gov.in/echoHerbarium-Details/en?link=CAL0000003319&column=szBarcode,BSI_Medicinal_Plant_Database (13).csv
1330,Phaseolus lunatus L.,FABACEAE,Sem,https://archive.bsi.gov.in/echoHerbarium-Details/en?link=CAL0000003311&column=szBarcode,BSI_Medicinal_Plant_Database (13).csv
1331,Phaseolus vulgaris L.,FABACEAE,"Bakla, Lobia",https://archive.bsi.gov.in/echoHerbarium-Details/en?link=CAL0000003310&column=szBarcode,BSI_Medicinal_Plant_Database (13).csv
1332,Phlogacanthus thyrsiflorus (Roxb.) Nees,ACANTHACEAE,Banheka (Assam),https://archive.bsi.gov.in/echoHerbarium-Details/en?link=CAL0000013329&column=szBarcode,BSI_Medicinal_Plant_Database (13).csv
1333,Phoenix dactylifera L.,ARECACEAE,Kejuri (Assamese),https://archive.bsi.gov.in/echoHerbarium-Details/en?link=CAL0000002947&column=szBarcode,BSI_Medicinal_Plant_Database (13).csv
1334,Phoenix pusilla Gaertn.,ARECACEAE,"Chiruata-ita, chitti-ita (Tel.)",https://archive.bsi.gov.in/echoHerbarium-Details/en?link=CAL0000002948&column=szBarcode,BSI_Medicinal_Plant_Database (13).csv
1335,Phoenix sylvestris (L.) Roxb.,ARECACEAE,"Khajur, Khajuri",https://archive.bsi.gov.in/echoHerbarium-Details/en?link=CAL0000002949&column=szBarcode,BSI_Medicinal_Plant_Database (13).csv
1336,Phyla nodiflora (L.) Greene,VERBENACEAE,"Jalpapli, Panisigaa",https://archive.bsi.gov.in/echoHerbarium-Details/en?link=CAL0000013206&column=szBarcode,BSI_Medicinal_Plant_Database (13).csv
1337,Phyllanthus acidus (L.) Skeels,EUPHORBIACEAE,"Chalmeri, Harfarauri",https://archive.bsi.gov.in/echoHerbarium-Details/en?link=CAL0000008811&column=szBarcode,BSI_Medicinal_Plant_Database (13).csv
1338,Phyllanthus fraternus Webster,EUPHORBIACEAE,"Jaramla, Jangli amli",https://archive.bsi.gov.in/echoHerbarium-Details/en?link=CAL0000008793&column=szBarcode,BSI_Medicinal_Plant_Database (13).csv
1339,Phyllanthus maderaspatensis L.,EUPHORBIACEAE,"Kanocha, Bazarmani",https://archive.bsi.gov.in/echoHerbarium-Details/en?link=CAL0000008812&column=szBarcode,BSI_Medicinal_Plant_Database (13).csv
1340,Phyllanthus urinaria L.,EUPHORBIACEAE,"Lal-bhuin anvalah, Hazarmani",https://archive.bsi.gov.in/echoHerbarium-Details/en?link=CAL0000008816&column=szBarcode,BSI_Medicinal_Plant_Database (13).csv
1341,Phyllanthus virgatus Forst.,EUPHORBIACEAE,Bhuiavali (Mar.),https://archive.bsi.gov.in/echoHerbarium-Details/en?link=CAL0000008814&column=szBarcode,BSI_Medicinal_Plant_Database (13).csv
1342,Phyllochlamys taxoides Koord.,MORACEAE,Sheora (Beng.),https://archive.bsi.gov.in/echoHerbarium-Details/en?link=CAL0000009200&column=szBarcode,BSI_Medicinal_Plant_Database (13).csv
1343,Physalis angulata L.,SOLANACEAE,Popti (Mar.),https://archive.bsi.gov.in/echoHerbarium-Details/en?link=CAL0000009181&column=szBarcode,BSI_Medicinal_Plant_Database (13).csv
1344,Physalis minima L.,SOLANACEAE,Tulati pati,https://archive.bsi.gov.in/echoHerbarium-Details/en?link=CAL0000009179&column=szBarcode,BSI_Medicinal_Plant_Database (13).csv
1345,Physalis peruviana L.,SOLANACEAE,Tipari,https://archive.bsi.gov.in/echoHerbarium-Details/en?link=CAL0000009180&column=szBarcode,BSI_Medicinal_Plant_Database (13).csv
1346,Physochlaina praealta (Walp.) Hook.f.,SOLANACEAE,Sholar (Punjab),https://archive.bsi.gov.in/echoHerbarium-Details/en?link=CAL0000009187&column=szBarcode,BSI_Medicinal_Plant_Database (13).csv
1347,Phytolacca acinosa Roxb.,PHYTOLACCACEAE,"Matazor, Sarangum",https://archive.bsi.gov.in/echoHerbarium-Details/en?link=CAL0000009087&column=szBarcode,BSI_Medicinal_Plant_Database (13).csv
1348,Picororhiza kurroa Royle ex Benth.,SCROPHULARIACEAE,"Kuru, Kutki",https://archive.bsi.gov.in/echoHerbarium-Details/en?link=CAL0000008745&column=szBarcode,BSI_Medicinal_Plant_Database (13).csv
1349,Picrasma javanica Blume,SIMAROUBACEAE,Bonposhla (Assam),https://archive.bsi.gov.in/echoHerbarium-Details/en?link=CAL0000009851&column=szBarcode,BSI_Medicinal_Plant_Database (13).csv
1350,Picrasma quassioides (D.Don) Benn.,SIMAROUBACEAE,"Bharangi, Charangi",https://archive.bsi.gov.in/echoHerbarium-Details/en?link=CAL0000009849&column=szBarcode,BSI_Medicinal_Plant_Database (13).csv
1351,Picris hieracioides L.,ASTERACEAE,Hawk Weed (Eng.),https://archive.bsi.gov.in/echoHerbarium-Details/en?link=CAL0000009330&column=szBarcode,BSI_Medicinal_Plant_Database (13).csv
1352,Pilea microphylla (L.) Liebm.,URTICACEAE,Artillery Plant (Eng.),https://archive.bsi.gov.in/echoHerbarium-Details/en?link=CAL0000013388&column=szBarcode,BSI_Medicinal_Plant_Database (13).csv
1353,Pimpinella anisum L.,APIACEAE,"Saunf, Badian",https://archive.bsi.gov.in/echoHerbarium-Details/en?link=CAL0000013532&column=szBarcode,BSI_Medicinal_Plant_Database (13).csv
1354,Pimpinella heyneana Wall.,APIACEAE,Selvanthachedi (Tamil),https://archive.bsi.gov.in/echoHerbarium-Details/en?link=CAL0000013514&column=szBarcode,BSI_Medicinal_Plant_Database (13).csv
1355,Pinanga dicksonii (Roxb.) Scheffer,ARECACEAE,"Mala-adakka (Malayalam, Kaana Kamugu) (Tam.)",https://archive.bsi.gov.in/echoHerbarium-Details/en?link=CAL0000002952&column=szBarcode,BSI_Medicinal_Plant_Database (13).csv
1356,Pinus gerardiana Wall. ex Lamb,PINACEAE,"Chilgoza, Neoza (seeds)",https://archive.bsi.gov.in/echoHerbarium-Details/en?link=CAL0000009091&column=szBarcode,BSI_Medicinal_Plant_Database (13).csv
1357,Pinus roxburghii Sargent.,PINACEAE,"Chir, Cheed",https://archive.bsi.gov.in/echoHerbarium-Details/en?link=CAL0000009092&column=szBarcode,BSI_Medicinal_Plant_Database (13).csv
1358,Piper cubeba L.f.,PIPERACEAE,Kabab chini,https://archive.bsi.gov.in/echoHerbarium-Details/en?link=CAL0000008584&column=szBarcode,BSI_Medicinal_Plant_Database (13).csv
1359,Piper longum L.,PIPERACEAE,"Pipal, Pipli",https://archive.bsi.gov.in/echoHerbarium-Details/en?link=CAL0000009110&column=szBarcode,BSI_Medicinal_Plant_Database (13).csv
1360,Piper retrofractum Vahl,PIPERACEAE,"Chab, Chavi",https://archive.bsi.gov.in/echoHerbarium-Details/en?link=CAL0000009113&column=szBarcode,BSI_Medicinal_Plant_Database (13).csv
1361,Piper sarmentosum Roxb.,PIPERACEAE,"Tippili (Tam.), Pipul (Beng.)",https://archive.bsi.gov.in/echoHerbarium-Details/en?link=CAL0000008585&column=szBarcode,BSI_Medicinal_Plant_Database (13).csv
1362,Piper sylvaticum Roxb.,PIPERACEAE,Pahari pipul (Beng.),https://archive.bsi.gov.in/echoHerbarium-Details/en?link=CAL0000009108&column=szBarcode,BSI_Medicinal_Plant_Database (13).csv
1363,Piper trioicum Roxb.,PIPERACEAE,Kattumulaku (Malayalam),https://archive.bsi.gov.in/echoHerbarium-Details/en?link=CAL0000009112&column=szBarcode,BSI_Medicinal_Plant_Database (13).csv
1364,Piper wallichii (Miq.) Hand.-Mazz.,PIPERACEAE,Shambhaluka,https://archive.bsi.gov.in/echoHerbarium-Details/en?link=CAL0000009107&column=szBarcode,BSI_Medicinal_Plant_Database (13).csv
1365,Pisonia mitis L.,NYCTAGINACEAE,Lechai (Tam.),https://archive.bsi.gov.in/echoHerbarium-Details/en?link=CAL0000009196&column=szBarcode,BSI_Medicinal_Plant_Database (13).csv
1366,Pistacia kinjuk Stocks,ANACARDIACEAE,"Kakra, Kakri (N.W. Himalayas)",https://archive.bsi.gov.in/echoHerbarium-Details/en?link=CAL0000008741&column=szBarcode,BSI_Medicinal_Plant_Database (13).csv
1367,Pistacia lentiscus L.,ANACARDIACEAE,Mastic Tree,https://archive.bsi.gov.in/echoHerbarium-Details/en?link=CAL0000003374&column=szBarcode,BSI_Medicinal_Plant_Database (13).csv
1368,Pistacia vera L.,ANACARDIACEAE,Pistachio (Eng.),https://archive.bsi.gov.in/echoHerbarium-Details/en?link=CAL0000003373&column=szBarcode,BSI_Medicinal_Plant_Database (13).csv
1369,Pistia stratiotes L.,ARACEAE,"Jalkhumbi, Takapana",https://archive.bsi.gov.in/echoHerbarium-Details/en?link=CAL0000002993&column=szBarcode,BSI_Medicinal_Plant_Database (13).csv
1370,Pisum sativum L.,FABACEAE,Matar,https://archive.bsi.gov.in/echoHerbarium-Details/en?link=CAL0000003321&column=szBarcode,BSI_Medicinal_Plant_Database (13).csv
1371,Pithecellobium angulatum Benth.,MIMOSACEAE,Bhasahu (Assam),https://archive.bsi.gov.in/echoHerbarium-Details/en?link=CAL0000003458&column=szBarcode,BSI_Medicinal_Plant_Database (13).csv
1372,Pithecellobium clypearia Benth.,MIMOSACEAE,Bhasahu (Assam),https://archive.bsi.gov.in/echoHerbarium-Details/en?link=CAL0000008594&column=szBarcode,BSI_Medicinal_Plant_Database (13).csv
1373,Pithecellobium dulce (Roxb.) Benth.,MIMOSACEAE,"Vilayati babul, Vilayati Imli",https://archive.bsi.gov.in/echoHerbarium-Details/en?link=CAL0000008596&column=szBarcode,BSI_Medicinal_Plant_Database (13).csv
1374,Pithecellobium monadelphum (Roxb.) Koster,MIMOSACEAE,Kachlora,https://archive.bsi.gov.in/echoHerbarium-Details/en?link=CAL0000003404&column=szBarcode,BSI_Medicinal_Plant_Database (13).csv
1375,Pittosporum napaulense (DC.) Rehder & E.H.Wilson,PITTOSPORACEAE,"Tumari (Hindi), Vikhari (Mar.)",https://archive.bsi.gov.in/echoHerbarium-Details/en?link=CAL0000013976&column=szBarcode,BSI_Medicinal_Plant_Database (13).csv
1376,Plantago amplexicaulis Cav.,PLANTAGINACEAE,Isafghol (Punjab),https://archive.bsi.gov.in/echoHerbarium-Details/en?link=CAL0000013356&column=szBarcode,BSI_Medicinal_Plant_Database (13).csv
1377,Plantago himalaica Pilger,PLANTAGINACEAE,Ashwakarn,https://archive.bsi.gov.in/echoHerbarium-Details/en?link=CAL0000013354&column=szBarcode,BSI_Medicinal_Plant_Database (13).csv
1378,Plantago lanceolata L.,PLANTAGINACEAE,Baltanga,https://archive.bsi.gov.in/echoHerbarium-Details/en?link=CAL0000013358&column=szBarcode,BSI_Medicinal_Plant_Database (13).csv
1379,Plantago major L.,PLANTAGINACEAE,"Gul, Isafghol (Kashmir)",https://archive.bsi.gov.in/echoHerbarium-Details/en?link=CAL0000013357&column=szBarcode,BSI_Medicinal_Plant_Database (13).csv
1380,Plantago ovata Forsk.,PLANTAGINACEAE,Isubgol,https://archive.bsi.gov.in/echoHerbarium-Details/en?link=CAL0000013353&column=szBarcode,BSI_Medicinal_Plant_Database (13).csv
1381,Plantago psyllium L.,PLANTAGINACEAE,Kala isabgol,https://archive.bsi.gov.in/echoHerbarium-Details/en?link=CAL0000013352&column=szBarcode,BSI_Medicinal_Plant_Database (13).csv
1382,Platanus orientalis L.,PLATANACEAE,Chinar (Kashmir),https://archive.bsi.gov.in/echoHerbarium-Details/en?link=CAL0000009094&column=szBarcode,BSI_Medicinal_Plant_Database (13).csv
1383,Plectranthus mollis (Aiton) Spreng.,LAMIACEAE,Lal-agada (Bombay),https://archive.bsi.gov.in/echoHerbarium-Details/en?link=CAL0000008721&column=szBarcode,BSI_Medicinal_Plant_Database (13).csv
1384,Pleopeltis macrocarpa (Borry ex Willd.) Kaulf.,POLYPODIACEAE,Lance fern (Eng.),https://archive.bsi.gov.in/echoHerbarium-Details/en?link=CAL0000008570&column=szBarcode,BSI_Medicinal_Plant_Database (13).csv
1385,Plesmonium margaritiferum (Roxb.) Schott,ARACEAE,Gajeer mul (Beng.),https://archive.bsi.gov.in/echoHerbarium-Details/en?link=CAL0000002989&column=szBarcode,BSI_Medicinal_Plant_Database (13).csv
1386,Pluchea indica Less.,ASTERACEAE,"Kukronda, Munjhu rukha",https://archive.bsi.gov.in/echoHerbarium-Details/en?link=CAL0000009317&column=szBarcode,BSI_Medicinal_Plant_Database (13).csv
1387,Pluchea lanceolata (DC.) C.B.Clarke,ASTERACEAE,"Rasana, Rashana",https://archive.bsi.gov.in/echoHerbarium-Details/en?link=CAL0000009318&column=szBarcode,BSI_Medicinal_Plant_Database (13).csv
1388,Plumbago indica L.,PLUMBAGINACEAE,"Chitra, Lal chita",https://archive.bsi.gov.in/echoHerbarium-Details/en?link=CAL0000009531&column=szBarcode,BSI_Medicinal_Plant_Database (13).csv
1389,Plumbago zeylanica L.,PLUMBAGINACEAE,"Chita, Chitarak",https://archive.bsi.gov.in/echoHerbarium-Details/en?link=CAL0000009532&column=szBarcode,BSI_Medicinal_Plant_Database (13).csv
1390,Plumeria alba L.,APOCYNACEAE,Veyvi varahaalu (Tel.),https://archive.bsi.gov.in/echoHerbarium-Details/en?link=CAL0000009450&column=szBarcode,BSI_Medicinal_Plant_Database (13).csv
1391,Plumeria rubra L.,APOCYNACEAE,Lal Champa (Mar.),https://archive.bsi.gov.in/echoHerbarium-Details/en?link=CAL0000009451&column=szBarcode,BSI_Medicinal_Plant_Database (13).csv
1392,Plumeria rubra L. forma acuminata,APOCYNACEAE,Lal Champa (Mar.),https://archive.bsi.gov.in/echoHerbarium-Details/en?link=CAL0000009452&column=szBarcode,BSI_Medicinal_Plant_Database (13).csv
1393,Podocarpus neriifolia D.Don,PODOCARPACEAE,Halis,https://archive.bsi.gov.in/echoHerbarium-Details/en?link=CAL0000009163&column=szBarcode,BSI_Medicinal_Plant_Database (13).csv
1394,Pogostemon benghalense (Burm.) Kuntze,LAMIACEAE,Jui-lata (Beng.),https://archive.bsi.gov.in/echoHerbarium-Details/en?link=CAL0000008682&column=szBarcode,BSI_Medicinal_Plant_Database (13).csv
1395,Pogostemon heyneanus Benth.,LAMIACEAE,"Pacholi, Peholi",https://archive.bsi.gov.in/echoHerbarium-Details/en?link=CAL0000008680&column=szBarcode,BSI_Medicinal_Plant_Database (13).csv
1396,Pogostemon parviflorus Benth.,LAMIACEAE,"Phangla, Pangli (Mar.)",https://archive.bsi.gov.in/echoHerbarium-Details/en?link=CAL0000008678&column=szBarcode,BSI_Medicinal_Plant_Database (13).csv
1397,Pogostemon purpurascens Dalzell,LAMIACEAE,Sangbrei (Manipuri),https://archive.bsi.gov.in/echoHerbarium-Details/en?link=CAL0000008676&column=szBarcode,BSI_Medicinal_Plant_Database (13).csv
1398,Polyalthia longifolia (Sonn.) Thwaites,ANNONACEAE,"Asoka, Debdari",https://archive.bsi.gov.in/echoHerbarium-Details/en?link=CAL0000013904&column=szBarcode,BSI_Medicinal_Plant_Database (13).csv
1399,Polycarpea corymbosa (L.) Lam.,CARYOPHYLLACEAE,Jinapanano (Guj.),https://archive.bsi.gov.in/echoHerbarium-Details/en?link=CAL0000013957&column=szBarcode,BSI_Medicinal_Plant_Database (13).csv
1400,Polycarpon prostratum (Forsk.) Aschers. & Schweinf.,CARYOPHYLLACEAE,Sureta,https://archive.bsi.gov.in/echoHerbarium-Details/en?link=CAL0000008743&column=szBarcode,BSI_Medicinal_Plant_Database (13).csv
1401,Polygala crotalarioides Buch.-Ham. ex DC.,POLYGALACEAE,Lil kathi (Santal),https://archive.bsi.gov.in/echoHerbarium-Details/en?link=CAL0000013974&column=szBarcode,BSI_Medicinal_Plant_Database (14).csv
1402,Polygala elongata Klein ex Willd.,POLYGALACEAE,Periyananka (Mal.),https://archive.bsi.gov.in/echoHerbarium-Details/en?link=CAL0000013973&column=szBarcode,BSI_Medicinal_Plant_Database (14).csv
1403,Polygala glomerata Lour.,POLYGALACEAE,Meradu,https://archive.bsi.gov.in/echoHerbarium-Details/en?link=CAL0000008696&column=szBarcode,BSI_Medicinal_Plant_Database (14).csv
1404,Polygala sibirica L.,POLYGALACEAE,Common Milkwort (Eng.),https://archive.bsi.gov.in/echoHerbarium-Details/en?link=CAL0000013972&column=szBarcode,BSI_Medicinal_Plant_Database (14).csv
1405,Polygala telephioides Willd.,POLYGALACEAE,"Meradu, Miragu",https://archive.bsi.gov.in/echoHerbarium-Details/en?link=CAL0000013970&column=szBarcode,BSI_Medicinal_Plant_Database (14).csv
1406,Polygonatum multiflorum (L.) Allioni,LILIACEAE,Solmon's Seal (Eng.),https://archive.bsi.gov.in/echoHerbarium-Details/en?link=CAL0000002959&column=szBarcode,BSI_Medicinal_Plant_Database (14).csv
1407,Polygonum aviculare L.,POLYGONACEAE,"Machoti, Ban-natia",https://archive.bsi.gov.in/echoHerbarium-Details/en?link=CAL0000008522&column=szBarcode,BSI_Medicinal_Plant_Database (14).csv
1408,Polygonum barbatum L.,POLYGONACEAE,Bekh-unjubaz (Beng.),https://archive.bsi.gov.in/echoHerbarium-Details/en?link=CAL0000013450&column=szBarcode,BSI_Medicinal_Plant_Database (14).csv
1409,Polygonum chinense L.,POLYGONACEAE,Paral (Mar.),https://archive.bsi.gov.in/echoHerbarium-Details/en?link=CAL0000008535&column=szBarcode,BSI_Medicinal_Plant_Database (14).csv
1410,Polygonum glabrum Willd.,POLYGONACEAE,"Panimircha, Bihagni (Beng.)",https://archive.bsi.gov.in/echoHerbarium-Details/en?link=CAL0000008520&column=szBarcode,BSI_Medicinal_Plant_Database (14).csv
1411,Polygonum hydropiper L.,POLYGONACEAE,Pani-mari,https://archive.bsi.gov.in/echoHerbarium-Details/en?link=CAL0000008519&column=szBarcode,BSI_Medicinal_Plant_Database (14).csv
1412,Polygonum molle D.Don,POLYGONACEAE,Kochomah (Assam),https://archive.bsi.gov.in/echoHerbarium-Details/en?link=CAL0000013434&column=szBarcode,BSI_Medicinal_Plant_Database (14).csv
1413,Polygonum nepalense Meissn.,POLYGONACEAE,Kangany-machan-pillu (Tam.),https://archive.bsi.gov.in/echoHerbarium-Details/en?link=CAL0000013448&column=szBarcode,BSI_Medicinal_Plant_Database (14).csv
1414,Polygonum orientale L.,POLYGONACEAE,"Machoti, Bara pani mirich (Beng.)",https://archive.bsi.gov.in/echoHerbarium-Details/en?link=CAL0000013444&column=szBarcode,BSI_Medicinal_Plant_Database (14).csv
1415,Polygonum persicaria L.,POLYGONACEAE,Lady's Thumb (Eng.),https://archive.bsi.gov.in/echoHerbarium-Details/en?link=CAL0000008530&column=szBarcode,BSI_Medicinal_Plant_Database (14).csv
1416,Polygonum plebeium R.Br.,POLYGONACEAE,"Chemti sag, Dubia sag (Beng.)",https://archive.bsi.gov.in/echoHerbarium-Details/en?link=CAL0000008524&column=szBarcode,BSI_Medicinal_Plant_Database (14).csv
1417,Polygonum polystachyum Wall. ex Meissn.,POLYGONACEAE,Amldandi (Punjab),https://archive.bsi.gov.in/echoHerbarium-Details/en?link=CAL0000013446&column=szBarcode,BSI_Medicinal_Plant_Database (14).csv
1418,Polygonum tenellum Blume,POLYGONACEAE,Pygmy Smartweed (Eng.),https://archive.bsi.gov.in/echoHerbarium-Details/en?link=CAL0000008528&column=szBarcode,BSI_Medicinal_Plant_Database (14).csv
1419,Polygonum virginianum L.,POLYGONACEAE,Jumpseed (Eng.),https://archive.bsi.gov.in/echoHerbarium-Details/en?link=CAL0000013442&column=szBarcode,BSI_Medicinal_Plant_Database (14).csv
1420,Polygonum viviparum L.,POLYGONACEAE,"Maslun, Mameche (Punjab)",https://archive.bsi.gov.in/echoHerbarium-Details/en?link=CAL0000013440&column=szBarcode,BSI_Medicinal_Plant_Database (14).csv
1421,Polypodium vulgare L.,POLYPODIACEAE,Basfaij (Ind. Baz.),https://archive.bsi.gov.in/echoHerbarium-Details/en?link=CAL0000008569&column=szBarcode,BSI_Medicinal_Plant_Database (14).csv
1422,Polyscias fruticosa (L.) Harms,ARALIACEAE,Ming Aralia (Chinese),https://archive.bsi.gov.in/echoHerbarium-Details/en?link=CAL0000013550&column=szBarcode,BSI_Medicinal_Plant_Database (14).csv
1423,Populus alba L.,SALICACEAE,Fras (Kashmir),https://archive.bsi.gov.in/echoHerbarium-Details/en?link=CAL0000009097&column=szBarcode,BSI_Medicinal_Plant_Database (14).csv
1424,Populus euphratica Oliv.,SALICACEAE,"Hotung, Hodung (Ladakh)",https://archive.bsi.gov.in/echoHerbarium-Details/en?link=CAL0000009096&column=szBarcode,BSI_Medicinal_Plant_Database (14).csv
1425,Portulaca oleracea L.,PORTULACACEAE,"Khursa, Baralaniya",https://archive.bsi.gov.in/echoHerbarium-Details/en?link=CAL0000013956&column=szBarcode,BSI_Medicinal_Plant_Database (14).csv
1426,Portulaca pilosa L.,PORTULACACEAE,Koli mulaiyan (Tamil),https://archive.bsi.gov.in/echoHerbarium-Details/en?link=CAL0000013954&column=szBarcode,BSI_Medicinal_Plant_Database (14).csv
1427,Portulaca quadrifida L.,PORTULACACEAE,"Chounlayi, Chotalunia",https://archive.bsi.gov.in/echoHerbarium-Details/en?link=CAL0000013955&column=szBarcode,BSI_Medicinal_Plant_Database (14).csv
1428,Potentilla anserina L.,ROSACEAE,Silver weed (Eng.),https://archive.bsi.gov.in/echoHerbarium-Details/en?link=CAL0000009625&column=szBarcode,BSI_Medicinal_Plant_Database (14).csv
1429,Potentilla arbuscula D.Don,ROSACEAE,Merino (Punjab),https://archive.bsi.gov.in/echoHerbarium-Details/en?link=CAL0000009628&column=szBarcode,BSI_Medicinal_Plant_Database (14).csv
1430,Potentilla lineata Trevir ex Reich.,ROSACEAE,Bhuitara (Beng.),https://archive.bsi.gov.in/echoHerbarium-Details/en?link=CAL0000009633&column=szBarcode,BSI_Medicinal_Plant_Database (14).csv
1431,Potentilla nepalensis Hook.,ROSACEAE,Rattanjot (Punjab),https://archive.bsi.gov.in/echoHerbarium-Details/en?link=CAL0000009631&column=szBarcode,BSI_Medicinal_Plant_Database (14).csv
1432,Potentilla reptans L.,ROSACEAE,Five-finger grass (Eng.),https://archive.bsi.gov.in/echoHerbarium-Details/en?link=CAL0000009630&column=szBarcode,BSI_Medicinal_Plant_Database (14).csv
1433,Potentilla sundaica (Blume) Kuntze,ROSACEAE,Tilipalang (Nepali),https://archive.bsi.gov.in/echoHerbarium-Details/en?link=CAL0000009629&column=szBarcode,BSI_Medicinal_Plant_Database (14).csv
1434,Potentilla supina L.,ROSACEAE,"Karnali, Kanikar (Guj.)",https://archive.bsi.gov.in/echoHerbarium-Details/en?link=CAL0000009632&column=szBarcode,BSI_Medicinal_Plant_Database (14).csv
1435,Pothos cathcartii Schott,ARACEAE,Hathi Denkiya,https://archive.bsi.gov.in/echoHerbarium-Details/en?link=CAL0000002983&column=szBarcode,BSI_Medicinal_Plant_Database (14).csv
1436,Pothos scandens L.,ARACEAE,"Parisa, Paruvakodi (Mal.)",https://archive.bsi.gov.in/echoHerbarium-Details/en?link=CAL0000002982&column=szBarcode,BSI_Medicinal_Plant_Database (14).csv
1437,Pouzolzia sanguinea (Blume) Merr.,URTICACEAE,Misagi-jollaphang (Assam),https://archive.bsi.gov.in/echoHerbarium-Details/en?link=CAL0000013386&column=szBarcode,BSI_Medicinal_Plant_Database (14).csv
1438,Pouzolzia zeylanica (L.) Benn.,URTICACEAE,"Piparisari, Eddu (Tel.)",https://archive.bsi.gov.in/echoHerbarium-Details/en?link=CAL0000013385&column=szBarcode,BSI_Medicinal_Plant_Database (14).csv
1439,Prangos pabularia Lindl.,APIACEAE,Komal,https://archive.bsi.gov.in/echoHerbarium-Details/en?link=CAL0000013518&column=szBarcode,BSI_Medicinal_Plant_Database (14).csv
1440,Pratia nummularia (Lam.) A.Braun & Asch.,CAMPANULACEAE,Chaokathi (Lushai),https://archive.bsi.gov.in/echoHerbarium-Details/en?link=CAL0000009445&column=szBarcode,BSI_Medicinal_Plant_Database (14).csv
1441,Premna corymbosa Rottler & Willd.,VERBENACEAE,"Agetha, Arni",https://archive.bsi.gov.in/echoHerbarium-Details/en?link=CAL0000013299&column=szBarcode,BSI_Medicinal_Plant_Database (14).csv
1442,Premna divaricata Wall.,VERBENACEAE,Headache tree (Eng.),https://archive.bsi.gov.in/echoHerbarium-Details/en?link=CAL0000013297&column=szBarcode,BSI_Medicinal_Plant_Database (14).csv
1443,Premna latifolia Roxb.,VERBENACEAE,Pedda-nelli koora (Tel.),https://archive.bsi.gov.in/echoHerbarium-Details/en?link=CAL0000013294&column=szBarcode,BSI_Medicinal_Plant_Database (14).csv
1444,Premna tomentosa Willd.,VERBENACEAE,Chambara (Mar.),https://archive.bsi.gov.in/echoHerbarium-Details/en?link=CAL0000013296&column=szBarcode,BSI_Medicinal_Plant_Database (14).csv
1445,Primula reticulata Wall.,PRIMULACEAE,Bishkopra (Kumaun),https://archive.bsi.gov.in/echoHerbarium-Details/en?link=CAL0000013528&column=szBarcode,BSI_Medicinal_Plant_Database (14).csv
1446,Prinsepia utilis Royle,ROSACEAE,"Bekkra, Bhekal",https://archive.bsi.gov.in/echoHerbarium-Details/en?link=CAL0000009607&column=szBarcode,BSI_Medicinal_Plant_Database (14).csv
1447,Prosopis chilensis (Molana) Stuntze,MIMOSACEAE,"Vilayati kikkar, Kabuli kikkar",https://archive.bsi.gov.in/echoHerbarium-Details/en?link=CAL0000003456&column=szBarcode,BSI_Medicinal_Plant_Database (14).csv
1448,Prosopis cineraria (L.) Druce,MIMOSACEAE,"Jand, Chaunkra",https://archive.bsi.gov.in/echoHerbarium-Details/en?link=CAL0000003454&column=szBarcode,BSI_Medicinal_Plant_Database (14).csv
1449,Prunella vulgaris L.,LAMIACEAE,Dharu,https://archive.bsi.gov.in/echoHerbarium-Details/en?link=CAL0000013340&column=szBarcode,BSI_Medicinal_Plant_Database (14).csv
1450,Prunus armeniaca L.,ROSACEAE,"Zardalu, Khubani",https://archive.bsi.gov.in/echoHerbarium-Details/en?link=CAL0000009606&column=szBarcode,BSI_Medicinal_Plant_Database (14).csv
1451,Prunus avium L.,ROSACEAE,Gilas (Kumaun),https://archive.bsi.gov.in/echoHerbarium-Details/en?link=CAL0000009598&column=szBarcode,BSI_Medicinal_Plant_Database (14).csv
1452,Prunus cerasoides D.Don,ROSACEAE,"Paddam, Payan",https://archive.bsi.gov.in/echoHerbarium-Details/en?link=CAL0000009615&column=szBarcode,BSI_Medicinal_Plant_Database (14).csv
1453,Prunus cerasus L.,ROSACEAE,Alubalu,https://archive.bsi.gov.in/echoHerbarium-Details/en?link=CAL0000009599&column=szBarcode,BSI_Medicinal_Plant_Database (14).csv
1454,Prunus ceylanica (Wight) Miq.,ROSACEAE,Galmorre (Beng.),https://archive.bsi.gov.in/echoHerbarium-Details/en?link=CAL0000009610&column=szBarcode,BSI_Medicinal_Plant_Database (14).csv
1455,Prunus domestica L.,ROSACEAE,"Alu, Alucha, Shanalu, Alubukhara, Alucha",https://archive.bsi.gov.in/echoHerbarium-Details/en?link=CAL0000009597&column=szBarcode,BSI_Medicinal_Plant_Database (14).csv
1456,Prunus dulcis (Mill.) D.A.Webb.,ROSACEAE,Badam,https://archive.bsi.gov.in/echoHerbarium-Details/en?link=CAL0000009609&column=szBarcode,BSI_Medicinal_Plant_Database (14).csv
1457,Prunus mahaleb L.,ROSACEAE,Mahaleb Cherry (Eng.),https://archive.bsi.gov.in/echoHerbarium-Details/en?link=CAL0000009608&column=szBarcode,BSI_Medicinal_Plant_Database (14).csv
1458,Prunus persica (L.) Batsch,ROSACEAE,"Aru, Shaftalu",https://archive.bsi.gov.in/echoHerbarium-Details/en?link=CAL0000009611&column=szBarcode,BSI_Medicinal_Plant_Database (14).csv
1459,Prunus salicina Lindl.,ROSACEAE,Japanese plum (Eng.),https://archive.bsi.gov.in/echoHerbarium-Details/en?link=CAL0000009613&column=szBarcode,BSI_Medicinal_Plant_Database (14).csv
1460,Prunus undulata Buch.-Ham. ex D.Don,ROSACEAE,"Aria, Gadharu",https://archive.bsi.gov.in/echoHerbarium-Details/en?link=CAL0000009612&column=szBarcode,BSI_Medicinal_Plant_Database (14).csv
1461,Psammogeton canescens (DC.) Vatke,APIACEAE,Gargira (Punjab),https://archive.bsi.gov.in/echoHerbarium-Details/en?link=CAL0000013507&column=szBarcode,BSI_Medicinal_Plant_Database (14).csv
1462,Pseudarthria viscida (L.) Wight & Arn.,FABACEAE,"Sanaparni (Sans.), Chapakno velo (Guj.)",https://archive.bsi.gov.in/echoHerbarium-Details/en?link=CAL0000003335&column=szBarcode,BSI_Medicinal_Plant_Database (14).csv
1463,Psidium guajava L.,MYRTACEAE,"Amrud, Safed safari",https://archive.bsi.gov.in/echoHerbarium-Details/en?link=CAL0000009545&column=szBarcode,BSI_Medicinal_Plant_Database (14).csv
1464,Psoralea corylifolia L.,FABACEAE,"Babachi, Babehibavanchi",https://archive.bsi.gov.in/echoHerbarium-Details/en?link=CAL0000003354&column=szBarcode,BSI_Medicinal_Plant_Database (14).csv
1465,Pteridium aquilinum (L.) Kuhn.,DENNSTAEDTIACEAE,Parnai (Tam.),https://archive.bsi.gov.in/echoHerbarium-Details/en?link=CAL0000008567&column=szBarcode,BSI_Medicinal_Plant_Database (14).csv
1466,Pterocarpus indicus Willd.,FABACEAE,Vengai (Tam.),https://archive.bsi.gov.in/echoHerbarium-Details/en?link=CAL0000003302&column=szBarcode,BSI_Medicinal_Plant_Database (14).csv
1467,Pterocarpus marsupium Roxb.,FABACEAE,"Bijasal, Bija",https://archive.bsi.gov.in/echoHerbarium-Details/en?link=CAL0000003300&column=szBarcode,BSI_Medicinal_Plant_Database (14).csv
1468,Pterocarpus santalinus L.f.,FABACEAE,"Raktachandan, Lalchandan",https://archive.bsi.gov.in/echoHerbarium-Details/en?link=CAL0000003301&column=szBarcode,BSI_Medicinal_Plant_Database (14).csv
1469,Pterocymbium javanicum R.Br.,STERCULIACEAE,Tshaw (Burma),https://archive.bsi.gov.in/echoHerbarium-Details/en?link=CAL0000013942&column=szBarcode,BSI_Medicinal_Plant_Database (14).csv
1470,Pterospermum acerifolium (L.) Willd.,STERCULIACEAE,Kanakchampa,https://archive.bsi.gov.in/echoHerbarium-Details/en?link=CAL0000013938&column=szBarcode,BSI_Medicinal_Plant_Database (14).csv
1471,Pterospermum suberifolium Lam.,STERCULIACEAE,"Moochukund, Tada (Tel.)",https://archive.bsi.gov.in/echoHerbarium-Details/en?link=CAL0000013939&column=szBarcode,BSI_Medicinal_Plant_Database (14).csv
1472,Pterospermum xylocarpum (Gaertn.) Oken,STERCULIACEAE,Lolgu (Tel.),https://archive.bsi.gov.in/echoHerbarium-Details/en?link=CAL0000013936&column=szBarcode,BSI_Medicinal_Plant_Database (14).csv
1473,Pueraria phaseoloides (Roxb.) Benth.,FABACEAE,Jermei-kyn-saw (Assam),https://archive.bsi.gov.in/echoHerbarium-Details/en?link=CAL0000003312&column=szBarcode,BSI_Medicinal_Plant_Database (14).csv
1474,Pueraria tuberosa (Roxb. ex Willd.) DC.,FABACEAE,"Sural, Bilaikand",https://archive.bsi.gov.in/echoHerbarium-Details/en?link=CAL0000003313&column=szBarcode,BSI_Medicinal_Plant_Database (14).csv
1475,Pulicaria crispa (Forssk.) Benth.,ASTERACEAE,Burhna,https://archive.bsi.gov.in/echoHerbarium-Details/en?link=CAL0000009333&column=szBarcode,BSI_Medicinal_Plant_Database (14).csv
1476,Pulicaria dysenterica (L.) Gaeertn.,ASTERACEAE,Common fleabane (Eng.),https://archive.bsi.gov.in/echoHerbarium-Details/en?link=CAL0000009303&column=szBarcode,BSI_Medicinal_Plant_Database (14).csv
1477,Punica granatum L.,PUNICACEAE,"Anar, Dalim (Beng.)",https://archive.bsi.gov.in/echoHerbarium-Details/en?link=CAL0000013527&column=szBarcode,BSI_Medicinal_Plant_Database (14).csv
1478,Quercus infectoria Oliv.,FAGACEAE,"Majuphal, Mazu",https://archive.bsi.gov.in/echoHerbarium-Details/en?link=CAL0000009744&column=szBarcode,BSI_Medicinal_Plant_Database (14).csv
1479,Quercus lamellosa Sm.,FAGACEAE,Falant (Nepali),https://archive.bsi.gov.in/echoHerbarium-Details/en?link=CAL0000009746&column=szBarcode,BSI_Medicinal_Plant_Database (14).csv
1480,Quercus leucotrichophora A.Camus ex Bahadur,FAGACEAE,"Sila supari, Iri (Kashmir)",https://archive.bsi.gov.in/echoHerbarium-Details/en?link=CAL0000009745&column=szBarcode,BSI_Medicinal_Plant_Database (14).csv
1481,Quercus pachyphylla Kurz,FAGACEAE,Badaa Katus (Nepali),https://archive.bsi.gov.in/echoHerbarium-Details/en?link=CAL0000009747&column=szBarcode,BSI_Medicinal_Plant_Database (14).csv
1482,Quisqualis indica L.,COMBRETACEAE,Rangoon ki bel,https://archive.bsi.gov.in/echoHerbarium-Details/en?link=CAL0000009552&column=szBarcode,BSI_Medicinal_Plant_Database (14).csv
1483,Radermachera xylocarpa (Roxb.) K.Schum.,BIGNONIACEAE,Kharsing,https://archive.bsi.gov.in/echoHerbarium-Details/en?link=CAL0000009117&column=szBarcode,BSI_Medicinal_Plant_Database (14).csv
1484,Randia cochinchinensis (Lour.) Merr.,RUBIACEAE,Dieng-iong-blei (Khasi Hills),https://archive.bsi.gov.in/echoHerbarium-Details/en?link=CAL0000009388&column=szBarcode,BSI_Medicinal_Plant_Database (14).csv
1485,Randia longiflora Lam.,RUBIACEAE,Pulikaint (Assam),https://archive.bsi.gov.in/echoHerbarium-Details/en?link=CAL0000009391&column=szBarcode,BSI_Medicinal_Plant_Database (14).csv
1486,Randia tomentosa Hook.f.,RUBIACEAE,Mainphal,https://archive.bsi.gov.in/echoHerbarium-Details/en?link=CAL0000009387&column=szBarcode,BSI_Medicinal_Plant_Database (14).csv
1487,Ranunculus aquatilis L.,RANUNCULACEAE,Water-Crowfoot (Eng.),https://archive.bsi.gov.in/echoHerbarium-Details/en?link=CAL0000013927&column=szBarcode,BSI_Medicinal_Plant_Database (14).csv
1488,Ranunculus arvensis L.,RANUNCULACEAE,Chambul (Punjab),https://archive.bsi.gov.in/echoHerbarium-Details/en?link=CAL0000013921&column=szBarcode,BSI_Medicinal_Plant_Database (14).csv
1489,Ranunculus cantoniensis DC.,RANUNCULACEAE,Chinese Buttercup (Eng.),https://archive.bsi.gov.in/echoHerbarium-Details/en?link=CAL0000013923&column=szBarcode,BSI_Medicinal_Plant_Database (14).csv
1490,Ranunculus lingua L.,RANUNCULACEAE,Great Spearwort (Eng.),https://archive.bsi.gov.in/echoHerbarium-Details/en?link=CAL0000013926&column=szBarcode,BSI_Medicinal_Plant_Database (14).csv
1491,Ranunculus muricatus L.,RANUNCULACEAE,Rough-fruited Buttercup (Eng.),https://archive.bsi.gov.in/echoHerbarium-Details/en?link=CAL0000013922&column=szBarcode,BSI_Medicinal_Plant_Database (14).csv
1492,Ranunculus sceleratus L.,RANUNCULACEAE,Jaldhania,https://archive.bsi.gov.in/echoHerbarium-Details/en?link=CAL0000013924&column=szBarcode,BSI_Medicinal_Plant_Database (14).csv
1493,Raphanus sativus L.,BRASSICACEAE,"Muli, Muri",https://archive.bsi.gov.in/echoHerbarium-Details/en?link=CAL0000013856&column=szBarcode,BSI_Medicinal_Plant_Database (14).csv
1494,Rauvolfia sarpentina (L.) Benth. ex Kurz,APOCYNACEAE,"Chandrabhaga, Chota chand",https://archive.bsi.gov.in/echoHerbarium-Details/en?link=CAL0000009464&column=szBarcode,BSI_Medicinal_Plant_Database (14).csv
1495,Rauvolfia tetraphylla L.,APOCYNACEAE,Barachandrika,https://archive.bsi.gov.in/echoHerbarium-Details/en?link=CAL0000009465&column=szBarcode,BSI_Medicinal_Plant_Database (14).csv
1496,Reinwardtia indica Dumort.,LINACEAE,Basanthi,https://archive.bsi.gov.in/echoHerbarium-Details/en?link=CAL0000013821&column=szBarcode,BSI_Medicinal_Plant_Database (14).csv
1497,Reissantia indica (Willd.) Halle,HIPPOCRATEACEAE,Atari-lata (Beng.),https://archive.bsi.gov.in/echoHerbarium-Details/en?link=CAL0000003475&column=szBarcode,BSI_Medicinal_Plant_Database (14).csv
1498,Remusatia vivipara (Roxb.) Schott,ARACEAE,Rukhalu,https://archive.bsi.gov.in/echoHerbarium-Details/en?link=CAL0000002986&column=szBarcode,BSI_Medicinal_Plant_Database (14).csv
1499,Reseda odorata L.,RESEDACEAE,Mignonette (Eng.),https://archive.bsi.gov.in/echoHerbarium-Details/en?link=CAL0000013853&column=szBarcode,BSI_Medicinal_Plant_Database (14).csv
1500,Rhamnus nepalensis (Wall.) M.A.Lawson,RHAMNACEAE,Biringa (Assam),https://archive.bsi.gov.in/echoHerbarium-Details/en?link=CAL0000003431&column=szBarcode,BSI_Medicinal_Plant_Database (14).csv
1501,Rhamnus purpureus Edgew.,RHAMNACEAE,Purple Buckthorn (Eng.),https://archive.bsi.gov.in/echoHerbarium-Details/en?link=CAL0000003433&column=szBarcode,BSI_Medicinal_Plant_Database (15).csv
1502,Rhamnus triquetra Wall. ex Roxb.,RHAMNACEAE,"Gudlei, Fagora (Punjab)",https://archive.bsi.gov.in/echoHerbarium-Details/en?link=CAL0000003432&column=szBarcode,BSI_Medicinal_Plant_Database (15).csv
1503,Rhamnus virgatus Roxb.,RHAMNACEAE,"Chato, Chadua",https://archive.bsi.gov.in/echoHerbarium-Details/en?link=CAL0000003435&column=szBarcode,BSI_Medicinal_Plant_Database (15).csv
1504,Rhamnus wightii Wight & Arn.,RHAMNACEAE,Wight's Buckthorn (Eng.),https://archive.bsi.gov.in/echoHerbarium-Details/en?link=CAL0000003434&column=szBarcode,BSI_Medicinal_Plant_Database (15).csv
1505,Rheum emodi Wall. ex Meissn.,POLYGONACEAE,Hindirevandchini,https://archive.bsi.gov.in/echoHerbarium-Details/en?link=CAL0000013428&column=szBarcode,BSI_Medicinal_Plant_Database (15).csv
1506,Rheum spiciforme Royle,POLYGONACEAE,Archu (Garhwal),https://archive.bsi.gov.in/echoHerbarium-Details/en?link=CAL0000013426&column=szBarcode,BSI_Medicinal_Plant_Database (15).csv
1507,Rheum webbianum Royle,POLYGONACEAE,Archu (Garhwal),https://archive.bsi.gov.in/echoHerbarium-Details/en?link=CAL0000013429&column=szBarcode,BSI_Medicinal_Plant_Database (15).csv
1508,Rhinacanthus nasuta (L.) Kurz,ACANTHACEAE,Palak juhi,https://archive.bsi.gov.in/echoHerbarium-Details/en?link=CAL0000013317&column=szBarcode,BSI_Medicinal_Plant_Database (15).csv
1509,Rhizophora mucronata Lam.,RHIZOPHORACEAE,"Kamo, Bhora (Beng.)",https://archive.bsi.gov.in/echoHerbarium-Details/en?link=CAL0000009441&column=szBarcode,BSI_Medicinal_Plant_Database (15).csv
1510,Rhodamnia trinervia Blume,MYRTACEAE,Brown Mallet-Wood (Eng.),https://archive.bsi.gov.in/echoHerbarium-Details/en?link=CAL0000009649&column=szBarcode,BSI_Medicinal_Plant_Database (15).csv
1511,Rhododendron anthopogon D.Don,ERICACEAE,Nichni (Punjab),https://archive.bsi.gov.in/echoHerbarium-Details/en?link=CAL0000013549&column=szBarcode,BSI_Medicinal_Plant_Database (15).csv
1512,Rhododendron arboreum Sm.,ERICACEAE,Burans,https://archive.bsi.gov.in/echoHerbarium-Details/en?link=CAL0000013545&column=szBarcode,BSI_Medicinal_Plant_Database (15).csv
1513,Rhododendron campanulatum D.Don,ERICACEAE,Cherailu,https://archive.bsi.gov.in/echoHerbarium-Details/en?link=CAL0000013543&column=szBarcode,BSI_Medicinal_Plant_Database (15).csv
1514,Rhododendron lepidotum Wall. ex G.Don,ERICACEAE,Talisfur (Punjab),https://archive.bsi.gov.in/echoHerbarium-Details/en?link=CAL0000013542&column=szBarcode,BSI_Medicinal_Plant_Database (15).csv
1515,Rhododendron setosum D.Don,ERICACEAE,Tsalluo (Bhutan),https://archive.bsi.gov.in/echoHerbarium-Details/en?link=CAL0000013539&column=szBarcode,BSI_Medicinal_Plant_Database (15).csv
1516,Rhodomyrtus tomentosa Wight,MYRTACEAE,Kattupera (Malayalam),https://archive.bsi.gov.in/echoHerbarium-Details/en?link=CAL0000009547&column=szBarcode,BSI_Medicinal_Plant_Database (15).csv
1517,Rhus coriaria L.,ANACARDIACEAE,Sicilian Sumac (Eng.),https://archive.bsi.gov.in/echoHerbarium-Details/en?link=CAL0000003372&column=szBarcode,BSI_Medicinal_Plant_Database (15).csv
1518,Rhus hookeri K.C.Sahni & Bahadur,ANACARDIACEAE,Momphulai (Beng.),https://archive.bsi.gov.in/echoHerbarium-Details/en?link=CAL0000003446&column=szBarcode,BSI_Medicinal_Plant_Database (15).csv
1519,Rhus javanica L.,ANACARDIACEAE,Nutgall tree (Eng.),https://archive.bsi.gov.in/echoHerbarium-Details/en?link=CAL0000003450&column=szBarcode,BSI_Medicinal_Plant_Database (15).csv
1520,Rhus parviflora Roxb. ex DC.,ANACARDIACEAE,"Tung, Raitung",https://archive.bsi.gov.in/echoHerbarium-Details/en?link=CAL0000003449&column=szBarcode,BSI_Medicinal_Plant_Database (15).csv
1521,Rhus punjabensis J.L.Stew. ex Brand.,ANACARDIACEAE,Dor (Punjab),https://archive.bsi.gov.in/echoHerbarium-Details/en?link=CAL0000003447&column=szBarcode,BSI_Medicinal_Plant_Database (15).csv
1522,Rhus succedanea L.,ANACARDIACEAE,Kakra-singi,https://archive.bsi.gov.in/echoHerbarium-Details/en?link=CAL0000003451&column=szBarcode,BSI_Medicinal_Plant_Database (15).csv
1523,Rhynchosia minima (L.) DC.,FABACEAE,Daktaranghevda (Mar.),https://archive.bsi.gov.in/echoHerbarium-Details/en?link=CAL0000003303&column=szBarcode,BSI_Medicinal_Plant_Database (15).csv
1524,Rhynchostylis retusa (L.) Blume,ORCHIDACEAE,Draupadi mala,https://archive.bsi.gov.in/echoHerbarium-Details/en?link=CAL0000002973&column=szBarcode,BSI_Medicinal_Plant_Database (15).csv
1525,Ribes alpestre Wall. ex Decne.,GROSSULARIACEAE,Amlanch (Punjab),https://archive.bsi.gov.in/echoHerbarium-Details/en?link=CAL0000013523&column=szBarcode,BSI_Medicinal_Plant_Database (15).csv
1526,Ribes orientalis Desf.,GROSSULARIACEAE,Askuta (Ladakh),https://archive.bsi.gov.in/echoHerbarium-Details/en?link=CAL0000013524&column=szBarcode,BSI_Medicinal_Plant_Database (15).csv
1527,Ricinus communis L.,EUPHORBIACEAE,Erandi,https://archive.bsi.gov.in/echoHerbarium-Details/en?link=CAL0000008776&column=szBarcode,BSI_Medicinal_Plant_Database (15).csv
1528,Rivea ornata (Roxb.) Choisy.,CONVOLVULACEAE,Phanji (Sans.),https://archive.bsi.gov.in/echoHerbarium-Details/en?link=CAL0000009773&column=szBarcode,BSI_Medicinal_Plant_Database (15).csv
1529,Rorippa indica (L.) Hiern,BRASSICACEAE,Chamsuru,https://archive.bsi.gov.in/echoHerbarium-Details/en?link=CAL0000013873&column=szBarcode,BSI_Medicinal_Plant_Database (15).csv
1530,Rorippa islandica (Oeder) Borbás,BRASSICACEAE,Yellow marshcress (Eng.),https://archive.bsi.gov.in/echoHerbarium-Details/en?link=CAL0000013874&column=szBarcode,BSI_Medicinal_Plant_Database (15).csv
1531,Rorippa nasturtium-aquaticum (L.) Hayek,BRASSICACEAE,"Chhuch, Jal-indushoor",https://archive.bsi.gov.in/echoHerbarium-Details/en?link=CAL0000013875&column=szBarcode,BSI_Medicinal_Plant_Database (15).csv
1532,Rosa banksiae R.Br.,ROSACEAE,Bank's Rose,https://archive.bsi.gov.in/echoHerbarium-Details/en?link=CAL0000009603&column=szBarcode,BSI_Medicinal_Plant_Database (15).csv
1533,Rosa brunonii Lindl.,ROSACEAE,"Kuji, Kunja",https://archive.bsi.gov.in/echoHerbarium-Details/en?link=CAL0000009624&column=szBarcode,BSI_Medicinal_Plant_Database (15).csv
1534,Rosa centifolia L.,ROSACEAE,Gulab,https://archive.bsi.gov.in/echoHerbarium-Details/en?link=CAL0000009626&column=szBarcode,BSI_Medicinal_Plant_Database (15).csv
1535,Rosa damascena Mill.,ROSACEAE,Fasli Gulab,https://archive.bsi.gov.in/echoHerbarium-Details/en?link=CAL0000009622&column=szBarcode,BSI_Medicinal_Plant_Database (15).csv
1536,Rosa multiflora Thunb.,ROSACEAE,Multiflora Rose (Eng.),https://archive.bsi.gov.in/echoHerbarium-Details/en?link=CAL0000009621&column=szBarcode,BSI_Medicinal_Plant_Database (15).csv
1537,Roscoea purpurea Sm.,ZINGIBERACEAE,Rasagaree (Nepali),https://archive.bsi.gov.in/echoHerbarium-Details/en?link=CAL0000003026&column=szBarcode,BSI_Medicinal_Plant_Database (15).csv
1538,Rosmarinus officinalis L.,LAMIACEAE,Rusmari,https://archive.bsi.gov.in/echoHerbarium-Details/en?link=CAL0000013232&column=szBarcode,BSI_Medicinal_Plant_Database (15).csv
1539,Rotula aquatica Lour.,BORAGINACEAE,Sherni (Mar.),https://archive.bsi.gov.in/echoHerbarium-Details/en?link=CAL0000009145&column=szBarcode,BSI_Medicinal_Plant_Database (15).csv
1540,Roylea cineria (D.Don) Baill.,LAMIACEAE,Patkarru,https://archive.bsi.gov.in/echoHerbarium-Details/en?link=CAL0000013350&column=szBarcode,BSI_Medicinal_Plant_Database (15).csv
1541,Rubia cordifolia L.,RUBIACEAE,"Manjit, Manjitha",https://archive.bsi.gov.in/echoHerbarium-Details/en?link=CAL0000009591&column=szBarcode,BSI_Medicinal_Plant_Database (15).csv
1542,Rubia tinctorum L.,RUBIACEAE,Bacho (Punjab),https://archive.bsi.gov.in/echoHerbarium-Details/en?link=CAL0000009375&column=szBarcode,BSI_Medicinal_Plant_Database (15).csv
1543,Rubus moluccanus L.,ROSACEAE,Katsoi (Kumaun),https://archive.bsi.gov.in/echoHerbarium-Details/en?link=CAL0000009617&column=szBarcode,BSI_Medicinal_Plant_Database (15).csv
1544,Rumex acetosa L.,POLYGONACEAE,Khatta palak,https://archive.bsi.gov.in/echoHerbarium-Details/en?link=CAL0000013408&column=szBarcode,BSI_Medicinal_Plant_Database (15).csv
1545,Rumex acetosella L.,POLYGONACEAE,Chuk,https://archive.bsi.gov.in/echoHerbarium-Details/en?link=CAL0000013400&column=szBarcode,BSI_Medicinal_Plant_Database (15).csv
1546,Rumex crispus L.,POLYGONACEAE,Yellow Dock (Eng.),https://archive.bsi.gov.in/echoHerbarium-Details/en?link=CAL0000013403&column=szBarcode,BSI_Medicinal_Plant_Database (15).csv
1547,Rumex dentatus L.,POLYGONACEAE,"Ambavah, Amrule",https://archive.bsi.gov.in/echoHerbarium-Details/en?link=CAL0000013412&column=szBarcode,BSI_Medicinal_Plant_Database (15).csv
1548,Rumex maritimus L.,POLYGONACEAE,"Jub-palum, Jungli palak",https://archive.bsi.gov.in/echoHerbarium-Details/en?link=CAL0000013414&column=szBarcode,BSI_Medicinal_Plant_Database (15).csv
1549,Rumex nepalensis Spreng.,POLYGONACEAE,Pahari palang,https://archive.bsi.gov.in/echoHerbarium-Details/en?link=CAL0000013409&column=szBarcode,BSI_Medicinal_Plant_Database (15).csv
1550,Rumex scutatus L.,POLYGONACEAE,Ambavati,https://archive.bsi.gov.in/echoHerbarium-Details/en?link=CAL0000013401&column=szBarcode,BSI_Medicinal_Plant_Database (15).csv
1551,Rungia parviflora (Retz.) Nees,ACANTHACEAE,Moto khadsalyo (Guj.),https://archive.bsi.gov.in/echoHerbarium-Details/en?link=CAL0000013313&column=szBarcode,BSI_Medicinal_Plant_Database (15).csv
1552,Rungia repens (L.) Nees,ACANTHACEAE,Kharmor,https://archive.bsi.gov.in/echoHerbarium-Details/en?link=CAL0000013314&column=szBarcode,BSI_Medicinal_Plant_Database (15).csv
1553,Ruta graveolens L.,RUTACEAE,Garden Rue (Eng.),https://archive.bsi.gov.in/echoHerbarium-Details/en?link=CAL0000009845&column=szBarcode,BSI_Medicinal_Plant_Database (15).csv
1554,Saccharum bengalense Retz.,POACEAE,Kans,https://archive.bsi.gov.in/echoHerbarium-Details/en?link=CAL0000003050&column=szBarcode,BSI_Medicinal_Plant_Database (15).csv
1555,Saccharum spontaneum L.,POACEAE,"Kans, Kas",https://archive.bsi.gov.in/echoHerbarium-Details/en?link=CAL0000003047&column=szBarcode,BSI_Medicinal_Plant_Database (15).csv
1556,Sageraea laurifolia (Grah.) Blatter,ANNONACEAE,"Sageree, Harkinjal (Mar.)",https://archive.bsi.gov.in/echoHerbarium-Details/en?link=CAL0000009914&column=szBarcode,BSI_Medicinal_Plant_Database (15).csv
1557,Sagittaria sagittifolia L.,ALISMATACEAE,"Chhoto-kut, Muya Muya (Beng.)",https://archive.bsi.gov.in/echoHerbarium-Details/en?link=CAL0000002979&column=szBarcode,BSI_Medicinal_Plant_Database (15).csv
1558,Salacia chinensis L.,CELASTRACEAE,"Saptrangi, Dimal (Beng.)",https://archive.bsi.gov.in/echoHerbarium-Details/en?link=CAL0000003401&column=szBarcode,BSI_Medicinal_Plant_Database (15).csv
1559,Salacia oblonga Wall.,CELASTRACEAE,Chundan (Tam.),https://archive.bsi.gov.in/echoHerbarium-Details/en?link=CAL0000003403&column=szBarcode,BSI_Medicinal_Plant_Database (15).csv
1560,Salacia reticulata Wight,CELASTRACEAE,"Saptarangi, Etanayakam (Sans.)",https://archive.bsi.gov.in/echoHerbarium-Details/en?link=CAL0000003399&column=szBarcode,BSI_Medicinal_Plant_Database (15).csv
1561,Salicornia brachiata Roxb.,CHENOPODIACEAE,Muchul (Guj.),https://archive.bsi.gov.in/echoHerbarium-Details/en?link=CAL0000013372&column=szBarcode,BSI_Medicinal_Plant_Database (15).csv
1562,Salix acmophylla Boiss.,SALICACEAE,"Bada, Bed",https://archive.bsi.gov.in/echoHerbarium-Details/en?link=CAL0000009101&column=szBarcode,BSI_Medicinal_Plant_Database (15).csv
1563,Salix babylonica L.,SALICACEAE,Attuppalai (Tel.),https://archive.bsi.gov.in/echoHerbarium-Details/en?link=CAL0000009100&column=szBarcode,BSI_Medicinal_Plant_Database (15).csv
1564,Salix caprea L.,SALICACEAE,Bedmushk,https://archive.bsi.gov.in/echoHerbarium-Details/en?link=CAL0000009099&column=szBarcode,BSI_Medicinal_Plant_Database (15).csv
1565,Salix tetrasperma Roxb.,SALICACEAE,"Bod, Bent",https://archive.bsi.gov.in/echoHerbarium-Details/en?link=CAL0000009102&column=szBarcode,BSI_Medicinal_Plant_Database (15).csv
1566,Salsola baryosma (R.& S.) Dandy,CHENOPODIACEAE,Ellakura (Tel.),https://archive.bsi.gov.in/echoHerbarium-Details/en?link=CAL0000013378&column=szBarcode,BSI_Medicinal_Plant_Database (15).csv
1567,Salsola kali L.,CHENOPODIACEAE,Sajjibuti (Punjab),https://archive.bsi.gov.in/echoHerbarium-Details/en?link=CAL0000013379&column=szBarcode,BSI_Medicinal_Plant_Database (15).csv
1568,Salvadora oleoides Decne.,SALVADORACEAE,"Bahapilu, Chootapilu",https://archive.bsi.gov.in/echoHerbarium-Details/en?link=CAL0000009528&column=szBarcode,BSI_Medicinal_Plant_Database (15).csv
1569,Salvadora persica L.,SALVADORACEAE,"Jhak, Kharjal",https://archive.bsi.gov.in/echoHerbarium-Details/en?link=CAL0000009530&column=szBarcode,BSI_Medicinal_Plant_Database (15).csv
1570,Salvia aegyptica L.,LAMIACEAE,Tukham malanga (Punjab),https://archive.bsi.gov.in/echoHerbarium-Details/en?link=CAL0000013241&column=szBarcode,BSI_Medicinal_Plant_Database (15).csv
1571,Salvia moorcroftiana Wall. ex Benth.,LAMIACEAE,"Thuth, Kali jarri (Punjab)",https://archive.bsi.gov.in/echoHerbarium-Details/en?link=CAL0000013245&column=szBarcode,BSI_Medicinal_Plant_Database (15).csv
1572,Salvia officinalis L.,LAMIACEAE,Salvia sefakuss,https://archive.bsi.gov.in/echoHerbarium-Details/en?link=CAL0000013237&column=szBarcode,BSI_Medicinal_Plant_Database (15).csv
1573,Salvia plebeia R.Br.,LAMIACEAE,Kaka-buradi (Beng.),https://archive.bsi.gov.in/echoHerbarium-Details/en?link=CAL0000013243&column=szBarcode,BSI_Medicinal_Plant_Database (15).csv
1574,Samadera indica Gaertn.,SIMAROUBACEAE,"Nibam, Mepa, Karinjottei (Tam.)",https://archive.bsi.gov.in/echoHerbarium-Details/en?link=CAL0000009850&column=szBarcode,BSI_Medicinal_Plant_Database (15).csv
1575,Sambucus nigra L.,CAPRIFOLIACEAE,European or Black Elder (Eng.),https://archive.bsi.gov.in/echoHerbarium-Details/en?link=CAL0000009654&column=szBarcode,BSI_Medicinal_Plant_Database (15).csv
1576,Sambucus wightiana Wall. ex Wight & Arn.,CAPRIFOLIACEAE,Richhkas (Punjab),https://archive.bsi.gov.in/echoHerbarium-Details/en?link=CAL0000009537&column=szBarcode,BSI_Medicinal_Plant_Database (15).csv
1577,Sandoricum indicum Cav.,MELIACEAE,Sayai (Tam.),https://archive.bsi.gov.in/echoHerbarium-Details/en?link=CAL0000009859&column=szBarcode,BSI_Medicinal_Plant_Database (15).csv
1578,Santaloides minus Schellenb.,CONNARACEAE,"Kalavidhara, Vidhara",https://archive.bsi.gov.in/echoHerbarium-Details/en?link=CAL0000003436&column=szBarcode,BSI_Medicinal_Plant_Database (15).csv
1579,Santalum album L.,SANTALACEAE,"Safed chandan, Sandal",https://archive.bsi.gov.in/echoHerbarium-Details/en?link=CAL0000013362&column=szBarcode,BSI_Medicinal_Plant_Database (15).csv
1580,Sapindus mukorossi Gaertn.,SAPINDACEAE,"Ritha, Reetha",https://archive.bsi.gov.in/echoHerbarium-Details/en?link=CAL0000003396&column=szBarcode,BSI_Medicinal_Plant_Database (15).csv
1581,Sapindus trifoliatus L.,SAPINDACEAE,"Reetha, Ritha",https://archive.bsi.gov.in/echoHerbarium-Details/en?link=CAL0000003398&column=szBarcode,BSI_Medicinal_Plant_Database (15).csv
1582,Sapium indicum Willd.,EUPHORBIACEAE,Hurna,https://archive.bsi.gov.in/echoHerbarium-Details/en?link=CAL0000008780&column=szBarcode,BSI_Medicinal_Plant_Database (15).csv
1583,Sapium insigne (Royle) Benth.,EUPHORBIACEAE,"Khinna, Khirun",https://archive.bsi.gov.in/echoHerbarium-Details/en?link=CAL0000008784&column=szBarcode,BSI_Medicinal_Plant_Database (15).csv
1584,Sapium sebiferum (L.) Roxb.,EUPHORBIACEAE,"Pippalyang, Vilayati-shisham",https://archive.bsi.gov.in/echoHerbarium-Details/en?link=CAL0000008782&column=szBarcode,BSI_Medicinal_Plant_Database (15).csv
1585,Saprosma ternatum Benth. & Hook.f.,RUBIACEAE,Bhedeli (Assam),https://archive.bsi.gov.in/echoHerbarium-Details/en?link=CAL0000009594&column=szBarcode,BSI_Medicinal_Plant_Database (15).csv
1586,Saraca indica L.,CAESALPINIACEAE,"Asok, Ashoka",https://archive.bsi.gov.in/echoHerbarium-Details/en?link=CAL0000003291&column=szBarcode,BSI_Medicinal_Plant_Database (15).csv
1587,Sarcococca saligna Muell.Arg.,EUPHORBIACEAE,Sukat sing (Kumaun),https://archive.bsi.gov.in/echoHerbarium-Details/en?link=CAL0000008788&column=szBarcode,BSI_Medicinal_Plant_Database (15).csv
1588,Sarcostemma acidum (Roxb.) Voigt.,ASCLEPIADACEAE,Somlata,https://archive.bsi.gov.in/echoHerbarium-Details/en?link=CAL0000009472&column=szBarcode,BSI_Medicinal_Plant_Database (15).csv
1589,Sarcostemma brunonianum Wight & Arn.,ASCLEPIADACEAE,Muroakiriya (Sinhalese),https://archive.bsi.gov.in/echoHerbarium-Details/en?link=CAL0000009473&column=szBarcode,BSI_Medicinal_Plant_Database (15).csv
1590,Sarcostemma intermedium Decne.,ASCLEPIADACEAE,Phok (Mar.),https://archive.bsi.gov.in/echoHerbarium-Details/en?link=CAL0000009470&column=szBarcode,BSI_Medicinal_Plant_Database (15).csv
1591,Sarcostigma kleinii Wight & Arn.,ICACINACEAE,Ingudi (Sans.),https://archive.bsi.gov.in/echoHerbarium-Details/en?link=CAL0000013184&column=szBarcode,BSI_Medicinal_Plant_Database (15).csv
1592,Satureja hortensis L.,LAMIACEAE,Summer Savory (Eng.),https://archive.bsi.gov.in/echoHerbarium-Details/en?link=CAL0000008715&column=szBarcode,BSI_Medicinal_Plant_Database (15).csv
1593,Sauromatum venosum (Aiton) Kunth,ARACEAE,Nurki (Mar.),https://archive.bsi.gov.in/echoHerbarium-Details/en?link=CAL0000002991&column=szBarcode,BSI_Medicinal_Plant_Database (15).csv
1594,Sauropus androgynus (L.) Merr.,EUPHORBIACEAE,Thavasai murungai (Tam.),https://archive.bsi.gov.in/echoHerbarium-Details/en?link=CAL0000008795&column=szBarcode,BSI_Medicinal_Plant_Database (15).csv
1595,Sauropus quadrangularis (Willd.) Müll.Arg.,EUPHORBIACEAE,Tellavusirika (Tel.),https://archive.bsi.gov.in/echoHerbarium-Details/en?link=CAL0000008797&column=szBarcode,BSI_Medicinal_Plant_Database (15).csv
1596,Saussurea affinis Spreng. ex DC.,ASTERACEAE,Gangamula (Assam),https://archive.bsi.gov.in/echoHerbarium-Details/en?link=CAL0000009350&column=szBarcode,BSI_Medicinal_Plant_Database (15).csv
1597,Saussurea auriculata (Spreng. ex DC.) Sch.Bip.,ASTERACEAE,Kut,https://archive.bsi.gov.in/echoHerbarium-Details/en?link=CAL0000009349&column=szBarcode,BSI_Medicinal_Plant_Database (15).csv
1598,Saussurea heteromalla (D.Don) Hand.-Mazz.,ASTERACEAE,Batula (Punjab),https://archive.bsi.gov.in/echoHerbarium-Details/en?link=CAL0000009353&column=szBarcode,BSI_Medicinal_Plant_Database (15).csv
1599,Saussurea lappa (Decne.) Sch.Bip.,ASTERACEAE,"Kut, Kur",https://archive.bsi.gov.in/echoHerbarium-Details/en?link=CAL0000009352&column=szBarcode,BSI_Medicinal_Plant_Database (15).csv
1600,Saussurea obvallata (DC.) Sch.Bip.,ASTERACEAE,Kanwal (Punjab),https://archive.bsi.gov.in/echoHerbarium-Details/en?link=CAL0000009351&column=szBarcode,BSI_Medicinal_Plant_Database (15).csv
1601,Scaevola taccada (Gaertn.) Roxb.,GOODENIACEAE,Bhadrak (Mar.),https://archive.bsi.gov.in/echoHerbarium-Details/en?link=CAL0000013194&column=szBarcode,BSI_Medicinal_Plant_Database (16).csv
1602,Schima wallichii (DC.) Korth.,THEACEAE,"Chilauni, Kanak",https://archive.bsi.gov.in/echoHerbarium-Details/en?link=CAL0000013817&column=szBarcode,BSI_Medicinal_Plant_Database (16).csv
1603,Schleichera oleosa (Lour.) Oken,SAPINDACEAE,Kusum,https://archive.bsi.gov.in/echoHerbarium-Details/en?link=CAL0000003394&column=szBarcode,BSI_Medicinal_Plant_Database (16).csv
1604,Schrebera swietenioides Roxb.,OLEACEAE,"Moka, Banpalas",https://archive.bsi.gov.in/echoHerbarium-Details/en?link=CAL0000009573&column=szBarcode,BSI_Medicinal_Plant_Database (16).csv
1605,Schweinfurthia papilionacea (Burm.f.) Boiss.,SCROPHULARIACEAE,"Nepal nimb, Sanipat",https://archive.bsi.gov.in/echoHerbarium-Details/en?link=CAL0000013188&column=szBarcode,BSI_Medicinal_Plant_Database (16).csv
1606,Scilla hyacinthina (Roth) Macbridge,LILIACEAE,Safedi-khus,https://archive.bsi.gov.in/echoHerbarium-Details/en?link=CAL0000002957&column=szBarcode,BSI_Medicinal_Plant_Database (16).csv
1607,Scindapsus officinalis (Roxb.) Schott,ARACEAE,"Gajapipal, Pippal-jhanca",https://archive.bsi.gov.in/echoHerbarium-Details/en?link=CAL0000002985&column=szBarcode,BSI_Medicinal_Plant_Database (16).csv
1608,Scirpus articulatus L.,CYPERACEAE,Chichora,https://archive.bsi.gov.in/echoHerbarium-Details/en?link=CAL0000003236&column=szBarcode,BSI_Medicinal_Plant_Database (16).csv
1609,Scirpus grossus L.f.,CYPERACEAE,"Kasuru, Kesur",https://archive.bsi.gov.in/echoHerbarium-Details/en?link=CAL0000003232&column=szBarcode,BSI_Medicinal_Plant_Database (16).csv
1610,Scirpus lacustris L.,CYPERACEAE,Great Bulrush (Eng.),https://archive.bsi.gov.in/echoHerbarium-Details/en?link=CAL0000003235&column=szBarcode,BSI_Medicinal_Plant_Database (16).csv
1611,Scirpus maritimus L.,CYPERACEAE,Saltmarsh buirush (Eng.),https://archive.bsi.gov.in/echoHerbarium-Details/en?link=CAL0000003234&column=szBarcode,BSI_Medicinal_Plant_Database (16).csv
1612,Scleria levis Retz.,CYPERACEAE,Nutrushes (Eng.),https://archive.bsi.gov.in/echoHerbarium-Details/en?link=CAL0000003230&column=szBarcode,BSI_Medicinal_Plant_Database (16).csv
1613,Scleria lithosperma (L.) Sw.,CYPERACEAE,Nakkupullu (Malayalam),https://archive.bsi.gov.in/echoHerbarium-Details/en?link=CAL0000003231&column=szBarcode,BSI_Medicinal_Plant_Database (16).csv
1614,Scoparia dulcis L.,SCROPHULARIACEAE,Jastimadhu (Santal),https://archive.bsi.gov.in/echoHerbarium-Details/en?link=CAL0000008761&column=szBarcode,BSI_Medicinal_Plant_Database (16).csv
1615,Scutellaria discolor Wall. ex Benth.,LAMIACEAE,Daampaate (Nepali),https://archive.bsi.gov.in/echoHerbarium-Details/en?link=CAL0000013215&column=szBarcode,BSI_Medicinal_Plant_Database (16).csv
1616,Scutellaria galericulata L.,LAMIACEAE,Common Skullcap (Eng.),https://archive.bsi.gov.in/echoHerbarium-Details/en?link=CAL0000013214&column=szBarcode,BSI_Medicinal_Plant_Database (16).csv
1617,Sebastiania chamaelea(L.) Muell.Arg.,EUPHORBIACEAE,Bhuierendi (Konkan),https://archive.bsi.gov.in/echoHerbarium-Details/en?link=CAL0000008786&column=szBarcode,BSI_Medicinal_Plant_Database (16).csv
1618,Secamone emetica (Retz.) R.Br. ex Sm.,EUPHORBIACEAE,Shadaburi (Beng.),https://archive.bsi.gov.in/echoHerbarium-Details/en?link=CAL0000009468&column=szBarcode,BSI_Medicinal_Plant_Database (16).csv
1619,Securinega leucopyrus (Willd.) Müll.Arg.,EUPHORBIACEAE,"Hartho, Ainta",https://archive.bsi.gov.in/echoHerbarium-Details/en?link=CAL0000008818&column=szBarcode,BSI_Medicinal_Plant_Database (16).csv
1620,Securinega virosa (Roxb. ex Willd.) Baill.,EUPHORBIACEAE,"Dalme, Patala",https://archive.bsi.gov.in/echoHerbarium-Details/en?link=CAL0000008820&column=szBarcode,BSI_Medicinal_Plant_Database (16).csv
1621,Sedum multicaule Wall. ex Lindl.,CRASSULACEAE,Multi-Stem Sedum (Eng.),https://archive.bsi.gov.in/echoHerbarium-Details/en?link=CAL0000009440&column=szBarcode,BSI_Medicinal_Plant_Database (16).csv
1622,Semecarpus anacardium L.f.,ANACARDIACEAE,"Bhela, Bhilawa",https://archive.bsi.gov.in/echoHerbarium-Details/en?link=CAL0000003443&column=szBarcode,BSI_Medicinal_Plant_Database (16).csv
1623,Senecio bhutanicus N.P.Balakr.,ASTERACEAE,Lemon Bean Bush (Eng.),https://archive.bsi.gov.in/echoHerbarium-Details/en?link=CAL0000009343&column=szBarcode,BSI_Medicinal_Plant_Database (16).csv
1624,Senecio chrysanthemoides DC.,ASTERACEAE,Cheerful Senecio (Eng.),https://archive.bsi.gov.in/echoHerbarium-Details/en?link=CAL0000009346&column=szBarcode,BSI_Medicinal_Plant_Database (16).csv
1625,Senecio jacquemontianus (Decne.) Benth. ex Hook.f.,ASTERACEAE,Poshkar (Kashmir),https://archive.bsi.gov.in/echoHerbarium-Details/en?link=CAL0000009342&column=szBarcode,BSI_Medicinal_Plant_Database (16).csv
1626,Senecio tenuifolius Burm.f.,ASTERACEAE,Katimera (Tel.),https://archive.bsi.gov.in/echoHerbarium-Details/en?link=CAL0000009341&column=szBarcode,BSI_Medicinal_Plant_Database (16).csv
1627,Senecio vulgaris L.,ASTERACEAE,Groundsel (Eng.),https://archive.bsi.gov.in/echoHerbarium-Details/en?link=CAL0000009294&column=szBarcode,BSI_Medicinal_Plant_Database (16).csv
1628,Sesamum orientale L.,PEDALIACEAE,Til,https://archive.bsi.gov.in/echoHerbarium-Details/en?link=CAL0000009086&column=szBarcode,BSI_Medicinal_Plant_Database (16).csv
1629,Sesbania bispinosa (Jacq.) W.Wight,FABACEAE,Ikkada,https://archive.bsi.gov.in/echoHerbarium-Details/en?link=CAL0000003343&column=szBarcode,BSI_Medicinal_Plant_Database (16).csv
1630,Sesbania grandiflora (L.) Poir.,FABACEAE,"Bak, Agasti",https://archive.bsi.gov.in/echoHerbarium-Details/en?link=CAL0000003342&column=szBarcode,BSI_Medicinal_Plant_Database (16).csv
1631,Sesbania sesban (L.) Merr.,FABACEAE,"Jainti, Jait",https://archive.bsi.gov.in/echoHerbarium-Details/en?link=CAL0000003344&column=szBarcode,BSI_Medicinal_Plant_Database (16).csv
1632,Seseli diffusum (Roxb. ex Sm.) Santapau & Wagh,APIACEAE,Vanayamani (Sans.),https://archive.bsi.gov.in/echoHerbarium-Details/en?link=CAL0000013517&column=szBarcode,BSI_Medicinal_Plant_Database (16).csv
1633,Seseli sibiricum Benth. ex C.B.Clarke,APIACEAE,Bhootakeshi (J &K),https://archive.bsi.gov.in/echoHerbarium-Details/en?link=CAL0000013516&column=szBarcode,BSI_Medicinal_Plant_Database (16).csv
1634,Setaria plicata (Lam.) T.Cook,POACEAE,Kangni,https://archive.bsi.gov.in/echoHerbarium-Details/en?link=CAL0000002938&column=szBarcode,BSI_Medicinal_Plant_Database (16).csv
1635,Shorea robusta Gaertn.f.,DIPTEROCARPACEAE,"Sal, Sakhu",https://archive.bsi.gov.in/echoHerbarium-Details/en?link=CAL0000013848&column=szBarcode,BSI_Medicinal_Plant_Database (16).csv
1636,Sida acuta Burm.f.,MALVACEAE,"Bariara, Kareta",https://archive.bsi.gov.in/echoHerbarium-Details/en?link=CAL0000013843&column=szBarcode,BSI_Medicinal_Plant_Database (16).csv
1637,Sida cordata (Burm.f.) Borss.Waalk.,MALVACEAE,"Bhiunli, Junka (Beng.)",https://archive.bsi.gov.in/echoHerbarium-Details/en?link=CAL0000013846&column=szBarcode,BSI_Medicinal_Plant_Database (16).csv
1638,Sida cordifolia L.,MALVACEAE,Kungyi,https://archive.bsi.gov.in/echoHerbarium-Details/en?link=CAL0000013841&column=szBarcode,BSI_Medicinal_Plant_Database (16).csv
1639,Sida ovata Forsk.,MALVACEAE,Ball (Rajasthan),https://archive.bsi.gov.in/echoHerbarium-Details/en?link=CAL0000013844&column=szBarcode,BSI_Medicinal_Plant_Database (16).csv
1640,Sida rhombifolia L.,MALVACEAE,Lal barela,https://archive.bsi.gov.in/echoHerbarium-Details/en?link=CAL0000013842&column=szBarcode,BSI_Medicinal_Plant_Database (16).csv
1641,Siegesbeckia orientalis L.,ASTERACEAE,Pilibadkadi (Guj.),https://archive.bsi.gov.in/echoHerbarium-Details/en?link=CAL0000009331&column=szBarcode,BSI_Medicinal_Plant_Database (16).csv
1642,Silene conoidea L.,CARYOPHYLLACEAE,Cone campion (Eng.),https://archive.bsi.gov.in/echoHerbarium-Details/en?link=CAL0000013959&column=szBarcode,BSI_Medicinal_Plant_Database (16).csv
1643,Silene gallica L.,CARYOPHYLLACEAE,Windmill Pink (Eng.),https://archive.bsi.gov.in/echoHerbarium-Details/en?link=CAL0000013967&column=szBarcode,BSI_Medicinal_Plant_Database (16).csv
1644,Silybum marianum (L.) Gaertn.,ASTERACEAE,Milk Thistle (Eng.),https://archive.bsi.gov.in/echoHerbarium-Details/en?link=CAL0000009329&column=szBarcode,BSI_Medicinal_Plant_Database (16).csv
1645,Sisymbrium altissimum L.,BRASSICACEAE,Tumble-Mustard (Eng.),https://archive.bsi.gov.in/echoHerbarium-Details/en?link=CAL0000013872&column=szBarcode,BSI_Medicinal_Plant_Database (16).csv
1646,Sisymbrium irio L.,BRASSICACEAE,Khubkalan,https://archive.bsi.gov.in/echoHerbarium-Details/en?link=CAL0000013871&column=szBarcode,BSI_Medicinal_Plant_Database (16).csv
1647,Sisymbrium loeselii L.,BRASSICACEAE,Small tumble weed mustard (Eng.),https://archive.bsi.gov.in/echoHerbarium-Details/en?link=CAL0000013869&column=szBarcode,BSI_Medicinal_Plant_Database (16).csv
1648,Skimmia laureola (DC.) Sieb. & Zucc. ex Walp.,RUTACEAE,"Kedarpatta, Masturipath (Local names)",https://archive.bsi.gov.in/echoHerbarium-Details/en?link=CAL0000009836&column=szBarcode,BSI_Medicinal_Plant_Database (16).csv
1649,Smilax glabra Roxb.,SMILACACEAE,Barichob-chini,https://archive.bsi.gov.in/echoHerbarium-Details/en?link=CAL0000003004&column=szBarcode,BSI_Medicinal_Plant_Database (16).csv
1650,Smilax lanceaefolia Roxb.,SMILACACEAE,Hindichobchini,https://archive.bsi.gov.in/echoHerbarium-Details/en?link=CAL0000003007&column=szBarcode,BSI_Medicinal_Plant_Database (16).csv
1651,Smilax ovalifolia Roxb.,SMILACACEAE,"Jangli- aushbah, Chob-chini",https://archive.bsi.gov.in/echoHerbarium-Details/en?link=CAL0000003009&column=szBarcode,BSI_Medicinal_Plant_Database (16).csv
1652,Smithia conferta Sm.,FABACEAE,Naichibha (Mar.),https://archive.bsi.gov.in/echoHerbarium-Details/en?link=CAL0000003339&column=szBarcode,BSI_Medicinal_Plant_Database (16).csv
1653,Smithia sensitiva Aiton,FABACEAE,Odabrini,https://archive.bsi.gov.in/echoHerbarium-Details/en?link=CAL0000003338&column=szBarcode,BSI_Medicinal_Plant_Database (16).csv
1654,Solanum albicaule Kotschy ex Dunal,SOLANACEAE,Narkanta (Rajasthan),https://archive.bsi.gov.in/echoHerbarium-Details/en?link=CAL0000009178&column=szBarcode,BSI_Medicinal_Plant_Database (16).csv
1655,Solanum dulcamara L.,SOLANACEAE,Kakmachi (Sans.),https://archive.bsi.gov.in/echoHerbarium-Details/en?link=CAL0000009166&column=szBarcode,BSI_Medicinal_Plant_Database (16).csv
1656,Solanum erianthum D.Don,SOLANACEAE,Vidari (Sans.),https://archive.bsi.gov.in/echoHerbarium-Details/en?link=CAL0000009167&column=szBarcode,BSI_Medicinal_Plant_Database (16).csv
1657,Solanum ferox L.,SOLANACEAE,Garbhada (Sans.),https://archive.bsi.gov.in/echoHerbarium-Details/en?link=CAL0000009168&column=szBarcode,BSI_Medicinal_Plant_Database (16).csv
1658,Solanum gracilipes Decne.,SOLANACEAE,Howa (Punjab),https://archive.bsi.gov.in/echoHerbarium-Details/en?link=CAL0000009177&column=szBarcode,BSI_Medicinal_Plant_Database (16).csv
1659,Solanum indicum L.,SOLANACEAE,"Barhanta, Birhatta (Hindi)",https://archive.bsi.gov.in/echoHerbarium-Details/en?link=CAL0000009170&column=szBarcode,BSI_Medicinal_Plant_Database (16).csv
1660,Solanum melongena L.,SOLANACEAE,"Bengan, Ubhi ringani (Guj)",https://archive.bsi.gov.in/echoHerbarium-Details/en?link=CAL0000013129&column=szBarcode,BSI_Medicinal_Plant_Database (16).csv
1661,Solanum nigrum L.,SOLANACEAE,Makoi,https://archive.bsi.gov.in/echoHerbarium-Details/en?link=CAL0000009164&column=szBarcode,BSI_Medicinal_Plant_Database (16).csv
1662,Solanum spirale Roxb.,SOLANACEAE,Mungaskajur,https://archive.bsi.gov.in/echoHerbarium-Details/en?link=CAL0000009165&column=szBarcode,BSI_Medicinal_Plant_Database (16).csv
1663,Solanum surattense Burm.f.,SOLANACEAE,"Kateli, Katai",https://archive.bsi.gov.in/echoHerbarium-Details/en?link=CAL0000009173&column=szBarcode,BSI_Medicinal_Plant_Database (16).csv
1664,Solanum torvum Sw.,SOLANACEAE,Titbaigun (Beng.),https://archive.bsi.gov.in/echoHerbarium-Details/en?link=CAL0000009169&column=szBarcode,BSI_Medicinal_Plant_Database (16).csv
1665,Solanum trilobatum L.,SOLANACEAE,Alarka (Sans.),https://archive.bsi.gov.in/echoHerbarium-Details/en?link=CAL0000009171&column=szBarcode,BSI_Medicinal_Plant_Database (16).csv
1666,Solanum tuberosum L.,SOLANACEAE,Alu,https://archive.bsi.gov.in/echoHerbarium-Details/en?link=CAL0000009175&column=szBarcode,BSI_Medicinal_Plant_Database (16).csv
1667,Solidago virgaurea L.,ASTERACEAE,Woundwort (Eng.),https://archive.bsi.gov.in/echoHerbarium-Details/en?link=CAL0000009309&column=szBarcode,BSI_Medicinal_Plant_Database (16).csv
1668,Sonchus asper (L.) Hill,ASTERACEAE,Didhi,https://archive.bsi.gov.in/echoHerbarium-Details/en?link=CAL0000009306&column=szBarcode,BSI_Medicinal_Plant_Database (16).csv
1669,Sonchus brachyotus DC.,ASTERACEAE,Sadhi,https://archive.bsi.gov.in/echoHerbarium-Details/en?link=CAL0000009308&column=szBarcode,BSI_Medicinal_Plant_Database (16).csv
1670,Sonchus oleraceus L.,ASTERACEAE,"Dudhi, Dodak",https://archive.bsi.gov.in/echoHerbarium-Details/en?link=CAL0000009307&column=szBarcode,BSI_Medicinal_Plant_Database (16).csv
1671,Sonneratia caseolaris (L.) Engl.,SONNERATIACEAE,"Orcha, Archa (Beng.)",https://archive.bsi.gov.in/echoHerbarium-Details/en?link=CAL0000009525&column=szBarcode,BSI_Medicinal_Plant_Database (16).csv
1672,Sophora mollis (Royle) Baker,FABACEAE,"Kun, Malan (Punjab)",https://archive.bsi.gov.in/echoHerbarium-Details/en?link=CAL0000003298&column=szBarcode,BSI_Medicinal_Plant_Database (16).csv
1673,Sophora tomentosa L.,FABACEAE,Silver Bush (Eng.),https://archive.bsi.gov.in/echoHerbarium-Details/en?link=CAL0000003299&column=szBarcode,BSI_Medicinal_Plant_Database (16).csv
1674,Sopubia delphinifolia (L.) G.Don,SCROPHULARIACEAE,Dudhali (Mar. & Guj.),https://archive.bsi.gov.in/echoHerbarium-Details/en?link=CAL0000008755&column=szBarcode,BSI_Medicinal_Plant_Database (16).csv
1675,Sorbaria tomentosa (Lindl.) Rehder,ROSACEAE,Baakhre jhaar (Nepali),https://archive.bsi.gov.in/echoHerbarium-Details/en?link=CAL0000009600&column=szBarcode,BSI_Medicinal_Plant_Database (16).csv
1676,Sorbus aucuparia L.,ROSACEAE,Baltal (Punjab),https://archive.bsi.gov.in/echoHerbarium-Details/en?link=CAL0000009620&column=szBarcode,BSI_Medicinal_Plant_Database (16).csv
1677,Sorghum halepense (L.) Pers.,POACEAE,Baru,https://archive.bsi.gov.in/echoHerbarium-Details/en?link=CAL0000003187&column=szBarcode,BSI_Medicinal_Plant_Database (16).csv
1678,Soymida febrifuga A.Juss.,MELIACEAE,"Rohun, Rohunna",https://archive.bsi.gov.in/echoHerbarium-Details/en?link=CAL0000009861&column=szBarcode,BSI_Medicinal_Plant_Database (16).csv
1679,Spermadictyon suaveolens Roxb.,RUBIACEAE,Kondamuritidi (Tel.),https://archive.bsi.gov.in/echoHerbarium-Details/en?link=CAL0000009592&column=szBarcode,BSI_Medicinal_Plant_Database (16).csv
1680,Sphaeranthus africanus L.,ASTERACEAE,Sveta hapusa (Sans.),https://archive.bsi.gov.in/echoHerbarium-Details/en?link=CAL0000009320&column=szBarcode,BSI_Medicinal_Plant_Database (16).csv
1681,Sphaeranthus indicus L.,ASTERACEAE,"Mundi, Gorakh mundi",https://archive.bsi.gov.in/echoHerbarium-Details/en?link=CAL0000009319&column=szBarcode,BSI_Medicinal_Plant_Database (16).csv
1682,Sphenodesme pentandra Jack.,VERBENACEAE,Tukha-karaing (Kach.),https://archive.bsi.gov.in/echoHerbarium-Details/en?link=CAL0000013278&column=szBarcode,BSI_Medicinal_Plant_Database (16).csv
1683,Spilanthes calva DC.,ASTERACEAE,Akkalkara (Mar.),https://archive.bsi.gov.in/echoHerbarium-Details/en?link=CAL0000009323&column=szBarcode,BSI_Medicinal_Plant_Database (16).csv
1684,Spinacia oleracea L.,CHENOPODIACEAE,Para cress (Eng.),https://archive.bsi.gov.in/echoHerbarium-Details/en?link=CAL0000013364&column=szBarcode,BSI_Medicinal_Plant_Database (16).csv
1685,Spondias pinnata (L.f.) Kurz,ANACARDIACEAE,"Ambada, Jangali Aam",https://archive.bsi.gov.in/echoHerbarium-Details/en?link=CAL0000003383&column=szBarcode,BSI_Medicinal_Plant_Database (16).csv
1686,Stachys palustris L.,LAMIACEAE,Marsh Woundwort (Eng.),https://archive.bsi.gov.in/echoHerbarium-Details/en?link=CAL0000008655&column=szBarcode,BSI_Medicinal_Plant_Database (16).csv
1687,Stachys parviflora Benth.,LAMIACEAE,"Baggibuti, Kirimar (Punjab)",https://archive.bsi.gov.in/echoHerbarium-Details/en?link=CAL0000008656&column=szBarcode,BSI_Medicinal_Plant_Database (16).csv
1688,Stachys sylvatica L.,LAMIACEAE,Hedge Woundwort (Eng.),https://archive.bsi.gov.in/echoHerbarium-Details/en?link=CAL0000008652&column=szBarcode,BSI_Medicinal_Plant_Database (16).csv
1689,Stachytarpheta indica (L.) Vahl,VERBENACEAE,Kariyartharani,https://archive.bsi.gov.in/echoHerbarium-Details/en?link=CAL0000013204&column=szBarcode,BSI_Medicinal_Plant_Database (16).csv
1690,Stellaria alsine Grimm,CARYOPHYLLACEAE,Bog stitchwort (Eng.),https://archive.bsi.gov.in/echoHerbarium-Details/en?link=CAL0000013962&column=szBarcode,BSI_Medicinal_Plant_Database (16).csv
1691,Stellaria media (L.) Vill.,CARYOPHYLLACEAE,Morolia (Assam),https://archive.bsi.gov.in/echoHerbarium-Details/en?link=CAL0000013961&column=szBarcode,BSI_Medicinal_Plant_Database (16).csv
1692,Stemodia viscosa Roxb.,SCROPHULARIACEAE,Nukachuni (Beng.),https://archive.bsi.gov.in/echoHerbarium-Details/en?link=CAL0000013268&column=szBarcode,BSI_Medicinal_Plant_Database (16).csv
1693,Stephania glabra (Roxb.) Miers.,MENISPERMACEAE,Gindaru (Garhwal),https://archive.bsi.gov.in/echoHerbarium-Details/en?link=CAL0000013896&column=szBarcode,BSI_Medicinal_Plant_Database (16).csv
1694,Stephania hernandifolia (Willd.) Walp.,MENISPERMACEAE,"Musakani, Vanatiktika (Sans.)",https://archive.bsi.gov.in/echoHerbarium-Details/en?link=CAL0000013894&column=szBarcode,BSI_Medicinal_Plant_Database (16).csv
1695,Sterculia balanghas L.,STERCULIACEAE,Kavalam (Tam.),https://archive.bsi.gov.in/echoHerbarium-Details/en?link=CAL0000013944&column=szBarcode,BSI_Medicinal_Plant_Database (16).csv
1696,Sterculia foetida L.,STERCULIACEAE,Jangli badam,https://archive.bsi.gov.in/echoHerbarium-Details/en?link=CAL0000013941&column=szBarcode,BSI_Medicinal_Plant_Database (16).csv
1697,Sterculia rubiginosa Vent.,STERCULIACEAE,Rusty Sterculai (Eng.),https://archive.bsi.gov.in/echoHerbarium-Details/en?link=CAL0000013943&column=szBarcode,BSI_Medicinal_Plant_Database (16).csv
1698,Sterculia urens Roxb.,STERCULIACEAE,"Gular, Gulu",https://archive.bsi.gov.in/echoHerbarium-Details/en?link=CAL0000008603&column=szBarcode,BSI_Medicinal_Plant_Database (16).csv
1699,Stereospermum chelonoides (L.f.) DC.,BIGNONIACEAE,"Parral, Pader",https://archive.bsi.gov.in/echoHerbarium-Details/en?link=CAL0000009122&column=szBarcode,BSI_Medicinal_Plant_Database (16).csv
1700,Stereospermum personatum (Hassk.) Chatterjee,BIGNONIACEAE,"Parral, Pader",https://archive.bsi.gov.in/echoHerbarium-Details/en?link=CAL0000009124&column=szBarcode,BSI_Medicinal_Plant_Database (16).csv
1701,Stranvaesia glaucescens Lindl.,ROSACEAE,Gadh-mehal (Kumaun),https://archive.bsi.gov.in/echoHerbarium-Details/en?link=CAL0000009605&column=szBarcode,BSI_Medicinal_Plant_Database (17).csv
1702,Streblus asper Lour.,MORACEAE,"Siora, Karchanua",https://archive.bsi.gov.in/echoHerbarium-Details/en?link=CAL0000009205&column=szBarcode,BSI_Medicinal_Plant_Database (17).csv
1703,Striga asiatica (L.) Kuntze,SCROPHULARIACEAE,Agia,https://archive.bsi.gov.in/echoHerbarium-Details/en?link=CAL0000008753&column=szBarcode,BSI_Medicinal_Plant_Database (17).csv
1704,Striga gesnerioides (Willd.) Vatke,SCROPHULARIACEAE,Missi,https://archive.bsi.gov.in/echoHerbarium-Details/en?link=CAL0000008751&column=szBarcode,BSI_Medicinal_Plant_Database (17).csv
1705,Strobilanthes callosus Nees,ACANTHACEAE,Maruadana,https://archive.bsi.gov.in/echoHerbarium-Details/en?link=CAL0000013334&column=szBarcode,BSI_Medicinal_Plant_Database (17).csv
1706,Strobilanthes cusia (Nees.) Kuntze,ACANTHACEAE,Rum (Assam),https://archive.bsi.gov.in/echoHerbarium-Details/en?link=CAL0000013332&column=szBarcode,BSI_Medicinal_Plant_Database (17).csv
1707,Strobilanthes lupulinus Nees,ACANTHACEAE,Karun Kurinji (Tam.),https://archive.bsi.gov.in/echoHerbarium-Details/en?link=CAL0000013338&column=szBarcode,BSI_Medicinal_Plant_Database (17).csv
1708,Strophanthus wightianus Wall.,APOCYNACEAE,Neivalli (Tam.),https://archive.bsi.gov.in/echoHerbarium-Details/en?link=CAL0000009460&column=szBarcode,BSI_Medicinal_Plant_Database (17).csv
1709,Strychnos aenea A.W.Hill,LOGANIAACEAE,Mothira-kanjiram (Mal.),https://archive.bsi.gov.in/echoHerbarium-Details/en?link=CAL0000009519&column=szBarcode,BSI_Medicinal_Plant_Database (17).csv
1710,Strychnos cinnamomifolia Thwaites,LOGANIAACEAE,Valli-kanjiram (Madras),https://archive.bsi.gov.in/echoHerbarium-Details/en?link=CAL0000009518&column=szBarcode,BSI_Medicinal_Plant_Database (17).csv
1711,Strychnos colubrina L.,LOGANIAACEAE,Kuchila lata,https://archive.bsi.gov.in/echoHerbarium-Details/en?link=CAL0000009520&column=szBarcode,BSI_Medicinal_Plant_Database (17).csv
1712,Strychnos ignatii Berg.,LOGANIACEAE,Pipita,https://archive.bsi.gov.in/echoHerbarium-Details/en?link=CAL0000009647&column=szBarcode,BSI_Medicinal_Plant_Database (17).csv
1713,Strychnos nux-vomica L.,LOGANIAACEAE,"Bailewa, Kajra",https://archive.bsi.gov.in/echoHerbarium-Details/en?link=CAL0000009521&column=szBarcode,BSI_Medicinal_Plant_Database (17).csv
1714,Strychnos potatorum L.f.,LOGANIAACEAE,"Nirmali, Nelmal",https://archive.bsi.gov.in/echoHerbarium-Details/en?link=CAL0000009522&column=szBarcode,BSI_Medicinal_Plant_Database (17).csv
1715,Styrax benzoin Dryand.,STYRACACEAE,"Luban, Loban",https://archive.bsi.gov.in/echoHerbarium-Details/en?link=CAL0000009513&column=szBarcode,BSI_Medicinal_Plant_Database (17).csv
1716,Suaeda fruticosa (L.) Forsk.,CHENOPODIACEAE,"Lunak, Chhoti-lani",https://archive.bsi.gov.in/echoHerbarium-Details/en?link=CAL0000013374&column=szBarcode,BSI_Medicinal_Plant_Database (17).csv
1717,Swertia alata (D.Don) Royle ex C.B.Clarke,GENTIANACEAE,Bui (Kashmir),https://archive.bsi.gov.in/echoHerbarium-Details/en?link=CAL0000013190&column=szBarcode,BSI_Medicinal_Plant_Database (17).csv
1718,Swertia angustifolia Buch.-Ham. ex D.Don,GENTIANACEAE,"Pahari kiretta, Mitha kirayat",https://archive.bsi.gov.in/echoHerbarium-Details/en?link=CAL0000009502&column=szBarcode,BSI_Medicinal_Plant_Database (17).csv
1719,Swertia paniculata Wall.,GENTIANACEAE,Kadavi (Mar.),https://archive.bsi.gov.in/echoHerbarium-Details/en?link=CAL0000009501&column=szBarcode,BSI_Medicinal_Plant_Database (17).csv
1720,Symplocos chinensis (Lour.) Druce,SYMPLOCACEAE,Ludh,https://archive.bsi.gov.in/echoHerbarium-Details/en?link=CAL0000009515&column=szBarcode,BSI_Medicinal_Plant_Database (17).csv
1721,Symplocos racemosa Roxb.,SYMPLOCACEAE,Lodha,https://archive.bsi.gov.in/echoHerbarium-Details/en?link=CAL0000009516&column=szBarcode,BSI_Medicinal_Plant_Database (17).csv
1722,Synedrella nodiflora (L.) Gaertn.,ASTERACEAE,Mudiyendra pacha (Mal.),https://archive.bsi.gov.in/echoHerbarium-Details/en?link=CAL0000009338&column=szBarcode,BSI_Medicinal_Plant_Database (17).csv
1723,Syringa persica L.,OLEACEAE,Hiasmin (Kashmir),https://archive.bsi.gov.in/echoHerbarium-Details/en?link=CAL0000009570&column=szBarcode,BSI_Medicinal_Plant_Database (17).csv
1724,Syzygium aromaticum (L.) Merr. & L.M.Perry,MYRTACEAE,"Laung, Lavanga",https://archive.bsi.gov.in/echoHerbarium-Details/en?link=CAL0000009650&column=szBarcode,BSI_Medicinal_Plant_Database (17).csv
1725,Syzygium cumini (L.) Skeels,MYRTACEAE,"Jaman, Jam",https://archive.bsi.gov.in/echoHerbarium-Details/en?link=CAL0000009538&column=szBarcode,BSI_Medicinal_Plant_Database (17).csv
1726,Syzygium jambos (L.) Alston,MYRTACEAE,Gulabjaman (Hindi & Mal.),https://archive.bsi.gov.in/echoHerbarium-Details/en?link=CAL0000009543&column=szBarcode,BSI_Medicinal_Plant_Database (17).csv
1727,Syzygium zeylanicum (L.) DC.,MYRTACEAE,Bhedas (Mar.),https://archive.bsi.gov.in/echoHerbarium-Details/en?link=CAL0000009539&column=szBarcode,BSI_Medicinal_Plant_Database (17).csv
1728,Tabernaemontana divaricata (L.) R.Br. ex Roem. & Schult.,APOCYNACEAE,"Chandni, Tagar",https://archive.bsi.gov.in/echoHerbarium-Details/en?link=CAL0000009272&column=szBarcode,BSI_Medicinal_Plant_Database (17).csv
1729,Tacca integrifolia Ker-Gawl.,TACCACEAE,Vrahikanda,https://archive.bsi.gov.in/echoHerbarium-Details/en?link=CAL0000003013&column=szBarcode,BSI_Medicinal_Plant_Database (17).csv
1730,Tagetes erecta L.,ASTERACEAE,"Genda, Gultera",https://archive.bsi.gov.in/echoHerbarium-Details/en?link=CAL0000009336&column=szBarcode,BSI_Medicinal_Plant_Database (17).csv
1731,Tamarindus indica L.,CAESALPINIACEAE,"Imli, Amli",https://archive.bsi.gov.in/echoHerbarium-Details/en?link=CAL0000003788&column=szBarcode,BSI_Medicinal_Plant_Database (17).csv
1732,Taraxacum offininale Weber,ASTERACEAE,"Dulal, Barau",https://archive.bsi.gov.in/echoHerbarium-Details/en?link=CAL0000009295&column=szBarcode,BSI_Medicinal_Plant_Database (17).csv
1733,Tarenna asiatica (L.) Kuntze ex K.Schum.,RUBIACEAE,Kankra (Beng.),https://archive.bsi.gov.in/echoHerbarium-Details/en?link=CAL0000009393&column=szBarcode,BSI_Medicinal_Plant_Database (17).csv
1734,Taverniera cuneifolia (Roth) Arn.,FABACEAE,East-Indian Moneywort (Eng.),https://archive.bsi.gov.in/echoHerbarium-Details/en?link=CAL0000003336&column=szBarcode,BSI_Medicinal_Plant_Database (17).csv
1735,Taxus wallichiana Zucc.,TAXACEAE,"Thuno, Birmi",https://archive.bsi.gov.in/echoHerbarium-Details/en?link=CAL0000009160&column=szBarcode,BSI_Medicinal_Plant_Database (17).csv
1736,Tecoma stans (L.) Juss. ex Kunth,BIGNONIACEAE,Sonapatti (Tam.),https://archive.bsi.gov.in/echoHerbarium-Details/en?link=CAL0000009125&column=szBarcode,BSI_Medicinal_Plant_Database (17).csv
1737,Tecomella undulata (Sm.) Seem.,BIGNONIACEAE,"Rugtrora, Roheda",https://archive.bsi.gov.in/echoHerbarium-Details/en?link=CAL0000009128&column=szBarcode,BSI_Medicinal_Plant_Database (17).csv
1738,Tectona grandis L.f.,VERBENACEAE,"Sagun, Sagwan",https://archive.bsi.gov.in/echoHerbarium-Details/en?link=CAL0000013201&column=szBarcode,BSI_Medicinal_Plant_Database (17).csv
1739,Tephrosia candida (Roxb.) DC.,FABACEAE,"Lashtia, Masethi",https://archive.bsi.gov.in/echoHerbarium-Details/en?link=CAL0000003353&column=szBarcode,BSI_Medicinal_Plant_Database (17).csv
1740,Tephrosia purpurea (L.) Pers.,FABACEAE,"Jand, Chaunkra",https://archive.bsi.gov.in/echoHerbarium-Details/en?link=CAL0000003352&column=szBarcode,BSI_Medicinal_Plant_Database (17).csv
1741,Tephrosia uniflora Pers.,FABACEAE,Kanthalu (Sans.),https://archive.bsi.gov.in/echoHerbarium-Details/en?link=CAL0000003350&column=szBarcode,BSI_Medicinal_Plant_Database (17).csv
1742,Tephrosia villosa (L.) Pers.,FABACEAE,Runchhalisarpankho (Guj.),https://archive.bsi.gov.in/echoHerbarium-Details/en?link=CAL0000003351&column=szBarcode,BSI_Medicinal_Plant_Database (17).csv
1743,Teramnus labialis (L.f.) Spreng,FABACEAE,"Mashoni, Mashparui",https://archive.bsi.gov.in/echoHerbarium-Details/en?link=CAL0000003320&column=szBarcode,BSI_Medicinal_Plant_Database (17).csv
1744,Terminalia alata B.Heyne ex Roth,COMBRETACEAE,"Asan, Sain",https://archive.bsi.gov.in/echoHerbarium-Details/en?link=CAL0000009563&column=szBarcode,BSI_Medicinal_Plant_Database (17).csv
1745,Terminalia arjuna (Roxb.) Wight & Arn.,COMBRETACEAE,Arjuna,https://archive.bsi.gov.in/echoHerbarium-Details/en?link=CAL0000009561&column=szBarcode,BSI_Medicinal_Plant_Database (17).csv
1746,Terminalia bellirica (Gaertn.) Roxb.,COMBRETACEAE,Bahera,https://archive.bsi.gov.in/echoHerbarium-Details/en?link=CAL0000009566&column=szBarcode,BSI_Medicinal_Plant_Database (17).csv
1747,Terminalia bialata Steud.,COMBRETACEAE,Safed chuglam (Andamans),https://archive.bsi.gov.in/echoHerbarium-Details/en?link=CAL0000009636&column=szBarcode,BSI_Medicinal_Plant_Database (17).csv
1748,Terminalia catappa L.,COMBRETACEAE,Deshi Badam,https://archive.bsi.gov.in/echoHerbarium-Details/en?link=CAL0000009565&column=szBarcode,BSI_Medicinal_Plant_Database (17).csv
1749,Terminalia chebula (Gaertn.) Retz.,COMBRETACEAE,Harre,https://archive.bsi.gov.in/echoHerbarium-Details/en?link=CAL0000009564&column=szBarcode,BSI_Medicinal_Plant_Database (17).csv
1750,Terminalia citrina Roxb.,COMBRETACEAE,Hritaki (Beng.),https://archive.bsi.gov.in/echoHerbarium-Details/en?link=CAL0000009558&column=szBarcode,BSI_Medicinal_Plant_Database (17).csv
1751,Terminalia coriacea Wight & Arn.,COMBRETACEAE,Tani (Tel.),https://archive.bsi.gov.in/echoHerbarium-Details/en?link=CAL0000009559&column=szBarcode,BSI_Medicinal_Plant_Database (17).csv
1752,Terminalia myriocarpa Van Heurck & Muell.Arg.,COMBRETACEAE,Pnisaj (Beng.),https://archive.bsi.gov.in/echoHerbarium-Details/en?link=CAL0000009557&column=szBarcode,BSI_Medicinal_Plant_Database (17).csv
1753,Terminalia pallida Brandis,COMBRETACEAE,Tellakaraka (Tel.),https://archive.bsi.gov.in/echoHerbarium-Details/en?link=CAL0000009554&column=szBarcode,BSI_Medicinal_Plant_Database (17).csv
1754,Terminalia paniculata Roth,COMBRETACEAE,Kinjal (Mar.),https://archive.bsi.gov.in/echoHerbarium-Details/en?link=CAL0000009562&column=szBarcode,BSI_Medicinal_Plant_Database (17).csv
1755,Ternstroemia gymnanthera (Wight & Arn.) Bedd.,THEACEAE,Kamoni (Kan.),https://archive.bsi.gov.in/echoHerbarium-Details/en?link=CAL0000013182&column=szBarcode,BSI_Medicinal_Plant_Database (17).csv
1756,Tetracera laevis Vahl,DILLENIACEAE,Anaittichal (Tam.),https://archive.bsi.gov.in/echoHerbarium-Details/en?link=CAL0000013913&column=szBarcode,BSI_Medicinal_Plant_Database (17).csv
1757,Tetradium fraxinifolium (Hook.) Hartley,RUTACEAE,Kanukpa (Nepal & Bengal),https://archive.bsi.gov.in/echoHerbarium-Details/en?link=CAL0000009970&column=szBarcode,BSI_Medicinal_Plant_Database (17).csv
1758,Tetradium ruticarpum (A.Juss.) Hartley,RUTACEAE,Bora-asing (Assam),https://archive.bsi.gov.in/echoHerbarium-Details/en?link=CAL0000009969&column=szBarcode,BSI_Medicinal_Plant_Database (17).csv
1759,Teucrium chamaedrys L.,VITACEAE,Wall-Germander,https://archive.bsi.gov.in/echoHerbarium-Details/en?link=CAL0000008733&column=szBarcode,BSI_Medicinal_Plant_Database (17).csv
1760,Teucrium polium L.,VITACEAE,Felty germander (Eng.),https://archive.bsi.gov.in/echoHerbarium-Details/en?link=CAL0000008734&column=szBarcode,BSI_Medicinal_Plant_Database (17).csv
1761,Teucrium scordium L.,LAMIACEAE,Water-Germander (Eng.),https://archive.bsi.gov.in/echoHerbarium-Details/en?link=CAL0000008729&column=szBarcode,BSI_Medicinal_Plant_Database (17).csv
1762,Thalictrum foliolosum DC.,RANUNCULACEAE,"Pilazari, Mamiri",https://archive.bsi.gov.in/echoHerbarium-Details/en?link=CAL0000013931&column=szBarcode,BSI_Medicinal_Plant_Database (17).csv
1763,Thalictrum minus L.,RANUNCULACEAE,Dwarf meadow Rue (Eng.),https://archive.bsi.gov.in/echoHerbarium-Details/en?link=CAL0000013929&column=szBarcode,BSI_Medicinal_Plant_Database (17).csv
1764,Theobroma cacao L.,STERCULIACEAE,Chocolate Tree (Eng.),https://archive.bsi.gov.in/echoHerbarium-Details/en?link=CAL0000013932&column=szBarcode,BSI_Medicinal_Plant_Database (17).csv
1765,Thespesia populnea (L.) Soland. ex Correa,MALVACEAE,"Parsipu, Porush",https://archive.bsi.gov.in/echoHerbarium-Details/en?link=CAL0000008744&column=szBarcode,BSI_Medicinal_Plant_Database (17).csv
1766,Thevetia peruviana (Pers.) Schum.,APOCYNACEAE,"Pile kaner, Zard kunel",https://archive.bsi.gov.in/echoHerbarium-Details/en?link=CAL0000009448&column=szBarcode,BSI_Medicinal_Plant_Database (17).csv
1767,Thlaspi arvense L.,BRASSICACEAE,Common Penycress (Eng.),https://archive.bsi.gov.in/echoHerbarium-Details/en?link=CAL0000013859&column=szBarcode,BSI_Medicinal_Plant_Database (17).csv
1768,Thuja orientalis L.,CUPRESSACEAE,"Morepankhi, Mayurpankh",https://archive.bsi.gov.in/echoHerbarium-Details/en?link=CAL0000009162&column=szBarcode,BSI_Medicinal_Plant_Database (17).csv
1769,Thunbergia alata Bojer ex Sims,ACANTHACEAE,Black-Eyed Susan (Eng.),https://archive.bsi.gov.in/echoHerbarium-Details/en?link=CAL0000013301&column=szBarcode,BSI_Medicinal_Plant_Database (17).csv
1770,Thunbergia grandiflora (Roxb. ex Rottl.) Roxb.,ACANTHACEAE,Mulluta,https://archive.bsi.gov.in/echoHerbarium-Details/en?link=CAL0000013500&column=szBarcode,BSI_Medicinal_Plant_Database (17).csv
1771,Thunbergia laurifolia Lindl.,ACANTHACEAE,Purple allamanda (Eng.),https://archive.bsi.gov.in/echoHerbarium-Details/en?link=CAL0000013303&column=szBarcode,BSI_Medicinal_Plant_Database (17).csv
1772,Thymus serpyllum L.,LAMIACEAE,Banajwain,https://archive.bsi.gov.in/echoHerbarium-Details/en?link=CAL0000008710&column=szBarcode,BSI_Medicinal_Plant_Database (17).csv
1773,Thymus vulgaris L.,LAMIACEAE,Common Thyme (Eng.),https://archive.bsi.gov.in/echoHerbarium-Details/en?link=CAL0000008712&column=szBarcode,BSI_Medicinal_Plant_Database (17).csv
1774,Tiliacora acuminata (Lam.) Hook.f. & Thomson,MENISPERMACEAE,"Bega, Bhaga",https://archive.bsi.gov.in/echoHerbarium-Details/en?link=CAL0000013898&column=szBarcode,BSI_Medicinal_Plant_Database (17).csv
1775,Tinospora cordifolia (Willd.) Hook.f. & Thomson,MENISPERMACEAE,"Amrita, Giloe",https://archive.bsi.gov.in/echoHerbarium-Details/en?link=CAL0000013900&column=szBarcode,BSI_Medicinal_Plant_Database (17).csv
1776,Tinospora sinensis (Lour.) Merr.,MENISPERMACEAE,"Giloe, Gulancha",https://archive.bsi.gov.in/echoHerbarium-Details/en?link=CAL0000013899&column=szBarcode,BSI_Medicinal_Plant_Database (17).csv
1777,Toddalia asiatica (L.) Lam.,RUTACEAE,"Jangli-kalimirch, Kanj",https://archive.bsi.gov.in/echoHerbarium-Details/en?link=CAL0000009837&column=szBarcode,BSI_Medicinal_Plant_Database (17).csv
1778,Toona ciliata Roem.,MELIACEAE,"Tun, Mahanim",https://archive.bsi.gov.in/echoHerbarium-Details/en?link=CAL0000013146&column=szBarcode,BSI_Medicinal_Plant_Database (17).csv
1779,Torenia asiatica L.,SCROPHULARIACEAE,Kakapu (Mal.),https://archive.bsi.gov.in/echoHerbarium-Details/en?link=CAL0000013255&column=szBarcode,BSI_Medicinal_Plant_Database (17).csv
1780,Trachelospermum lucidum (D.Don) K.Schum.,APOCYNACEAE,Akhahilata (Assam),https://archive.bsi.gov.in/echoHerbarium-Details/en?link=CAL0000009457&column=szBarcode,BSI_Medicinal_Plant_Database (17).csv
1781,Trachylobium hornemannianum Hayne,CAESALPINIACEAE,Zangiber copal (Eng.),https://archive.bsi.gov.in/echoHerbarium-Details/en?link=CAL0000003406&column=szBarcode,BSI_Medicinal_Plant_Database (17).csv
1782,Trachyspermum ammi (L.) Sprague,APIACEAE,"Ajowan, Ajwain",https://archive.bsi.gov.in/echoHerbarium-Details/en?link=CAL0000013531&column=szBarcode,BSI_Medicinal_Plant_Database (17).csv
1783,Trachyspermum roxburghianum (DC.) Wolff,APIACEAE,"Ajmud, Ajmod",https://archive.bsi.gov.in/echoHerbarium-Details/en?link=CAL0000013754&column=szBarcode,BSI_Medicinal_Plant_Database (17).csv
1784,Tragia involucrata L.,EUPHORBIACEAE,Barhanta,https://archive.bsi.gov.in/echoHerbarium-Details/en?link=CAL0000008778&column=szBarcode,BSI_Medicinal_Plant_Database (17).csv
1785,Tragopogon pratensis L.,ASTERACEAE,Bucks-beard (Eng.),https://archive.bsi.gov.in/echoHerbarium-Details/en?link=CAL0000009304&column=szBarcode,BSI_Medicinal_Plant_Database (17).csv
1786,Tragopogon sinuatus Avé-Lall.,ASTERACEAE,Oyester-Plant (Eng.),https://archive.bsi.gov.in/echoHerbarium-Details/en?link=CAL0000009296&column=szBarcode,BSI_Medicinal_Plant_Database (17).csv
1787,Trapa natans L.,TRAPACEAE,Singhara,https://archive.bsi.gov.in/echoHerbarium-Details/en?link=CAL0000009512&column=szBarcode,BSI_Medicinal_Plant_Database (17).csv
1788,Trema orientalis (L.) Blume,ULMACEAE,Gio,https://archive.bsi.gov.in/echoHerbarium-Details/en?link=CAL0000013383&column=szBarcode,BSI_Medicinal_Plant_Database (17).csv
1789,Trewia nudiflora L.,EUPHORBIACEAE,"Bhillaura, Gamhar",https://archive.bsi.gov.in/echoHerbarium-Details/en?link=CAL0000008804&column=szBarcode,BSI_Medicinal_Plant_Database (17).csv
1790,Tribulus terrestris L.,ZYGOPHYLLACEAE,Gokhru,https://archive.bsi.gov.in/echoHerbarium-Details/en?link=CAL0000013816&column=szBarcode,BSI_Medicinal_Plant_Database (17).csv
1791,Trichilia connaroides (Wight. & Arn.) Bentv.,MELIACEAE,Kapia kushi (Beng.),https://archive.bsi.gov.in/echoHerbarium-Details/en?link=CAL0000009892&column=szBarcode,BSI_Medicinal_Plant_Database (17).csv
1792,Trichodesma africanum (L.) R.Br.,BORAGINACEAE,African Barbbell (Eng.),https://archive.bsi.gov.in/echoHerbarium-Details/en?link=CAL0000009146&column=szBarcode,BSI_Medicinal_Plant_Database (17).csv
1793,Trichodesma indicum (L.) Lehm.,BORAGINACEAE,"Chhota-kulpha, Ratmandi",https://archive.bsi.gov.in/echoHerbarium-Details/en?link=CAL0000009144&column=szBarcode,BSI_Medicinal_Plant_Database (17).csv
1794,Trichodesma zeylanicum (Burm.f.) R.Br.,BORAGINACEAE,Hetenuria,https://archive.bsi.gov.in/echoHerbarium-Details/en?link=CAL0000009143&column=szBarcode,BSI_Medicinal_Plant_Database (17).csv
1795,Tricholepis glaberrima DC.,ASTERACEAE,Brahmadandi,https://archive.bsi.gov.in/echoHerbarium-Details/en?link=CAL0000009328&column=szBarcode,BSI_Medicinal_Plant_Database (17).csv
1796,Trichosanthes bracteata (Lam.) Voigt,CUCURBITACEAE,"Lal indrayan, Mahakal",https://archive.bsi.gov.in/echoHerbarium-Details/en?link=CAL0000009417&column=szBarcode,BSI_Medicinal_Plant_Database (17).csv
1797,Trichosanthes cordata Roxb.,CUCURBITACEAE,"Bhumikumra, Patol (Beng.)",https://archive.bsi.gov.in/echoHerbarium-Details/en?link=CAL0000009418&column=szBarcode,BSI_Medicinal_Plant_Database (17).csv
1798,Trichosanthes cucumerina L.,CUCURBITACEAE,Jangli-chachinda,https://archive.bsi.gov.in/echoHerbarium-Details/en?link=CAL0000009420&column=szBarcode,BSI_Medicinal_Plant_Database (17).csv
1799,Trichosanthes dioica Roxb.,CUCURBITACEAE,Parwal,https://archive.bsi.gov.in/echoHerbarium-Details/en?link=CAL0000009419&column=szBarcode,BSI_Medicinal_Plant_Database (17).csv
1800,Trichosanthes nervifolia L.,CUCURBITACEAE,Palval,https://archive.bsi.gov.in/echoHerbarium-Details/en?link=CAL0000009422&column=szBarcode,BSI_Medicinal_Plant_Database (17).csv
1801,Trichosanthes wallichiana (Ser.) Wight,CUCURBITACEAE,Muzuumtong (Local name),https://archive.bsi.gov.in/echoHerbarium-Details/en?link=CAL0000009421&column=szBarcode,BSI_Medicinal_Plant_Database (18).csv
1802,Trifolium alexandrinum L.,FABACEAE,Egyptian clover (Eng.),https://archive.bsi.gov.in/echoHerbarium-Details/en?link=CAL0000003364&column=szBarcode,BSI_Medicinal_Plant_Database (18).csv
1803,Trifolium pratense L.,FABACEAE,"Trepatra, Chit-batto (Punjab)",https://archive.bsi.gov.in/echoHerbarium-Details/en?link=CAL0000003363&column=szBarcode,BSI_Medicinal_Plant_Database (18).csv
1804,Trifolium repens L.,FABACEAE,White clover (Eng.),https://archive.bsi.gov.in/echoHerbarium-Details/en?link=CAL0000003366&column=szBarcode,BSI_Medicinal_Plant_Database (18).csv
1805,Trigonella corniculata (L.) L.,FABACEAE,"Kasuri Methi, Marwari Methi",https://archive.bsi.gov.in/echoHerbarium-Details/en?link=CAL0000003356&column=szBarcode,BSI_Medicinal_Plant_Database (18).csv
1806,Trigonella foenum-graecum L.,FABACEAE,"Methi, Muthi",https://archive.bsi.gov.in/echoHerbarium-Details/en?link=CAL0000003359&column=szBarcode,BSI_Medicinal_Plant_Database (18).csv
1807,Trigonella incisa Benth.,FABACEAE,Chainhari (Delhi),https://archive.bsi.gov.in/echoHerbarium-Details/en?link=CAL0000003357&column=szBarcode,BSI_Medicinal_Plant_Database (18).csv
1808,Trigonella uncata Boiss. & Noe,FABACEAE,Ban Methi,https://archive.bsi.gov.in/echoHerbarium-Details/en?link=CAL0000003355&column=szBarcode,BSI_Medicinal_Plant_Database (18).csv
1809,Triphasia trifolia (Burm.f.) P.Wilson,RUTACEAE,Cheeninaranghi,https://archive.bsi.gov.in/echoHerbarium-Details/en?link=CAL0000009835&column=szBarcode,BSI_Medicinal_Plant_Database (18).csv
1810,Triumfetta semitriloba L.,TILIACEAE,Burweed (Eng.),https://archive.bsi.gov.in/echoHerbarium-Details/en?link=CAL0000013825&column=szBarcode,BSI_Medicinal_Plant_Database (18).csv
1811,Turraea villosa Benn.,MELIACEAE,Pandre (Mar.),https://archive.bsi.gov.in/echoHerbarium-Details/en?link=CAL0000009868&column=szBarcode,BSI_Medicinal_Plant_Database (18).csv
1812,Tussilago farfara L.,ASTERACEAE,Watpan,https://archive.bsi.gov.in/echoHerbarium-Details/en?link=CAL0000009335&column=szBarcode,BSI_Medicinal_Plant_Database (18).csv
1813,Tylophora fasciculata Ham. ex Wight,ASCLEPIADACEAE,"Bhindodi, Bhui-dari (Bombay)",https://archive.bsi.gov.in/echoHerbarium-Details/en?link=CAL0000009480&column=szBarcode,BSI_Medicinal_Plant_Database (18).csv
1814,Tylophora indica (Burm.f.) Merr.,ASCLEPIADACEAE,"Jangli-pikvam, Antamul",https://archive.bsi.gov.in/echoHerbarium-Details/en?link=CAL0000009476&column=szBarcode,BSI_Medicinal_Plant_Database (18).csv
1815,Tylophora tenuis Blume,ASCLEPIADACEAE,Nanjaruppan (Tam. & Mal.),https://archive.bsi.gov.in/echoHerbarium-Details/en?link=CAL0000009478&column=szBarcode,BSI_Medicinal_Plant_Database (18).csv
1816,Uncaria gambir (Hunt) Roxb.,RUBIACEAE,Kath-kutha,https://archive.bsi.gov.in/echoHerbarium-Details/en?link=CAL0000009372&column=szBarcode,BSI_Medicinal_Plant_Database (18).csv
1817,Uraria crinita Desv.,FABACEAE,Dieng-kha-riu (Khasi Hills),https://archive.bsi.gov.in/echoHerbarium-Details/en?link=CAL0000003329&column=szBarcode,BSI_Medicinal_Plant_Database (18).csv
1818,Uraria lagopodioides (L.) Desv.,FABACEAE,Pithran,https://archive.bsi.gov.in/echoHerbarium-Details/en?link=CAL0000003328&column=szBarcode,BSI_Medicinal_Plant_Database (18).csv
1819,Uraria picta (Jacq.) Desv. ex DC.,FABACEAE,"Dabra, Pithavan",https://archive.bsi.gov.in/echoHerbarium-Details/en?link=CAL0000003330&column=szBarcode,BSI_Medicinal_Plant_Database (18).csv
1820,Uraria rufescens (DC.) Schindl.,FABACEAE,Salaparni (Sans.),https://archive.bsi.gov.in/echoHerbarium-Details/en?link=CAL0000003327&column=szBarcode,BSI_Medicinal_Plant_Database (18).csv
1821,Urena lobata L.,MALVACEAE,"Bachita, Unga",https://archive.bsi.gov.in/echoHerbarium-Details/en?link=CAL0000013838&column=szBarcode,BSI_Medicinal_Plant_Database (18).csv
1822,Urena repanda Roxb. ex Sm.,MALVACEAE,Jatjotiya (Oriya),https://archive.bsi.gov.in/echoHerbarium-Details/en?link=CAL0000013836&column=szBarcode,BSI_Medicinal_Plant_Database (18).csv
1823,Urena sinuata L.,MALVACEAE,"Kunjuya, Lotloti",https://archive.bsi.gov.in/echoHerbarium-Details/en?link=CAL0000013837&column=szBarcode,BSI_Medicinal_Plant_Database (18).csv
1824,Urgenia indica (Roxb.) Kunth,LILIACEAE,"Jangli piyaz, Ban piyazi",https://archive.bsi.gov.in/echoHerbarium-Details/en?link=CAL0000002956&column=szBarcode,BSI_Medicinal_Plant_Database (18).csv
1825,Urtica dioica L.,URTICACEAE,Bichhu booti,https://archive.bsi.gov.in/echoHerbarium-Details/en?link=CAL0000013393&column=szBarcode,BSI_Medicinal_Plant_Database (18).csv
1826,Urtica parviflora Roxb.,URTICACEAE,Paharah-bichuti,https://archive.bsi.gov.in/echoHerbarium-Details/en?link=CAL0000013395&column=szBarcode,BSI_Medicinal_Plant_Database (18).csv
1827,Utricularia bifida L.,LENTIBULARIACEAE,Chotajhangi (Beng.),https://archive.bsi.gov.in/echoHerbarium-Details/en?link=CAL0000009089&column=szBarcode,BSI_Medicinal_Plant_Database (18).csv
1828,Uvaria narum (Dunal) Blume,ANNONACEAE,Pulichan (Tam.),https://archive.bsi.gov.in/echoHerbarium-Details/en?link=CAL0000013907&column=szBarcode,BSI_Medicinal_Plant_Database (18).csv
1829,Vaccaria pyramidata Medik.,CARYOPHYLLACEAE,"Musna, Sabuni",https://archive.bsi.gov.in/echoHerbarium-Details/en?link=CAL0000013968&column=szBarcode,BSI_Medicinal_Plant_Database (18).csv
1830,Valeriana dubia Bunge,VALERIANACEAE,Common Valerian (Eng.),https://archive.bsi.gov.in/echoHerbarium-Details/en?link=CAL0000009495&column=szBarcode,BSI_Medicinal_Plant_Database (18).csv
1831,Valeriana hardwickii Wall.,VALERIANACEAE,"Tagger, Shumeo",https://archive.bsi.gov.in/echoHerbarium-Details/en?link=CAL0000009497&column=szBarcode,BSI_Medicinal_Plant_Database (18).csv
1832,Valeriana jatamansi Jones,VALERIANACEAE,Mushkbala,https://archive.bsi.gov.in/echoHerbarium-Details/en?link=CAL0000009498&column=szBarcode,BSI_Medicinal_Plant_Database (18).csv
1833,Vallaris solanacea (Roth) Kuntze,APOCYNACEAE,"Ramsar, Chamari-ki-vel",https://archive.bsi.gov.in/echoHerbarium-Details/en?link=CAL0000009455&column=szBarcode,BSI_Medicinal_Plant_Database (18).csv
1834,Vanda spathulata (L.) Spreng.,ORCHIDACEAE,Ponnamponmarva (Mal.),https://archive.bsi.gov.in/echoHerbarium-Details/en?link=CAL0000002971&column=szBarcode,BSI_Medicinal_Plant_Database (18).csv
1835,Vanda tessellata (Roxb.) Hook. ex G.Don,ORCHIDACEAE,"Banda, Nai",https://archive.bsi.gov.in/echoHerbarium-Details/en?link=CAL0000002972&column=szBarcode,BSI_Medicinal_Plant_Database (18).csv
1836,Vateria indica L.,DIPTEROCARPACEAE,"Safed domar, Kahruba",https://archive.bsi.gov.in/echoHerbarium-Details/en?link=CAL0000013847&column=szBarcode,BSI_Medicinal_Plant_Database (18).csv
1837,Ventilago denticulata Willd.,RHAMNACEAE,"Pitti, Raidhani",https://archive.bsi.gov.in/echoHerbarium-Details/en?link=CAL0000003472&column=szBarcode,BSI_Medicinal_Plant_Database (18).csv
1838,Ventilago madraspatana Gaertn.,RHAMNACEAE,Pitti,https://archive.bsi.gov.in/echoHerbarium-Details/en?link=CAL0000003473&column=szBarcode,BSI_Medicinal_Plant_Database (18).csv
1839,Verbascum chinense (L.) Santapau,SCROPHULARIACEAE,Gadartambaku,https://archive.bsi.gov.in/echoHerbarium-Details/en?link=CAL0000013274&column=szBarcode,BSI_Medicinal_Plant_Database (18).csv
1840,Verbascum thapsus L.,SCROPHULARIACEAE,"Gidar tamaku, Ban tamaku",https://archive.bsi.gov.in/echoHerbarium-Details/en?link=CAL0000013277&column=szBarcode,BSI_Medicinal_Plant_Database (18).csv
1841,Vernonia arborea Buch.-Ham.,ASTERACEAE,Shutthi (Tam.),https://archive.bsi.gov.in/echoHerbarium-Details/en?link=CAL0000009312&column=szBarcode,BSI_Medicinal_Plant_Database (18).csv
1842,Vernonia cineria (L.) Less.,ASTERACEAE,Sahadevi,https://archive.bsi.gov.in/echoHerbarium-Details/en?link=CAL0000009313&column=szBarcode,BSI_Medicinal_Plant_Database (18).csv
1843,Vernonia squarrosa (D.Don) Less.,ASTERACEAE,Grey Vernonia (Eng.),https://archive.bsi.gov.in/echoHerbarium-Details/en?link=CAL0000009315&column=szBarcode,BSI_Medicinal_Plant_Database (18).csv
1844,Veronica anagallis-aquatica L.,SCROPHULARIACEAE,Titlokia (U.P.),https://archive.bsi.gov.in/echoHerbarium-Details/en?link=CAL0000008746&column=szBarcode,BSI_Medicinal_Plant_Database (18).csv
1845,Veronica arvensis L.,SCROPHULARIACEAE,Corn speedwell (Eng.),https://archive.bsi.gov.in/echoHerbarium-Details/en?link=CAL0000008749&column=szBarcode,BSI_Medicinal_Plant_Database (18).csv
1846,Veronica beccabunga L.,SCROPHULARIACEAE,Brooklime (Eng.),https://archive.bsi.gov.in/echoHerbarium-Details/en?link=CAL0000008748&column=szBarcode,BSI_Medicinal_Plant_Database (18).csv
1847,Vetiveria zizanioides (L.) Roberty,POACEAE,"Khasa, Bena",https://archive.bsi.gov.in/echoHerbarium-Details/en?link=CAL0000003170&column=szBarcode,BSI_Medicinal_Plant_Database (18).csv
1848,Viburnum foetidum Wall.,CAPRIFOLIACEAE,Dieng-soh-leng (Khasi Hills),https://archive.bsi.gov.in/echoHerbarium-Details/en?link=CAL0000009536&column=szBarcode,BSI_Medicinal_Plant_Database (18).csv
1849,Vicia faba L.,FABACEAE,"Bakla, Kala matar",https://archive.bsi.gov.in/echoHerbarium-Details/en?link=CAL0000003332&column=szBarcode,BSI_Medicinal_Plant_Database (18).csv
1850,Vicia hirsuta (L.) S.F.Gray,FABACEAE,"Jhunjhuni ankari, Mun-muna",https://archive.bsi.gov.in/echoHerbarium-Details/en?link=CAL0000003334&column=szBarcode,BSI_Medicinal_Plant_Database (18).csv
1851,Vicia sativa L.,FABACEAE,Narrow-Leaved Vetch (Eng.),https://archive.bsi.gov.in/echoHerbarium-Details/en?link=CAL0000003331&column=szBarcode,BSI_Medicinal_Plant_Database (18).csv
1852,Vigna aconitifolia (Jacq.) Marechal,FABACEAE,"Moth, Bhringga",https://archive.bsi.gov.in/echoHerbarium-Details/en?link=CAL0000003308&column=szBarcode,BSI_Medicinal_Plant_Database (18).csv
1853,Vigna mungo (L.) Hepper,FABACEAE,Urd,https://archive.bsi.gov.in/echoHerbarium-Details/en?link=CAL0000003307&column=szBarcode,BSI_Medicinal_Plant_Database (18).csv
1854,Vigna radiata (L.) Wilczek,FABACEAE,"Mung, Pessara",https://archive.bsi.gov.in/echoHerbarium-Details/en?link=CAL0000003306&column=szBarcode,BSI_Medicinal_Plant_Database (18).csv
1855,Vigna trilobata (L.) Verdcourt,FABACEAE,"Mugam, Trianguli",https://archive.bsi.gov.in/echoHerbarium-Details/en?link=CAL0000003309&column=szBarcode,BSI_Medicinal_Plant_Database (18).csv
1856,Vigna umbellata (Thunb.) Ohwi & Ohashi,FABACEAE,"Sutri, Ghurush",https://archive.bsi.gov.in/echoHerbarium-Details/en?link=CAL0000003305&column=szBarcode,BSI_Medicinal_Plant_Database (18).csv
1857,Vigna unguiculata (L.) Walp.,FABACEAE,"Lobia, Riantshi",https://archive.bsi.gov.in/echoHerbarium-Details/en?link=CAL0000003304&column=szBarcode,BSI_Medicinal_Plant_Database (18).csv
1858,Vincetoxicum album (Mill.) Asch.,ASCLEPIADACEAE,Swallow-Wort (Eng.),https://archive.bsi.gov.in/echoHerbarium-Details/en?link=CAL0000009258&column=szBarcode,BSI_Medicinal_Plant_Database (18).csv
1859,Viola biflora L.,VIOLACEAE,"Banfsa, Dundi Birali",https://archive.bsi.gov.in/echoHerbarium-Details/en?link=CAL0000013983&column=szBarcode,BSI_Medicinal_Plant_Database (18).csv
1860,Viola cineria Boiss.,VIOLACEAE,Jinkobanafsha (Guj.),https://archive.bsi.gov.in/echoHerbarium-Details/en?link=CAL0000013977&column=szBarcode,BSI_Medicinal_Plant_Database (18).csv
1861,Viola diffusa Ging.,VIOLACEAE,Spreding white violet (Eng.),https://archive.bsi.gov.in/echoHerbarium-Details/en?link=CAL0000013981&column=szBarcode,BSI_Medicinal_Plant_Database (18).csv
1862,Viola patrinii Ging,VIOLACEAE,China violet (Eng.),https://archive.bsi.gov.in/echoHerbarium-Details/en?link=CAL0000013982&column=szBarcode,BSI_Medicinal_Plant_Database (18).csv
1863,Viola pilosa Blume,VIOLACEAE,Banafshah,https://archive.bsi.gov.in/echoHerbarium-Details/en?link=CAL0000013980&column=szBarcode,BSI_Medicinal_Plant_Database (18).csv
1864,Viola sylvestris Lam.,VIOLACEAE,Wood violet (Eng.),https://archive.bsi.gov.in/echoHerbarium-Details/en?link=CAL0000013979&column=szBarcode,BSI_Medicinal_Plant_Database (18).csv
1865,Viola tricolor L.,VIOLACEAE,Garden Pansey (Eng.),https://archive.bsi.gov.in/echoHerbarium-Details/en?link=CAL0000013978&column=szBarcode,BSI_Medicinal_Plant_Database (18).csv
1866,Viscum articulatum Burm.f.,LORANTHACEAE,"Budu, Pand",https://archive.bsi.gov.in/echoHerbarium-Details/en?link=CAL0000009103&column=szBarcode,BSI_Medicinal_Plant_Database (18).csv
1867,Viscum monoicum Roxb. ex DC.,LORANTHACEAE,Kuchle-ka-malang,https://archive.bsi.gov.in/echoHerbarium-Details/en?link=CAL0000009105&column=szBarcode,BSI_Medicinal_Plant_Database (18).csv
1868,Viscum orientale Willd.,LORANTHACEAE,Baandaa,https://archive.bsi.gov.in/echoHerbarium-Details/en?link=CAL0000009104&column=szBarcode,BSI_Medicinal_Plant_Database (18).csv
1869,Vitex agnus-castus L.,VERBENACEAE,Monk's Pepper-Tree (Eng.),https://archive.bsi.gov.in/echoHerbarium-Details/en?link=CAL0000013289&column=szBarcode,BSI_Medicinal_Plant_Database (18).csv
1870,Vitex glabrata R.Br.,VERBENACEAE,Bhadu (Bihar),https://archive.bsi.gov.in/echoHerbarium-Details/en?link=CAL0000013280&column=szBarcode,BSI_Medicinal_Plant_Database (18).csv
1871,Vitex leucoxylon L.f.,VERBENACEAE,Sherus (Mar.),https://archive.bsi.gov.in/echoHerbarium-Details/en?link=CAL0000013281&column=szBarcode,BSI_Medicinal_Plant_Database (18).csv
1872,Vitex negundo L.,VERBENACEAE,"Nirgundi, Sambhalu (Punjabi)",https://archive.bsi.gov.in/echoHerbarium-Details/en?link=CAL0000013287&column=szBarcode,BSI_Medicinal_Plant_Database (18).csv
1873,Vitex peduncularis Wall. ex Schauer,VERBENACEAE,"Minjurgorwa, Nagpheni",https://archive.bsi.gov.in/echoHerbarium-Details/en?link=CAL0000013283&column=szBarcode,BSI_Medicinal_Plant_Database (18).csv
1874,Vitex pinnata L.,VERBENACEAE,Nowlieragu (Tel.),https://archive.bsi.gov.in/echoHerbarium-Details/en?link=CAL0000013286&column=szBarcode,BSI_Medicinal_Plant_Database (18).csv
1875,Vitex trifolia L.,VERBENACEAE,"Pani-ki-sanbhalu, Sufed-sanbhalu",https://archive.bsi.gov.in/echoHerbarium-Details/en?link=CAL0000013291&column=szBarcode,BSI_Medicinal_Plant_Database (18).csv
1876,Vitis vinifera L.,VITACEAE,Angur dakh,https://archive.bsi.gov.in/echoHerbarium-Details/en?link=CAL0000003428&column=szBarcode,BSI_Medicinal_Plant_Database (18).csv
1877,Wagatea spicata Dalzell,CAESALPINIACEAE,Wakeri (Mar.),https://archive.bsi.gov.in/echoHerbarium-Details/en?link=CAL0000003408&column=szBarcode,BSI_Medicinal_Plant_Database (18).csv
1878,Waltheria indica L.,STERCULIACEAE,Khar dudhi (Beng.),https://archive.bsi.gov.in/echoHerbarium-Details/en?link=CAL0000013933&column=szBarcode,BSI_Medicinal_Plant_Database (18).csv
1879,Wattakaka volubilis (L.) Stapf,ASCLEPIADACEAE,Nak-chhikni,https://archive.bsi.gov.in/echoHerbarium-Details/en?link=CAL0000009483&column=szBarcode,BSI_Medicinal_Plant_Database (18).csv
1880,Wedelia biflora (L.) DC.,ASTERACEAE,Sonki (Beng.),https://archive.bsi.gov.in/echoHerbarium-Details/en?link=CAL0000009326&column=szBarcode,BSI_Medicinal_Plant_Database (18).csv
1881,Wedelia chinensis (Osbeck) Merr.,ASTERACEAE,"Bhanra, Bhangra",https://archive.bsi.gov.in/echoHerbarium-Details/en?link=CAL0000009324&column=szBarcode,BSI_Medicinal_Plant_Database (18).csv
1882,Wedelia wallichii Less.,ASTERACEAE,Parbatijeera (Oriya),https://archive.bsi.gov.in/echoHerbarium-Details/en?link=CAL0000009325&column=szBarcode,BSI_Medicinal_Plant_Database (18).csv
1883,Wikstroemia indica (L.) C.A.Mey.,THYMELAEACEAE,Small-Leaf Salago (Eng.),https://archive.bsi.gov.in/echoHerbarium-Details/en?link=CAL0000009152&column=szBarcode,BSI_Medicinal_Plant_Database (18).csv
1884,Withania coagulans (Stocks) Dunal,SOLANACEAE,"Akri, Punir",https://archive.bsi.gov.in/echoHerbarium-Details/en?link=CAL0000009183&column=szBarcode,BSI_Medicinal_Plant_Database (18).csv
1885,Withania somnifera (L.) Dunal,SOLANACEAE,"Punir, Asgandh",https://archive.bsi.gov.in/echoHerbarium-Details/en?link=CAL0000009182&column=szBarcode,BSI_Medicinal_Plant_Database (18).csv
1886,Woodfordia fruticosa (L.) Kurz,LYTHRACEAE,"Dhai, Dhava",https://archive.bsi.gov.in/echoHerbarium-Details/en?link=CAL0000013792&column=szBarcode,BSI_Medicinal_Plant_Database (18).csv
1887,Wrightia tinctoria R.Br.,APOCYNACEAE,"Indrajau, Mitha-indrajau",https://archive.bsi.gov.in/echoHerbarium-Details/en?link=CAL0000009462&column=szBarcode,BSI_Medicinal_Plant_Database (18).csv
1888,Wrightia tomentosa (Roxb.) Roem. & Schult.,APOCYNACEAE,"Dudhi, Dharauli",https://archive.bsi.gov.in/echoHerbarium-Details/en?link=CAL0000009463&column=szBarcode,BSI_Medicinal_Plant_Database (18).csv
1889,Xanthium strumarium L.,ASTERACEAE,"Banokra, Gokhru",https://archive.bsi.gov.in/echoHerbarium-Details/en?link=CAL0000009332&column=szBarcode,BSI_Medicinal_Plant_Database (18).csv
1890,Xeromphis spinosa (Thunb.) Keay,RUBIACEAE,Mainphal,https://archive.bsi.gov.in/echoHerbarium-Details/en?link=CAL0000009389&column=szBarcode,BSI_Medicinal_Plant_Database (18).csv
1891,Xeromphis uliginosa (Retz.) Maheshw.,RUBIACEAE,"Pindalu, Panar",https://archive.bsi.gov.in/echoHerbarium-Details/en?link=CAL0000009392&column=szBarcode,BSI_Medicinal_Plant_Database (18).csv
1892,Ximenia americana L.,OLACACEAE,Kondanakkera (Tel.),https://archive.bsi.gov.in/echoHerbarium-Details/en?link=CAL0000009857&column=szBarcode,BSI_Medicinal_Plant_Database (18).csv
1893,Xylia xylocarpa (Roxb.) Taub.,MIMOSACEAE,"Jambu, Suria",https://archive.bsi.gov.in/echoHerbarium-Details/en?link=CAL0000003459&column=szBarcode,BSI_Medicinal_Plant_Database (18).csv
1894,Yucca aloifolia L.,LILIACEAE,Adam's Needle (Eng.),https://archive.bsi.gov.in/echoHerbarium-Details/en?link=CAL0000002954&column=szBarcode,BSI_Medicinal_Plant_Database (18).csv
1895,Yucca gloriosa L.,LILIACEAE,Yucca (Marathi),https://archive.bsi.gov.in/echoHerbarium-Details/en?link=CAL0000002955&column=szBarcode,BSI_Medicinal_Plant_Database (18).csv
1896,Zanonia indica L.,CUCURBITACEAE,"Chirpoti, Patakona",https://archive.bsi.gov.in/echoHerbarium-Details/en?link=CAL0000009416&column=szBarcode,BSI_Medicinal_Plant_Database (18).csv
1897,Zanthoxylum acanthopodium DC.,RUTACEAE,"Darmar, Nepali Dhaniya",https://archive.bsi.gov.in/echoHerbarium-Details/en?link=CAL0000009843&column=szBarcode,BSI_Medicinal_Plant_Database (18).csv
1898,Zanthoxylum armatum DC.,RUTACEAE,"Timbur, Timur",https://archive.bsi.gov.in/echoHerbarium-Details/en?link=CAL0000009839&column=szBarcode,BSI_Medicinal_Plant_Database (18).csv
1899,Zanthoxylum nitidum (Roxb.) DC.,RUTACEAE,Tezamul (Assam),https://archive.bsi.gov.in/echoHerbarium-Details/en?link=CAL0000009840&column=szBarcode,BSI_Medicinal_Plant_Database (18).csv
1900,Zanthoxylum ovalifolium Wight,RUTACEAE,Armadalu (Kan.),https://archive.bsi.gov.in/echoHerbarium-Details/en?link=CAL0000009842&column=szBarcode,BSI_Medicinal_Plant_Database (18).csv
1901,Zanthoxylum oxyphyllum Edgew.,RUTACEAE,Mezenga (Assam),https://archive.bsi.gov.in/echoHerbarium-Details/en?link=CAL0000009841&column=szBarcode,BSI_Medicinal_Plant_Database (19).csv
1902,Zanthoxylum rhetsa (Roxb.) DC.,RUTACEAE,Badrang,https://archive.bsi.gov.in/echoHerbarium-Details/en?link=CAL0000009838&column=szBarcode,BSI_Medicinal_Plant_Database (19).csv
1903,Zataria multiflora Boiss.,LAMIACEAE,Saatar (Urdu),https://archive.bsi.gov.in/echoHerbarium-Details/en?link=CAL0000008713&column=szBarcode,BSI_Medicinal_Plant_Database (19).csv
1904,Zeuxine strateumatica (L.) Schltr.,ORCHIDACEAE,Swethuli (Beng.),https://archive.bsi.gov.in/echoHerbarium-Details/en?link=CAL0000002969&column=szBarcode,BSI_Medicinal_Plant_Database (19).csv
1905,Zingiber montanum (Koen.) Link ex A.Dietr.,ZINGIBERACEAE,Ban-ada,https://archive.bsi.gov.in/echoHerbarium-Details/en?link=CAL0000003029&column=szBarcode,BSI_Medicinal_Plant_Database (19).csv
1906,Zingiber officinale Roscoe,ZINGIBERACEAE,Adrak,https://archive.bsi.gov.in/echoHerbarium-Details/en?link=CAL0000003030&column=szBarcode,BSI_Medicinal_Plant_Database (19).csv
1907,Zingiber zerumbet (L.) Sm.,ZINGIBERACEAE,Gada (Local Name),https://archive.bsi.gov.in/echoHerbarium-Details/en?link=CAL0000003031&column=szBarcode,BSI_Medicinal_Plant_Database (19).csv
1908,Ziziphus glabrata Heyne ex Roth,RHAMNACEAE,Vatadalla (Sans.),https://archive.bsi.gov.in/echoHerbarium-Details/en?link=CAL0000003469&column=szBarcode,BSI_Medicinal_Plant_Database (19).csv
1909,Ziziphus jujuba Mill.,RHAMNACEAE,"Pitni-ber, kandika",https://archive.bsi.gov.in/echoHerbarium-Details/en?link=CAL0000003470&column=szBarcode,BSI_Medicinal_Plant_Database (19).csv
1910,Ziziphus mauritiana Lam.,RHAMNACEAE,"Baer, Ber",https://archive.bsi.gov.in/echoHerbarium-Details/en?link=CAL0000003471&column=szBarcode,BSI_Medicinal_Plant_Database (19).csv
1911,Ziziphus nummularia (Burm.f.) Wight & Arn.,RHAMNACEAE,Jharberi,https://archive.bsi.gov.in/echoHerbarium-Details/en?link=CAL0000003468&column=szBarcode,BSI_Medicinal_Plant_Database (19).csv
1912,Ziziphus oenoplia (L.) Mill.,RHAMNACEAE,Makai,https://archive.bsi.gov.in/echoHerbarium-Details/en?link=CAL0000003467&column=szBarcode,BSI_Medicinal_Plant_Database (19).csv
1913,Ziziphus rugosa Lam.,RHAMNACEAE,Churna,https://archive.bsi.gov.in/echoHerbarium-Details/en?link=CAL0000003465&column=szBarcode,BSI_Medicinal_Plant_Database (19).csv
1914,Zornia gibbosa Span.,FABACEAE,Samrapani (Guj.),https://archive.bsi.gov.in/echoHerbarium-Details/en?link=CAL0000003341&column=szBarcode,BSI_Medicinal_Plant_Database (19).csv
1915,Zygophyllum simplex L.,ZYGOPHYLLACEAE,Alethi (Punjab),https://archive.bsi.gov.in/echoHerbarium-Details/en?link=CAL0000013814&column=szBarcode,BSI_Medicinal_Plant_Database (19).csv
201,Bambusa bambos Druce,POACEAE,Kalak (Local name),https://archive.bsi.gov.in/echoHerbarium-Details/en?link=CAL0000003181&column=szBarcode,BSI_Medicinal_Plant_Database (2).csv
202,Barleria buxifolia L.,ACANTHACEAE,Liksura (Sans.),https://archive.bsi.gov.in/echoHerbarium-Details/en?link=CAL0000009043&column=szBarcode,BSI_Medicinal_Plant_Database (2).csv
203,Barleria courtallica Nees,ACANTHACEAE,Chethasahacharam (Sans.),https://archive.bsi.gov.in/echoHerbarium-Details/en?link=CAL0000009059&column=szBarcode,BSI_Medicinal_Plant_Database (2).csv
204,Barleria cristata L.,ACANTHACEAE,Nil jhinti,https://archive.bsi.gov.in/echoHerbarium-Details/en?link=CAL0000009044&column=szBarcode,BSI_Medicinal_Plant_Database (2).csv
205,Barleria longiflora L.f.,ACANTHACEAE,Ekakantaka (Sans.),https://archive.bsi.gov.in/echoHerbarium-Details/en?link=CAL0000009054&column=szBarcode,BSI_Medicinal_Plant_Database (2).csv
206,Barleria noctiflora L.f.,ACANTHACEAE,Naga gorinta (Telugu),https://archive.bsi.gov.in/echoHerbarium-Details/en?link=CAL0000009042&column=szBarcode,BSI_Medicinal_Plant_Database (2).csv
207,Barleria prionitis L.,ACANTHACEAE,"Jhinti, Katsareya",https://archive.bsi.gov.in/echoHerbarium-Details/en?link=CAL0000009041&column=szBarcode,BSI_Medicinal_Plant_Database (2).csv
208,Barleria strigosa Willd.,ACANTHACEAE,Neelakurantak (Sans.),https://archive.bsi.gov.in/echoHerbarium-Details/en?link=CAL0000009048&column=szBarcode,BSI_Medicinal_Plant_Database (2).csv
209,Barringtonia acutangula (L.) Gaertn.,LECYTHIDACEAE,Hijjal,https://archive.bsi.gov.in/echoHerbarium-Details/en?link=CAL0000013810&column=szBarcode,BSI_Medicinal_Plant_Database (2).csv
210,Barringtonia racemosa (L.) Roxb.,LECYTHIDACEAE,Samudraphala (Sans.),https://archive.bsi.gov.in/echoHerbarium-Details/en?link=CAL0000013809&column=szBarcode,BSI_Medicinal_Plant_Database (2).csv
211,Basella rubra L.,BASELLACEAE,"Poi, Safedbachla",https://archive.bsi.gov.in/echoHerbarium-Details/en?link=CAL0000009908&column=szBarcode,BSI_Medicinal_Plant_Database (2).csv
212,Bauhinia malabarica Roxb.,CAESALPINIACEAE,"Amli, Amlosa",https://archive.bsi.gov.in/echoHerbarium-Details/en?link=CAL0000003492&column=szBarcode,BSI_Medicinal_Plant_Database (2).csv
213,Bauhinia purpurea L.,CAESALPINIACEAE,Khairwal,https://archive.bsi.gov.in/echoHerbarium-Details/en?link=CAL0000003486&column=szBarcode,BSI_Medicinal_Plant_Database (2).csv
214,Bauhinia racemosa Lam.,CAESALPINIACEAE,"Kachnal, Ashta",https://archive.bsi.gov.in/echoHerbarium-Details/en?link=CAL0000003491&column=szBarcode,BSI_Medicinal_Plant_Database (2).csv
215,Bauhinia retusa Ham. ex. DC.,CAESALPINIACEAE,Semla,https://archive.bsi.gov.in/echoHerbarium-Details/en?link=CAL0000003483&column=szBarcode,BSI_Medicinal_Plant_Database (2).csv
216,Bauhinia vahlii Wight & Arn.,CAESALPINIACEAE,Maljan,https://archive.bsi.gov.in/echoHerbarium-Details/en?link=CAL0000003489&column=szBarcode,BSI_Medicinal_Plant_Database (2).csv
217,Bauhinia variegata L.,CAESALPINIACEAE,Kachnar,https://archive.bsi.gov.in/echoHerbarium-Details/en?link=CAL0000003485&column=szBarcode,BSI_Medicinal_Plant_Database (2).csv
218,Begonia rex Putz.,BEGONIACEAE,King Begonia (Eng.),https://archive.bsi.gov.in/echoHerbarium-Details/en?link=CAL0000013776&column=szBarcode,BSI_Medicinal_Plant_Database (2).csv
219,Benincasa hispida (Thunb.) Cogn.,CUCURBITACEAE,Petha,https://archive.bsi.gov.in/echoHerbarium-Details/en?link=CAL0000013781&column=szBarcode,BSI_Medicinal_Plant_Database (2).csv
220,Berberis aristata DC.,BERBERIDACEAE,"Chitra, Daruhald",https://archive.bsi.gov.in/echoHerbarium-Details/en?link=CAL0000003776&column=szBarcode,BSI_Medicinal_Plant_Database (2).csv
221,Berberis asiatica Roxb. ex. DC.,BERBERIDACEAE,Kilmora (Kumaun),https://archive.bsi.gov.in/echoHerbarium-Details/en?link=CAL0000003787&column=szBarcode,BSI_Medicinal_Plant_Database (2).csv
222,Berberis insignis Hook.f. & Thomson,BERBERIDACEAE,Kasmal (Simla),https://archive.bsi.gov.in/echoHerbarium-Details/en?link=CAL0000003786&column=szBarcode,BSI_Medicinal_Plant_Database (2).csv
223,Berberis lycium Royle,BERBERIDACEAE,Kasmal (Simla),https://archive.bsi.gov.in/echoHerbarium-Details/en?link=CAL0000003775&column=szBarcode,BSI_Medicinal_Plant_Database (2).csv
224,Berchemia lineata DC.,RHAMNACEAE,Kameti (Kumaun),https://archive.bsi.gov.in/echoHerbarium-Details/en?link=CAL0000003605&column=szBarcode,BSI_Medicinal_Plant_Database (2).csv
225,Bergia suffriticosa (Del.) Fenzl.,ELATINACEAE,Gangharaw (Guj.),https://archive.bsi.gov.in/echoHerbarium-Details/en?link=CAL0000003823&column=szBarcode,BSI_Medicinal_Plant_Database (2).csv
226,Beta vulgaris L.,CHENOPODIACEAE,Chukandar,https://archive.bsi.gov.in/echoHerbarium-Details/en?link=CAL0000008834&column=szBarcode,BSI_Medicinal_Plant_Database (2).csv
227,Betula alnoides Buch.-Ham.ex D.Don,BETULACEAE,Bhojpatra,https://archive.bsi.gov.in/echoHerbarium-Details/en?link=CAL0000008928&column=szBarcode,BSI_Medicinal_Plant_Database (2).csv
228,Betula utilis D.Don,BETULACEAE,Bhojpatra,https://archive.bsi.gov.in/echoHerbarium-Details/en?link=CAL0000008929&column=szBarcode,BSI_Medicinal_Plant_Database (2).csv
229,Bidens tripartita L.,ASTERACEAE,Threelobe Beggar Tick (Eng.),https://archive.bsi.gov.in/echoHerbarium-Details/en?link=CAL0000013643&column=szBarcode,BSI_Medicinal_Plant_Database (2).csv
230,Biophytum sensitivum (L.) DC.,OXALIDACEAE,Lajalu,https://archive.bsi.gov.in/echoHerbarium-Details/en?link=CAL0000013457&column=szBarcode,BSI_Medicinal_Plant_Database (2).csv
231,Bischofia javanica Blume,EUPHORBIACEAE,Paniala,https://archive.bsi.gov.in/echoHerbarium-Details/en?link=CAL0000008987&column=szBarcode,BSI_Medicinal_Plant_Database (2).csv
232,Bixa orellana L.,BIXACEAE,Latkan,https://archive.bsi.gov.in/echoHerbarium-Details/en?link=CAL0000003725&column=szBarcode,BSI_Medicinal_Plant_Database (2).csv
233,Blechnum orientale L.,BLECHNACEAE,Haththazori,https://archive.bsi.gov.in/echoHerbarium-Details/en?link=CAL0000003252&column=szBarcode,BSI_Medicinal_Plant_Database (2).csv
234,Blepharis edulis Pers.,ACANTHACEAE,Chaupatia,https://archive.bsi.gov.in/echoHerbarium-Details/en?link=CAL0000009056&column=szBarcode,BSI_Medicinal_Plant_Database (2).csv
235,Blepharis indica Stocks ex T.Anderson,ACANTHACEAE,Kolimukkan chedi (Tamil),https://archive.bsi.gov.in/echoHerbarium-Details/en?link=CAL0000009057&column=szBarcode,BSI_Medicinal_Plant_Database (2).csv
236,Blighia sapida Koen. & Sims.,SAPINDACEAE,Akee (Eng.),https://archive.bsi.gov.in/echoHerbarium-Details/en?link=CAL0000003579&column=szBarcode,BSI_Medicinal_Plant_Database (2).csv
237,Blumea balsamifera (L.) DC.,ASTERACEAE,Kakaronda,https://archive.bsi.gov.in/echoHerbarium-Details/en?link=CAL0000013645&column=szBarcode,BSI_Medicinal_Plant_Database (2).csv
238,Blumea densiflora (Wall.) DC.,ASTERACEAE,Grand Blumea (Eng.),https://archive.bsi.gov.in/echoHerbarium-Details/en?link=CAL0000013647&column=szBarcode,BSI_Medicinal_Plant_Database (2).csv
239,Blumea eriantha DC.,ASTERACEAE,Nimurdi (Mar.),https://archive.bsi.gov.in/echoHerbarium-Details/en?link=CAL0000013648&column=szBarcode,BSI_Medicinal_Plant_Database (2).csv
240,Blumea lacera (Burm.f.) DC.,ASTERACEAE,Kakranda,https://archive.bsi.gov.in/echoHerbarium-Details/en?link=CAL0000013649&column=szBarcode,BSI_Medicinal_Plant_Database (2).csv
241,Blumea lanceolaria (Roxb.) Druce,ASTERACEAE,Tera paibi macha (Manipuri),https://archive.bsi.gov.in/echoHerbarium-Details/en?link=CAL0000013650&column=szBarcode,BSI_Medicinal_Plant_Database (2).csv
242,Boehmeria nivea (L.) Gaud.,URTICACEAE,Kankura (Beng.),https://archive.bsi.gov.in/echoHerbarium-Details/en?link=CAL0000009014&column=szBarcode,BSI_Medicinal_Plant_Database (2).csv
243,Boerhavia diffusa L.,NYCTAGINACEAE,Sant,https://archive.bsi.gov.in/echoHerbarium-Details/en?link=CAL0000008904&column=szBarcode,BSI_Medicinal_Plant_Database (2).csv
244,Bombax ceiba L.,BOMBACACEAE,"Semal, Semul (Beng.)",https://archive.bsi.gov.in/echoHerbarium-Details/en?link=CAL0000003869&column=szBarcode,BSI_Medicinal_Plant_Database (2).csv
245,Borassus flabellifer L.,ARECACEAE,Tar,https://archive.bsi.gov.in/echoHerbarium-Details/en?link=CAL0000003199&column=szBarcode,BSI_Medicinal_Plant_Database (2).csv
246,Borreria articularis (L.f.) F.N.Wiliams,RUBIACEAE,"Guthari, Madanaghanta (Sans.)",https://archive.bsi.gov.in/echoHerbarium-Details/en?link=CAL0000013597&column=szBarcode,BSI_Medicinal_Plant_Database (2).csv
247,Boswellia serrata Roxb. ex Coleb.,BURSERACEAE,Salai,https://archive.bsi.gov.in/echoHerbarium-Details/en?link=CAL0000009883&column=szBarcode,BSI_Medicinal_Plant_Database (2).csv
248,Botrychium lunaria (L.) Sw.,OPHIOGLOSSACEAE,Moonwort (Eng.),https://archive.bsi.gov.in/echoHerbarium-Details/en?link=CAL0000003270&column=szBarcode,BSI_Medicinal_Plant_Database (2).csv
249,Botrychium virginianum (L.) Sw.,OPHIOGLOSSACEAE,Rattle snake fern (Eng.),https://archive.bsi.gov.in/echoHerbarium-Details/en?link=CAL0000003271&column=szBarcode,BSI_Medicinal_Plant_Database (2).csv
250,Brassica juncea (L.) Czern.,BRASSICACEAE,"Asal rai, Laha",https://archive.bsi.gov.in/echoHerbarium-Details/en?link=CAL0000003753&column=szBarcode,BSI_Medicinal_Plant_Database (2).csv
251,Brassica nigra L.,BRASSICACEAE,Banarasi rai,https://archive.bsi.gov.in/echoHerbarium-Details/en?link=CAL0000003752&column=szBarcode,BSI_Medicinal_Plant_Database (2).csv
252,Breynia retusa (Dennst.) Alston,EUPHORBIACEAE,Chitki (Beng.),https://archive.bsi.gov.in/echoHerbarium-Details/en?link=CAL0000008956&column=szBarcode,BSI_Medicinal_Plant_Database (2).csv
253,Breynia retusa (L.) Spreng.,EUPHORBIACEAE,Chitki (Beng.),https://archive.bsi.gov.in/echoHerbarium-Details/en?link=CAL0000008952&column=szBarcode,BSI_Medicinal_Plant_Database (2).csv
254,Breynia rhamnoides (Retz.) Muell.-Arg.,EUPHORBIACEAE,Tikhar,https://archive.bsi.gov.in/echoHerbarium-Details/en?link=CAL0000008957&column=szBarcode,BSI_Medicinal_Plant_Database (2).csv
255,Bridelia montana Willd.,EUPHORBIACEAE,"Khaja, Gondui",https://archive.bsi.gov.in/echoHerbarium-Details/en?link=CAL0000008953&column=szBarcode,BSI_Medicinal_Plant_Database (2).csv
256,Bromus mollis L.,POACEAE,Soft brome (Eng.),https://archive.bsi.gov.in/echoHerbarium-Details/en?link=CAL0000003182&column=szBarcode,BSI_Medicinal_Plant_Database (2).csv
257,Brucea javanica (L.) Merr.,SIMAROUBACEAE,Chinese Sumac (Eng.),https://archive.bsi.gov.in/echoHerbarium-Details/en?link=CAL0000013481&column=szBarcode,BSI_Medicinal_Plant_Database (2).csv
258,Bryonopsis laciniosa (L.) Naud.,CUCURBITACEAE,"Gorgu-naru, Mala (Beng.)",https://archive.bsi.gov.in/echoHerbarium-Details/en?link=CAL0000013780&column=szBarcode,BSI_Medicinal_Plant_Database (2).csv
259,Bryophyllum pinnatum Lam.,CRASSULACEAE,Zakhm-haiyat,https://archive.bsi.gov.in/echoHerbarium-Details/en?link=CAL0000009436&column=szBarcode,BSI_Medicinal_Plant_Database (2).csv
260,Buchanania lanzan Spreng.,ANACARDIACEAE,"Piyar, Chironji",https://archive.bsi.gov.in/echoHerbarium-Details/en?link=CAL0000003567&column=szBarcode,BSI_Medicinal_Plant_Database (2).csv
261,Buddleja asiatica Lour.,BUDDLEJACEAE,Neemda,https://archive.bsi.gov.in/echoHerbarium-Details/en?link=CAL0000013557&column=szBarcode,BSI_Medicinal_Plant_Database (2).csv
262,Bunium persicum (Boiss.) Fedt.,APIACEAE,"Siah-zirah, Kala-zirah",https://archive.bsi.gov.in/echoHerbarium-Details/en?link=CAL0000013757&column=szBarcode,BSI_Medicinal_Plant_Database (2).csv
263,Butea monosperma (Lam.) Taub.,FABACEAE,"Dhak, Palas (Beng.)",https://archive.bsi.gov.in/echoHerbarium-Details/en?link=CAL0000003662&column=szBarcode,BSI_Medicinal_Plant_Database (2).csv
264,Butea parviflora Roxb.,FABACEAE,"Maulo, Bando",https://archive.bsi.gov.in/echoHerbarium-Details/en?link=CAL0000003660&column=szBarcode,BSI_Medicinal_Plant_Database (2).csv
265,Butea superba Roxb.,FABACEAE,Palas lata,https://archive.bsi.gov.in/echoHerbarium-Details/en?link=CAL0000003661&column=szBarcode,BSI_Medicinal_Plant_Database (2).csv
266,Buxus wallichiana Baill.,BUXACEAE,"Chikri, Papri",https://archive.bsi.gov.in/echoHerbarium-Details/en?link=CAL0000009012&column=szBarcode,BSI_Medicinal_Plant_Database (2).csv
267,Byttneria herbacea Roxb.,STERCULIACEAE,Kambraj (Beng.),https://archive.bsi.gov.in/echoHerbarium-Details/en?link=CAL0000003857&column=szBarcode,BSI_Medicinal_Plant_Database (2).csv
268,Cadaba fruticosa (L.) Druce,CAPPARACEAE,Kodhab,https://archive.bsi.gov.in/echoHerbarium-Details/en?link=CAL0000003737&column=szBarcode,BSI_Medicinal_Plant_Database (2).csv
269,Cadaba trifoliata (Roxb.) Wight & Arn.,CAPPARACEAE,Balaya (Sans.),https://archive.bsi.gov.in/echoHerbarium-Details/en?link=CAL0000003739&column=szBarcode,BSI_Medicinal_Plant_Database (2).csv
270,Caesalpinia bonduc (L.) Roxb.,CAESALPINIACEAE,"Kantikaranjua, Kat-karanj",https://archive.bsi.gov.in/echoHerbarium-Details/en?link=CAL0000003525&column=szBarcode,BSI_Medicinal_Plant_Database (2).csv
271,Caesalpinia coriaria (Jacq.) Willd.,CAESALPINIACEAE,Dividivi (Tel.),https://archive.bsi.gov.in/echoHerbarium-Details/en?link=CAL0000003519&column=szBarcode,BSI_Medicinal_Plant_Database (2).csv
272,Caesalpinia crista L.,CAESALPINIACEAE,"Karanju, Katkaranj",https://archive.bsi.gov.in/echoHerbarium-Details/en?link=CAL0000003527&column=szBarcode,BSI_Medicinal_Plant_Database (2).csv
273,Caesalpinia digyna Rottler,CAESALPINIACEAE,Vakeri-mul,https://archive.bsi.gov.in/echoHerbarium-Details/en?link=CAL0000003518&column=szBarcode,BSI_Medicinal_Plant_Database (2).csv
274,Caesalpinia pulcherrima (L.) Swartz,CAESALPINIACEAE,Guletura,https://archive.bsi.gov.in/echoHerbarium-Details/en?link=CAL0000003522&column=szBarcode,BSI_Medicinal_Plant_Database (2).csv
275,Caesalpinia sappan L.,CAESALPINIACEAE,"Bakam, Patang",https://archive.bsi.gov.in/echoHerbarium-Details/en?link=CAL0000003523&column=szBarcode,BSI_Medicinal_Plant_Database (2).csv
276,Cajanus cajan (L.) Millsp.,FABACEAE,"Arhar, Tur",https://archive.bsi.gov.in/echoHerbarium-Details/en?link=CAL0000003620&column=szBarcode,BSI_Medicinal_Plant_Database (2).csv
277,Calamus rotang L.,ARECACEAE,Arichural (Malayalam),https://archive.bsi.gov.in/echoHerbarium-Details/en?link=CAL0000003209&column=szBarcode,BSI_Medicinal_Plant_Database (2).csv
278,Calamus travancoricus Bedd. ex Becc.,ARECACEAE,Kattuchooral (Malayalam),https://archive.bsi.gov.in/echoHerbarium-Details/en?link=CAL0000003206&column=szBarcode,BSI_Medicinal_Plant_Database (2).csv
279,Calendula officinalis L.,ASTERACEAE,Zergul (Punjab),https://archive.bsi.gov.in/echoHerbarium-Details/en?link=CAL0000013653&column=szBarcode,BSI_Medicinal_Plant_Database (2).csv
280,Callicarpa arborea Roxb. ex C.B.Clarke,VERBENACEAE,Khoja (Assam),https://archive.bsi.gov.in/echoHerbarium-Details/en?link=CAL0000009072&column=szBarcode,BSI_Medicinal_Plant_Database (2).csv
281,Callicarpa longifolia Lam.,VERBENACEAE,Dieng-soh-kait-lang (Khasi Hills),https://archive.bsi.gov.in/echoHerbarium-Details/en?link=CAL0000009069&column=szBarcode,BSI_Medicinal_Plant_Database (2).csv
282,Callicarpa macrophylla Vahl,VERBENACEAE,"Daya, Priyangu",https://archive.bsi.gov.in/echoHerbarium-Details/en?link=CAL0000009067&column=szBarcode,BSI_Medicinal_Plant_Database (2).csv
283,Callicarpa tomentosa (L.) Murr.,VERBENACEAE,Bastra,https://archive.bsi.gov.in/echoHerbarium-Details/en?link=CAL0000009073&column=szBarcode,BSI_Medicinal_Plant_Database (2).csv
284,Calligonum polygonoides L.,POLYGONACEAE,Phog,https://archive.bsi.gov.in/echoHerbarium-Details/en?link=CAL0000009910&column=szBarcode,BSI_Medicinal_Plant_Database (2).csv
285,Callistemon lanceolatus DC.,MYRTACEAE,Bottle Brush (Eng.),https://archive.bsi.gov.in/echoHerbarium-Details/en?link=CAL0000013797&column=szBarcode,BSI_Medicinal_Plant_Database (2).csv
286,Calophyllum apetalum Willd.,CLUSIACEAE,Bobbi (Mar.),https://archive.bsi.gov.in/echoHerbarium-Details/en?link=CAL0000003801&column=szBarcode,BSI_Medicinal_Plant_Database (2).csv
287,Calophyllum inophyllum L.,CLUSIACEAE,Sultanachampa,https://archive.bsi.gov.in/echoHerbarium-Details/en?link=CAL0000003803&column=szBarcode,BSI_Medicinal_Plant_Database (2).csv
288,Calotropis gigantea (L.) W.T.Aiton,ASCLEPIADACEAE,Ak,https://archive.bsi.gov.in/echoHerbarium-Details/en?link=CAL0000009264&column=szBarcode,BSI_Medicinal_Plant_Database (2).csv
289,Calotropis procera (Aiton) W.T.Aiton,ASCLEPIADACEAE,"Akada, Akavana",https://archive.bsi.gov.in/echoHerbarium-Details/en?link=CAL0000009260&column=szBarcode,BSI_Medicinal_Plant_Database (2).csv
290,Caltha palustris L.,RANUNCULACEAE,Mumiri (Punjab),https://archive.bsi.gov.in/echoHerbarium-Details/en?link=CAL0000009950&column=szBarcode,BSI_Medicinal_Plant_Database (2).csv
291,Calycopteris floribunda (Roxb.) Lam.,COMBRETACEAE,Kokaray,https://archive.bsi.gov.in/echoHerbarium-Details/en?link=CAL0000013714&column=szBarcode,BSI_Medicinal_Plant_Database (2).csv
292,Camellia kissi Wall.,THEACEAE,Kissi (Nepal),https://archive.bsi.gov.in/echoHerbarium-Details/en?link=CAL0000003798&column=szBarcode,BSI_Medicinal_Plant_Database (2).csv
293,Camellia sinensis (L.) Kuntze,THEACEAE,"Cha, Chai",https://archive.bsi.gov.in/echoHerbarium-Details/en?link=CAL0000003797&column=szBarcode,BSI_Medicinal_Plant_Database (2).csv
294,Cananga odorata Hook.f. & Thoms.,ANNONACEAE,Karumugai (Tam.),https://archive.bsi.gov.in/echoHerbarium-Details/en?link=CAL0000013999&column=szBarcode,BSI_Medicinal_Plant_Database (2).csv
295,Canavalia gladiata (Jacq.) DC.,FABACEAE,"Bara Sem, Sufed Kadsumbal",https://archive.bsi.gov.in/echoHerbarium-Details/en?link=CAL0000003626&column=szBarcode,BSI_Medicinal_Plant_Database (2).csv
296,Canna indica L.,CANNACEAE,"Sabbajaya, Sarvajjaya",https://archive.bsi.gov.in/echoHerbarium-Details/en?link=CAL0000003134&column=szBarcode,BSI_Medicinal_Plant_Database (2).csv
297,Cannabis sativa L.,CANNABACEAE,"Bhang, Ganja",https://archive.bsi.gov.in/echoHerbarium-Details/en?link=CAL0000009006&column=szBarcode,BSI_Medicinal_Plant_Database (2).csv
298,Canscora decussata (Roxb.) Schult. & Schult.f.,GENTIANACEAE,Sankhaphuli,https://archive.bsi.gov.in/echoHerbarium-Details/en?link=CAL0000013560&column=szBarcode,BSI_Medicinal_Plant_Database (2).csv
299,Canscora diffusa (Vahl) R.Br. ex. Roem. & Schult.,GENTIANACEAE,Kyoukpan (Burma),https://archive.bsi.gov.in/echoHerbarium-Details/en?link=CAL0000013561&column=szBarcode,BSI_Medicinal_Plant_Database (2).csv
300,Canthium dicoccum (Gaertn.) Merr.,RUBIACEAE,Arsul (Mar.),https://archive.bsi.gov.in/echoHerbarium-Details/en?link=CAL0000013608&column=szBarcode,BSI_Medicinal_Plant_Database (2).csv
301,Capparis decidua (Forssk.) Edgew.,CAPPARACEAE,"Kurrel, Karer",https://archive.bsi.gov.in/echoHerbarium-Details/en?link=CAL0000003733&column=szBarcode,BSI_Medicinal_Plant_Database (3).csv
302,Capparis grandis L.f.,CAPPARACEAE,Kauntel (Mar.),https://archive.bsi.gov.in/echoHerbarium-Details/en?link=CAL0000003730&column=szBarcode,BSI_Medicinal_Plant_Database (3).csv
303,Capparis heyneana Wall. ex Wight,CAPPARACEAE,Chaymka,https://archive.bsi.gov.in/echoHerbarium-Details/en?link=CAL0000003729&column=szBarcode,BSI_Medicinal_Plant_Database (3).csv
304,Capparis sepiaria L.,CAPPARACEAE,Kaliakara (Ben.),https://archive.bsi.gov.in/echoHerbarium-Details/en?link=CAL0000003728&column=szBarcode,BSI_Medicinal_Plant_Database (3).csv
305,Capparis spinosa L.,CAPPARACEAE,Kabra,https://archive.bsi.gov.in/echoHerbarium-Details/en?link=CAL0000003736&column=szBarcode,BSI_Medicinal_Plant_Database (3).csv
306,Capparis zeylanica L.,CAPPARACEAE,Ardanda,https://archive.bsi.gov.in/echoHerbarium-Details/en?link=CAL0000003734&column=szBarcode,BSI_Medicinal_Plant_Database (3).csv
307,Capsella bursa-pastoris (L.) Medik.,BRASSICACEAE,Shepherd's purse (Eng.),https://archive.bsi.gov.in/echoHerbarium-Details/en?link=CAL0000003751&column=szBarcode,BSI_Medicinal_Plant_Database (3).csv
308,Capsicum annum L.,SOLANACEAE,"Lalmirch, Gachmarich",https://archive.bsi.gov.in/echoHerbarium-Details/en?link=CAL0000009681&column=szBarcode,BSI_Medicinal_Plant_Database (3).csv
309,Capsicum frutescens L.,SOLANACEAE,Bird Chilli (Eng.),https://archive.bsi.gov.in/echoHerbarium-Details/en?link=CAL0000009680&column=szBarcode,BSI_Medicinal_Plant_Database (3).csv
310,Carallia brachiata (Lour.) Merr.,RHIZOPHORACEAE,Kierpa (Beng.),https://archive.bsi.gov.in/echoHerbarium-Details/en?link=CAL0000013709&column=szBarcode,BSI_Medicinal_Plant_Database (3).csv
311,Carapa granatum (Koenig) Alston,MELIACEAE,Pussur,https://archive.bsi.gov.in/echoHerbarium-Details/en?link=CAL0000009889&column=szBarcode,BSI_Medicinal_Plant_Database (3).csv
312,Cardiospermum helicacabum L.,SAPINDACEAE,Kanphuti,https://archive.bsi.gov.in/echoHerbarium-Details/en?link=CAL0000003583&column=szBarcode,BSI_Medicinal_Plant_Database (3).csv
313,Carduus nutans L.,ASTERACEAE,Gulibadaward (Kashmir),https://archive.bsi.gov.in/echoHerbarium-Details/en?link=CAL0000013654&column=szBarcode,BSI_Medicinal_Plant_Database (3).csv
314,Careya arborea Roxb.,LECYTHIDACEAE,Kumbi,https://archive.bsi.gov.in/echoHerbarium-Details/en?link=CAL0000013808&column=szBarcode,BSI_Medicinal_Plant_Database (3).csv
315,Carica papaya L.,CARICACEAE,"Papeeta, Papaya",https://archive.bsi.gov.in/echoHerbarium-Details/en?link=CAL0000013799&column=szBarcode,BSI_Medicinal_Plant_Database (3).csv
316,Carissa congesta Wight,APOCYNACEAE,"Karaunda, Karonti",https://archive.bsi.gov.in/echoHerbarium-Details/en?link=CAL0000009285&column=szBarcode,BSI_Medicinal_Plant_Database (3).csv
317,Carissa opaca Stapf ex. Haines,APOCYNACEAE,"Karaunda, Karonti",https://archive.bsi.gov.in/echoHerbarium-Details/en?link=CAL0000009286&column=szBarcode,BSI_Medicinal_Plant_Database (3).csv
318,Carmona microphylla (Lam.) G.Don,BORAGINACEAE,Pala,https://archive.bsi.gov.in/echoHerbarium-Details/en?link=CAL0000009710&column=szBarcode,BSI_Medicinal_Plant_Database (3).csv
319,Carpesium abrotanoides L.,ASTERACEAE,Wotiangil (Kashmir),https://archive.bsi.gov.in/echoHerbarium-Details/en?link=CAL0000013655&column=szBarcode,BSI_Medicinal_Plant_Database (3).csv
320,Carpesium cernuum L.,ASTERACEAE,Nodding Carpesium (Eng.),https://archive.bsi.gov.in/echoHerbarium-Details/en?link=CAL0000013656&column=szBarcode,BSI_Medicinal_Plant_Database (3).csv
321,Carthamus lanatus L.,ASTERACEAE,Saffron Thistle (Eng.),https://archive.bsi.gov.in/echoHerbarium-Details/en?link=CAL0000013660&column=szBarcode,BSI_Medicinal_Plant_Database (3).csv
322,Carthamus tinctorius L.,ASTERACEAE,"Kusum, Karrah",https://archive.bsi.gov.in/echoHerbarium-Details/en?link=CAL0000013657&column=szBarcode,BSI_Medicinal_Plant_Database (3).csv
323,Carum carvi L.,APIACEAE,"Shia-jira, Zira",https://archive.bsi.gov.in/echoHerbarium-Details/en?link=CAL0000013756&column=szBarcode,BSI_Medicinal_Plant_Database (3).csv
324,Caryota urens L.,ARECACEAE,Mari,https://archive.bsi.gov.in/echoHerbarium-Details/en?link=CAL0000003196&column=szBarcode,BSI_Medicinal_Plant_Database (3).csv
325,Casaeria graveolens Dalzell,SAMYDACEAE,Safed-Karai,https://archive.bsi.gov.in/echoHerbarium-Details/en?link=CAL0000013803&column=szBarcode,BSI_Medicinal_Plant_Database (3).csv
326,Casearia elliptica Willd.,SAMYDACEAE,Chilla,https://archive.bsi.gov.in/echoHerbarium-Details/en?link=CAL0000013802&column=szBarcode,BSI_Medicinal_Plant_Database (3).csv
327,Cassia angustifolia Vahl,CAESALPINIACEAE,Bhuikhakhasa,https://archive.bsi.gov.in/echoHerbarium-Details/en?link=CAL0000003495&column=szBarcode,BSI_Medicinal_Plant_Database (3).csv
328,Cassia mimosoides L.,CAESALPINIACEAE,Naelaponna (Tel.),https://archive.bsi.gov.in/echoHerbarium-Details/en?link=CAL0000003496&column=szBarcode,BSI_Medicinal_Plant_Database (3).csv
329,Cassia pumila Lam.,CAESALPINIACEAE,Sarmal (Mar.),https://archive.bsi.gov.in/echoHerbarium-Details/en?link=CAL0000003497&column=szBarcode,BSI_Medicinal_Plant_Database (3).csv
330,Cassia absus L.,CAESALPINIACEAE,"Chaksu, Chakut",https://archive.bsi.gov.in/echoHerbarium-Details/en?link=CAL0000003498&column=szBarcode,BSI_Medicinal_Plant_Database (3).csv
331,Cassia alata L.,CAESALPINIACEAE,"Dadmurdan, Datkapat",https://archive.bsi.gov.in/echoHerbarium-Details/en?link=CAL0000003500&column=szBarcode,BSI_Medicinal_Plant_Database (3).csv
332,Cassia alata L.,CAESALPINIACEAE,"Dadmurdan, Datkapat",https://archive.bsi.gov.in/echoHerbarium-Details/en?link=CAL0000003501&column=szBarcode,BSI_Medicinal_Plant_Database (3).csv
333,Cassia auriculata L.,CAESALPINIACEAE,"Tarwar, Taroda",https://archive.bsi.gov.in/echoHerbarium-Details/en?link=CAL0000003503&column=szBarcode,BSI_Medicinal_Plant_Database (3).csv
334,Cassia fistula L.,CAESALPINIACEAE,Amaltas,https://archive.bsi.gov.in/echoHerbarium-Details/en?link=CAL0000003513&column=szBarcode,BSI_Medicinal_Plant_Database (3).csv
335,Cassia italica (Mill.) Spreng,CAESALPINIACEAE,Italian Senna (Eng.),https://archive.bsi.gov.in/echoHerbarium-Details/en?link=CAL0000003502&column=szBarcode,BSI_Medicinal_Plant_Database (3).csv
336,Cassia obtusifolia L.,CAESALPINIACEAE,Panevar,https://archive.bsi.gov.in/echoHerbarium-Details/en?link=CAL0000003505&column=szBarcode,BSI_Medicinal_Plant_Database (3).csv
337,Cassia occidentalis L.,CAESALPINIACEAE,"Kasondi, Chakunda",https://archive.bsi.gov.in/echoHerbarium-Details/en?link=CAL0000003511&column=szBarcode,BSI_Medicinal_Plant_Database (3).csv
338,Cassia siamea Lam.,CAESALPINIACEAE,Kassod (Mar.),https://archive.bsi.gov.in/echoHerbarium-Details/en?link=CAL0000003509&column=szBarcode,BSI_Medicinal_Plant_Database (3).csv
339,Cassia sophera L.,CAESALPINIACEAE,Kasunda,https://archive.bsi.gov.in/echoHerbarium-Details/en?link=CAL0000003508&column=szBarcode,BSI_Medicinal_Plant_Database (3).csv
340,Cassia tora L.,CAESALPINIACEAE,"Chakunda, Panevar",https://archive.bsi.gov.in/echoHerbarium-Details/en?link=CAL0000003504&column=szBarcode,BSI_Medicinal_Plant_Database (3).csv
341,Cassytha filiformis L.,LAURACEAE,Amarbeli,https://archive.bsi.gov.in/echoHerbarium-Details/en?link=CAL0000009905&column=szBarcode,BSI_Medicinal_Plant_Database (3).csv
342,Castanea sativa Mill.,FAGACEAE,Sweet Chestnut (Eng.),https://archive.bsi.gov.in/echoHerbarium-Details/en?link=CAL0000008922&column=szBarcode,BSI_Medicinal_Plant_Database (3).csv
343,Castanospermum australe A.Cunn. ex Mudie,FABACEAE,Black bean (Eng.),https://archive.bsi.gov.in/echoHerbarium-Details/en?link=CAL0000003631&column=szBarcode,BSI_Medicinal_Plant_Database (3).csv
344,Casuarina equisetifolia L.,CASUARINACEAE,Jangli saru,https://archive.bsi.gov.in/echoHerbarium-Details/en?link=CAL0000009008&column=szBarcode,BSI_Medicinal_Plant_Database (3).csv
345,Catharanthus pusillus (Murray) G.Don,APOCYNACEAE,Sangkhi (Sans.),https://archive.bsi.gov.in/echoHerbarium-Details/en?link=CAL0000009292&column=szBarcode,BSI_Medicinal_Plant_Database (3).csv
346,Catharanthus roseus (L.) G. Don,APOCYNACEAE,"Sadabahar, Nayantara (Beng.)",https://archive.bsi.gov.in/echoHerbarium-Details/en?link=CAL0000009293&column=szBarcode,BSI_Medicinal_Plant_Database (3).csv
347,Cayratia pedata (Lam.) Juss. ex Gagnep.,VITACEAE,Godhapadi (Sans.),https://archive.bsi.gov.in/echoHerbarium-Details/en?link=CAL0000003588&column=szBarcode,BSI_Medicinal_Plant_Database (3).csv
348,Cayratia trifolia (L.) Domin.,VITACEAE,"Amal-bel, Ramchana",https://archive.bsi.gov.in/echoHerbarium-Details/en?link=CAL0000003584&column=szBarcode,BSI_Medicinal_Plant_Database (3).csv
349,Cedrus deodara (Roxb.ex D.Don) G.Don,PINACEAE,Devadaru (Sans.),https://archive.bsi.gov.in/echoHerbarium-Details/en?link=CAL0000009741&column=szBarcode,BSI_Medicinal_Plant_Database (3).csv
350,Ceiba pentandra (L.) Gaertn.,BOMBACACEAE,"Safed simal, Hattian",https://archive.bsi.gov.in/echoHerbarium-Details/en?link=CAL0000003870&column=szBarcode,BSI_Medicinal_Plant_Database (3).csv
351,Celastrus paniculatus Willd.,CELASTRACEAE,Malkangni,https://archive.bsi.gov.in/echoHerbarium-Details/en?link=CAL0000003603&column=szBarcode,BSI_Medicinal_Plant_Database (3).csv
352,Celosia argentia L.,AMARANTHACEAE,"Sufaid murgha, Sarwari",https://archive.bsi.gov.in/echoHerbarium-Details/en?link=CAL0000008907&column=szBarcode,BSI_Medicinal_Plant_Database (3).csv
353,Celtis caucasia Willd.,ULMACEAE,Caucasian hackberry (Eng.),https://archive.bsi.gov.in/echoHerbarium-Details/en?link=CAL0000009003&column=szBarcode,BSI_Medicinal_Plant_Database (3).csv
354,Celtis cinnamomea Lindl.,ULMACEAE,Pinari (Tam.),https://archive.bsi.gov.in/echoHerbarium-Details/en?link=CAL0000009015&column=szBarcode,BSI_Medicinal_Plant_Database (3).csv
355,Cenchrus biflorus Roxb.,POACEAE,Bhurat (Local name),https://archive.bsi.gov.in/echoHerbarium-Details/en?link=CAL0000003162&column=szBarcode,BSI_Medicinal_Plant_Database (3).csv
356,Centaurea calcitrapa L.,ASTERACEAE,Purple star thistle (Eng.),https://archive.bsi.gov.in/echoHerbarium-Details/en?link=CAL0000013658&column=szBarcode,BSI_Medicinal_Plant_Database (3).csv
357,Centella asiatica (L.) Urban,APIACEAE,Brahma-manduki,https://archive.bsi.gov.in/echoHerbarium-Details/en?link=CAL0000013765&column=szBarcode,BSI_Medicinal_Plant_Database (3).csv
358,Centipeda minima (L.) A.Braun & Asch.,ASTERACEAE,"Nakk-chikni, Nagdowana",https://archive.bsi.gov.in/echoHerbarium-Details/en?link=CAL0000013661&column=szBarcode,BSI_Medicinal_Plant_Database (3).csv
359,Centranthera indica (L.) Gamble,SCROPHULARIACEAE,Undir-kani (Mar.),https://archive.bsi.gov.in/echoHerbarium-Details/en?link=CAL0000009671&column=szBarcode,BSI_Medicinal_Plant_Database (3).csv
360,Cephaelis ipecacuanha (Brot.) A.Rich.,RUBIACEAE,Ipecac (Eng.),https://archive.bsi.gov.in/echoHerbarium-Details/en?link=CAL0000013594&column=szBarcode,BSI_Medicinal_Plant_Database (3).csv
361,Ceratonia siliqua L.,CAESALPINIACEAE,Kharnub (Punjab),https://archive.bsi.gov.in/echoHerbarium-Details/en?link=CAL0000003494&column=szBarcode,BSI_Medicinal_Plant_Database (3).csv
362,Ceratophyllum demursum L.,CERATOPHYLLACEAE,Sivara,https://archive.bsi.gov.in/echoHerbarium-Details/en?link=CAL0000008921&column=szBarcode,BSI_Medicinal_Plant_Database (3).csv
363,Ceratopteris thaictroides Brong.,PARKERIACEAE,Pan-necha (Local name),https://archive.bsi.gov.in/echoHerbarium-Details/en?link=CAL0000003272&column=szBarcode,BSI_Medicinal_Plant_Database (3).csv
364,Cerbera manghas L.,APOCYNACEAE,Dabur (Beng.),https://archive.bsi.gov.in/echoHerbarium-Details/en?link=CAL0000009290&column=szBarcode,BSI_Medicinal_Plant_Database (3).csv
365,Cereus grandiflorus Mill.,CACTACEAE,Night-Blooming Cereus,https://archive.bsi.gov.in/echoHerbarium-Details/en?link=CAL0000013775&column=szBarcode,BSI_Medicinal_Plant_Database (3).csv
366,Ceriops tagal (Perr.) C.B.Rob.,RHIZOPHORACEAE,Goran (Beng.),https://archive.bsi.gov.in/echoHerbarium-Details/en?link=CAL0000013708&column=szBarcode,BSI_Medicinal_Plant_Database (3).csv
367,Ceropegia tuberosa Roxb.,ASCLEPIADACEAE,Bhutumbi (Sanskrit),https://archive.bsi.gov.in/echoHerbarium-Details/en?link=CAL0000009247&column=szBarcode,BSI_Medicinal_Plant_Database (3).csv
368,Cheiranthus cheiri L.,BRASSICACEAE,Wall Flower (Eng.),https://archive.bsi.gov.in/echoHerbarium-Details/en?link=CAL0000003766&column=szBarcode,BSI_Medicinal_Plant_Database (3).csv
369,Chenopodium album L.,CHENOPODIACEAE,Bethu sag,https://archive.bsi.gov.in/echoHerbarium-Details/en?link=CAL0000008920&column=szBarcode,BSI_Medicinal_Plant_Database (3).csv
370,Chenopodium ambrosioides L.,CHENOPODIACEAE,"Khatua, Katu ayamoddakam (Mal.)",https://archive.bsi.gov.in/echoHerbarium-Details/en?link=CAL0000008833&column=szBarcode,BSI_Medicinal_Plant_Database (3).csv
371,Chenopodium botrys L.,CHENOPODIACEAE,Sokana (Local name),https://archive.bsi.gov.in/echoHerbarium-Details/en?link=CAL0000008832&column=szBarcode,BSI_Medicinal_Plant_Database (3).csv
372,Chloranthus elatior Link,CHLORANTHACEAE,Tall Chloranthus (Eng.),https://archive.bsi.gov.in/echoHerbarium-Details/en?link=CAL0000008867&column=szBarcode,BSI_Medicinal_Plant_Database (3).csv
373,Chloris virgata Sw.,POACEAE,Gharaniagas (Rajasthan),https://archive.bsi.gov.in/echoHerbarium-Details/en?link=CAL0000003191&column=szBarcode,BSI_Medicinal_Plant_Database (3).csv
374,Chlorophytum arundinaceum Baker,LILIACEAE,Safed musli,https://archive.bsi.gov.in/echoHerbarium-Details/en?link=CAL0000003089&column=szBarcode,BSI_Medicinal_Plant_Database (3).csv
375,Chloroxylon swietenia DC.,RUTACEAE,"Bhirra, Girya",https://archive.bsi.gov.in/echoHerbarium-Details/en?link=CAL0000009974&column=szBarcode,BSI_Medicinal_Plant_Database (3).csv
376,Chondrus crispus Stackh.,GIGARTINIACEAE,Irish Moss (Eng.),https://archive.bsi.gov.in/echoHerbarium-Details/en?link=CAL0000003907&column=szBarcode,BSI_Medicinal_Plant_Database (3).csv
377,Chrozophora plicata A.Juss.,EUPHORBIACEAE,Neelkanthi (Local name),https://archive.bsi.gov.in/echoHerbarium-Details/en?link=CAL0000008974&column=szBarcode,BSI_Medicinal_Plant_Database (3).csv
378,Chrozophora rottleri (Geis.) A.Juss.ex Spreng.,EUPHORBIACEAE,"Subali, Khudi-okra (Beng.)",https://archive.bsi.gov.in/echoHerbarium-Details/en?link=CAL0000008973&column=szBarcode,BSI_Medicinal_Plant_Database (3).csv
379,Chrysanthemum coronarium L.,ASTERACEAE,Guldaudi,https://archive.bsi.gov.in/echoHerbarium-Details/en?link=CAL0000013664&column=szBarcode,BSI_Medicinal_Plant_Database (3).csv
380,Chrysanthemum indicum L.,ASTERACEAE,Guldaudi,https://archive.bsi.gov.in/echoHerbarium-Details/en?link=CAL0000013665&column=szBarcode,BSI_Medicinal_Plant_Database (3).csv
381,Chrysobalanus icaco L.,ROSACEAE,Coco Plum (Eng.),https://archive.bsi.gov.in/echoHerbarium-Details/en?link=CAL0000013731&column=szBarcode,BSI_Medicinal_Plant_Database (3).csv
382,Cicer arietinum L.,FABACEAE,"But, Chana",https://archive.bsi.gov.in/echoHerbarium-Details/en?link=CAL0000003665&column=szBarcode,BSI_Medicinal_Plant_Database (3).csv
383,Cichorium endivia L.,ASTERACEAE,"Kasini, Kashini",https://archive.bsi.gov.in/echoHerbarium-Details/en?link=CAL0000013667&column=szBarcode,BSI_Medicinal_Plant_Database (3).csv
384,Cichorium intybus L.,ASTERACEAE,"Kasani, Kashini",https://archive.bsi.gov.in/echoHerbarium-Details/en?link=CAL0000013666&column=szBarcode,BSI_Medicinal_Plant_Database (3).csv
385,Cicuta virosa L,APIACEAE,Water Hemlock (Eng.),https://archive.bsi.gov.in/echoHerbarium-Details/en?link=CAL0000013753&column=szBarcode,BSI_Medicinal_Plant_Database (3).csv
386,Cimicifuga foetida L.,RANUNCULACEAE,Jiunti (Punjab),https://archive.bsi.gov.in/echoHerbarium-Details/en?link=CAL0000009924&column=szBarcode,BSI_Medicinal_Plant_Database (3).csv
387,Cinchona officinalis L.f.,RUBIACEAE,Cinchona (Eng.),https://archive.bsi.gov.in/echoHerbarium-Details/en?link=CAL0000013580&column=szBarcode,BSI_Medicinal_Plant_Database (3).csv
388,Cinnamomum cassia Benth.,LAURACEAE,Chinese Cinnamon (Eng.),https://archive.bsi.gov.in/echoHerbarium-Details/en?link=CAL0000008851&column=szBarcode,BSI_Medicinal_Plant_Database (3).csv
389,Cinnamomum glanduliferum (Wall.) Meissn.,LAURACEAE,Gunserai (Assam),https://archive.bsi.gov.in/echoHerbarium-Details/en?link=CAL0000008859&column=szBarcode,BSI_Medicinal_Plant_Database (3).csv
390,Cinnamomum glausescens (Nees) Hand.-Mazz.,LAURACEAE,Rohu (Beng.),https://archive.bsi.gov.in/echoHerbarium-Details/en?link=CAL0000008846&column=szBarcode,BSI_Medicinal_Plant_Database (3).csv
391,Cinnamomum impressinervium Meissn.,LAURACEAE,Tejiya (Assamese),https://archive.bsi.gov.in/echoHerbarium-Details/en?link=CAL0000008855&column=szBarcode,BSI_Medicinal_Plant_Database (3).csv
392,Cinnamomum macrocarpum Hook.f.,LAURACEAE,Tejapatra (Sans.),https://archive.bsi.gov.in/echoHerbarium-Details/en?link=CAL0000008850&column=szBarcode,BSI_Medicinal_Plant_Database (3).csv
393,Cinnamomum obtusifolium (Roxb.) Nees,LAURACEAE,"Kinton, Ram tezpat (Beng.)",https://archive.bsi.gov.in/echoHerbarium-Details/en?link=CAL0000008853&column=szBarcode,BSI_Medicinal_Plant_Database (3).csv
394,Cinnamomum pauciflorum Nees,LAURACEAE,Dinglatterdop (Khasi Hills),https://archive.bsi.gov.in/echoHerbarium-Details/en?link=CAL0000008858&column=szBarcode,BSI_Medicinal_Plant_Database (3).csv
395,Cinnamomum tamala (Buch.-Ham.) T.Nees & C.H.Eberm.,LAURACEAE,Tejpatra,https://archive.bsi.gov.in/echoHerbarium-Details/en?link=CAL0000008857&column=szBarcode,BSI_Medicinal_Plant_Database (3).csv
396,Cinnamomum verum J.Presl.,LAURACEAE,Dalchini,https://archive.bsi.gov.in/echoHerbarium-Details/en?link=CAL0000008843&column=szBarcode,BSI_Medicinal_Plant_Database (3).csv
397,Cinnamomum camphora (L.) Sieb.,LAURACEAE,"Kapur, Karpur",https://archive.bsi.gov.in/echoHerbarium-Details/en?link=CAL0000008861&column=szBarcode,BSI_Medicinal_Plant_Database (3).csv
398,Cirsium arvense (L.) Scop.,ASTERACEAE,Creeping Thistle (Eng.),https://archive.bsi.gov.in/echoHerbarium-Details/en?link=CAL0000013668&column=szBarcode,BSI_Medicinal_Plant_Database (3).csv
399,Cissampelos pareira L.,MENISPERMACEAE,Akanadi,https://archive.bsi.gov.in/echoHerbarium-Details/en?link=CAL0000013495&column=szBarcode,BSI_Medicinal_Plant_Database (3).csv
400,Cissus adnata Roxb.,VITACEAE,Nadena (Mar.),https://archive.bsi.gov.in/echoHerbarium-Details/en?link=CAL0000003589&column=szBarcode,BSI_Medicinal_Plant_Database (3).csv
401,Cissus pallida (Wight & Arn.) Planch.,VITACEAE,Kondage (Kan.),https://archive.bsi.gov.in/echoHerbarium-Details/en?link=CAL0000003592&column=szBarcode,BSI_Medicinal_Plant_Database (4).csv
402,Cissus quadrangularis L.,VITACEAE,"Hadjora, Harsankari",https://archive.bsi.gov.in/echoHerbarium-Details/en?link=CAL0000003593&column=szBarcode,BSI_Medicinal_Plant_Database (4).csv
403,Cissus repens Lam.,VITACEAE,Nelaboddu (Tel.),https://archive.bsi.gov.in/echoHerbarium-Details/en?link=CAL0000003595&column=szBarcode,BSI_Medicinal_Plant_Database (4).csv
404,Cistanche tabulosa (Schrenk) Wight,OROBANCHACEAE,Pilo agio (Gujrati),https://archive.bsi.gov.in/echoHerbarium-Details/en?link=CAL0000009669&column=szBarcode,BSI_Medicinal_Plant_Database (4).csv
405,Citrullus colocynthis (L.) Schrad.,CUCURBITACEAE,"Indrayan, Makal",https://archive.bsi.gov.in/echoHerbarium-Details/en?link=CAL0000013787&column=szBarcode,BSI_Medicinal_Plant_Database (4).csv
406,Citrus aurantifolia (Christm.) Swingle,RUTACEAE,Kaghzi-nimbu,https://archive.bsi.gov.in/echoHerbarium-Details/en?link=CAL0000013474&column=szBarcode,BSI_Medicinal_Plant_Database (4).csv
407,Citrus aurantium L.,RUTACEAE,Khatta,https://archive.bsi.gov.in/echoHerbarium-Details/en?link=CAL0000013492&column=szBarcode,BSI_Medicinal_Plant_Database (4).csv
408,Citrus grandis (L.) Osbeck.,RUTACEAE,"Chakotra, Mahanimbu",https://archive.bsi.gov.in/echoHerbarium-Details/en?link=CAL0000013473&column=szBarcode,BSI_Medicinal_Plant_Database (4).csv
409,Citrus medica L.,RUTACEAE,"Bara nimbu, Bijaura",https://archive.bsi.gov.in/echoHerbarium-Details/en?link=CAL0000013476&column=szBarcode,BSI_Medicinal_Plant_Database (4).csv
410,Citrus sinensis (L.) Osbeck.,RUTACEAE,"Musambi, Narangi",https://archive.bsi.gov.in/echoHerbarium-Details/en?link=CAL0000013472&column=szBarcode,BSI_Medicinal_Plant_Database (4).csv
411,Claoxylon indicum Hassk.,EUPHORBIACEAE,Laping Budak (Malay),https://archive.bsi.gov.in/echoHerbarium-Details/en?link=CAL0000008972&column=szBarcode,BSI_Medicinal_Plant_Database (4).csv
412,Clausena excavata Burm.f.,RUTACEAE,Cemamar,https://archive.bsi.gov.in/echoHerbarium-Details/en?link=CAL0000009964&column=szBarcode,BSI_Medicinal_Plant_Database (4).csv
413,Clausena pentaphylla (Roxb.) DC.,RUTACEAE,Ratanjote,https://archive.bsi.gov.in/echoHerbarium-Details/en?link=CAL0000009963&column=szBarcode,BSI_Medicinal_Plant_Database (4).csv
414,Cleistanthus collinus (Roxb.) Benth. ex Hook.f.,EUPHORBIACEAE,Garari,https://archive.bsi.gov.in/echoHerbarium-Details/en?link=CAL0000008955&column=szBarcode,BSI_Medicinal_Plant_Database (4).csv
415,Clematis gauriana Roxb. ex DC.,RANUNCULACEAE,Telejadari (Kan.),https://archive.bsi.gov.in/echoHerbarium-Details/en?link=CAL0000009957&column=szBarcode,BSI_Medicinal_Plant_Database (4).csv
416,Clematis smilacifolia Wall.,RANUNCULACEAE,Gurraputige (Tel.),https://archive.bsi.gov.in/echoHerbarium-Details/en?link=CAL0000009959&column=szBarcode,BSI_Medicinal_Plant_Database (4).csv
417,Clematis triloba B.Heyne ex Roth,RANUNCULACEAE,Murhari,https://archive.bsi.gov.in/echoHerbarium-Details/en?link=CAL0000009958&column=szBarcode,BSI_Medicinal_Plant_Database (4).csv
418,Cleome chelidoni L.,CAPPARACEAE,Gulabi Tilwan (Local names),https://archive.bsi.gov.in/echoHerbarium-Details/en?link=CAL0000003742&column=szBarcode,BSI_Medicinal_Plant_Database (4).csv
419,Cleome gynandra (L.) L.,CAPPARACEAE,"Hulul, Churota",https://archive.bsi.gov.in/echoHerbarium-Details/en?link=CAL0000003741&column=szBarcode,BSI_Medicinal_Plant_Database (4).csv
420,Cleome monophylla L.,CAPPARACEAE,Velakkeerai (Local name),https://archive.bsi.gov.in/echoHerbarium-Details/en?link=CAL0000003747&column=szBarcode,BSI_Medicinal_Plant_Database (4).csv
421,Cleome vahliana Fresen.,CAPPARACEAE,Panwar (Urdu),https://archive.bsi.gov.in/echoHerbarium-Details/en?link=CAL0000003745&column=szBarcode,BSI_Medicinal_Plant_Database (4).csv
422,Cleome viscosa L.,CAPPARACEAE,"Hulhul, Hurhur",https://archive.bsi.gov.in/echoHerbarium-Details/en?link=CAL0000003743&column=szBarcode,BSI_Medicinal_Plant_Database (4).csv
423,Clerodendrum inerme (L.f.) Gaertn.,VERBENACEAE,"Lanjai, Sangkupi",https://archive.bsi.gov.in/echoHerbarium-Details/en?link=CAL0000009078&column=szBarcode,BSI_Medicinal_Plant_Database (4).csv
424,Clerodendrum multiflorum (Burm.f.) Kuntze,VERBENACEAE,Arni,https://archive.bsi.gov.in/echoHerbarium-Details/en?link=CAL0000009079&column=szBarcode,BSI_Medicinal_Plant_Database (4).csv
425,Clerodendrum philippenum Schauer,VERBENACEAE,Satabeli (Beng.),https://archive.bsi.gov.in/echoHerbarium-Details/en?link=CAL0000009077&column=szBarcode,BSI_Medicinal_Plant_Database (4).csv
426,Clerodendrum serratum (L.) Moon,VERBENACEAE,"Barangi, Bamanhati (Beng.)",https://archive.bsi.gov.in/echoHerbarium-Details/en?link=CAL0000009074&column=szBarcode,BSI_Medicinal_Plant_Database (4).csv
427,Clerodendrum viscosum Vent.,VERBENACEAE,Bhant,https://archive.bsi.gov.in/echoHerbarium-Details/en?link=CAL0000009076&column=szBarcode,BSI_Medicinal_Plant_Database (4).csv
428,Clinopodium vulgare L.,LAMIACEAE,Cushion Calamint (Eng.),https://archive.bsi.gov.in/echoHerbarium-Details/en?link=CAL0000008896&column=szBarcode,BSI_Medicinal_Plant_Database (4).csv
429,Clitoria ternatia L.,FABACEAE,Aparajit,https://archive.bsi.gov.in/echoHerbarium-Details/en?link=CAL0000003629&column=szBarcode,BSI_Medicinal_Plant_Database (4).csv
430,Cocccinia grandis (L.) Voigt.,CUCURBITACEAE,"Bhimb, Telakucha (Beng.)",https://archive.bsi.gov.in/echoHerbarium-Details/en?link=CAL0000013789&column=szBarcode,BSI_Medicinal_Plant_Database (4).csv
431,Coccoloba uvifera L.,POLYGONACEAE,Sea grape (Eng.),https://archive.bsi.gov.in/echoHerbarium-Details/en?link=CAL0000008878&column=szBarcode,BSI_Medicinal_Plant_Database (4).csv
432,Cocculus hirsutus (L.) Diels,MENISPERMACEAE,Jamtikibel,https://archive.bsi.gov.in/echoHerbarium-Details/en?link=CAL0000013990&column=szBarcode,BSI_Medicinal_Plant_Database (4).csv
433,Cocculus laurifolius DC.,MENISPERMACEAE,Laurel-Leaved Snail Tree (Eng.),https://archive.bsi.gov.in/echoHerbarium-Details/en?link=CAL0000013992&column=szBarcode,BSI_Medicinal_Plant_Database (4).csv
434,Cocculus pendulus (J.R.Forst. & G.Forst.) Diels,MENISPERMACEAE,Illarbillar (Punjab),https://archive.bsi.gov.in/echoHerbarium-Details/en?link=CAL0000013989&column=szBarcode,BSI_Medicinal_Plant_Database (4).csv
435,Cochlospermum religiosum (L.) Alston,COCHLOSPERMACEAE,"Kumbi, Galgal",https://archive.bsi.gov.in/echoHerbarium-Details/en?link=CAL0000003833&column=szBarcode,BSI_Medicinal_Plant_Database (4).csv
436,Cocos nucifera L.,ARECACEAE,Nariyal,https://archive.bsi.gov.in/echoHerbarium-Details/en?link=CAL0000003202&column=szBarcode,BSI_Medicinal_Plant_Database (4).csv
437,Codiaeum variegatum Blume,EUPHORBIACEAE,Patabahari (Beng.),https://archive.bsi.gov.in/echoHerbarium-Details/en?link=CAL0000008975&column=szBarcode,BSI_Medicinal_Plant_Database (4).csv
438,Codonopsis ovata Benth.,CAMPANULACEAE,Kashmir Bonnet Bellflower (Eng.),https://archive.bsi.gov.in/echoHerbarium-Details/en?link=CAL0000009232&column=szBarcode,BSI_Medicinal_Plant_Database (4).csv
439,Coffea arabica L.,RUBIACEAE,Arabian coffee (Eng.),https://archive.bsi.gov.in/echoHerbarium-Details/en?link=CAL0000013572&column=szBarcode,BSI_Medicinal_Plant_Database (4).csv
440,Coix lacryma-jobi L.,POACEAE,Sankru,https://archive.bsi.gov.in/echoHerbarium-Details/en?link=CAL0000003165&column=szBarcode,BSI_Medicinal_Plant_Database (4).csv
441,Colchicum luteum Baker,LILIACEAE,"Suranjana (Guj., Hind. & Mar.)",https://archive.bsi.gov.in/echoHerbarium-Details/en?link=CAL0000003076&column=szBarcode,BSI_Medicinal_Plant_Database (4).csv
442,Coldenia procumbens L.,BORAGINACEAE,Tripungki,https://archive.bsi.gov.in/echoHerbarium-Details/en?link=CAL0000013155&column=szBarcode,BSI_Medicinal_Plant_Database (4).csv
443,Colebrookea oppositifolia Sm.,LAMIACEAE,"Binda, Pansra",https://archive.bsi.gov.in/echoHerbarium-Details/en?link=CAL0000008894&column=szBarcode,BSI_Medicinal_Plant_Database (4).csv
444,Coleus amboinicus Lour.,LAMIACEAE,Pathorchur,https://archive.bsi.gov.in/echoHerbarium-Details/en?link=CAL0000008902&column=szBarcode,BSI_Medicinal_Plant_Database (4).csv
445,Coleus scutallarioides (L.) Benth.,LAMIACEAE,Coleus (Eng.),https://archive.bsi.gov.in/echoHerbarium-Details/en?link=CAL0000008903&column=szBarcode,BSI_Medicinal_Plant_Database (4).csv
446,Colocasia esculenta (L.) Schott,ARACEAE,"Arvi, Ghuiya",https://archive.bsi.gov.in/echoHerbarium-Details/en?link=CAL0000003215&column=szBarcode,BSI_Medicinal_Plant_Database (4).csv
447,Combretum nanum Buch.-Ham. ex D.Don,COMBRETACEAE,Bhuidaudi (Local name),https://archive.bsi.gov.in/echoHerbarium-Details/en?link=CAL0000013717&column=szBarcode,BSI_Medicinal_Plant_Database (4).csv
448,Combretum pilosum Roxb.,COMBRETACEAE,"Bhoree loth, Thoonia loth",https://archive.bsi.gov.in/echoHerbarium-Details/en?link=CAL0000013718&column=szBarcode,BSI_Medicinal_Plant_Database (4).csv
449,Combretum roxburghii Spreng.,COMBRETACEAE,Punk,https://archive.bsi.gov.in/echoHerbarium-Details/en?link=CAL0000013720&column=szBarcode,BSI_Medicinal_Plant_Database (4).csv
450,Commelina benghalensis L.,COMMELINACEAE,Kanchara,https://archive.bsi.gov.in/echoHerbarium-Details/en?link=CAL0000003064&column=szBarcode,BSI_Medicinal_Plant_Database (4).csv
451,Commelina longifolia Lam.,COMMELINACEAE,Jalpipari,https://archive.bsi.gov.in/echoHerbarium-Details/en?link=CAL0000003066&column=szBarcode,BSI_Medicinal_Plant_Database (4).csv
452,Commelina paludosa Blume,COMMELINACEAE,Patugia (Local name),https://archive.bsi.gov.in/echoHerbarium-Details/en?link=CAL0000003068&column=szBarcode,BSI_Medicinal_Plant_Database (4).csv
453,Conium maculatum L.,APIACEAE,Poison Hemlock (Eng.),https://archive.bsi.gov.in/echoHerbarium-Details/en?link=CAL0000013752&column=szBarcode,BSI_Medicinal_Plant_Database (4).csv
454,Connarus monocarpus L.,CONNARACEAE,Sunder (Mar.),https://archive.bsi.gov.in/echoHerbarium-Details/en?link=CAL0000003559&column=szBarcode,BSI_Medicinal_Plant_Database (4).csv
455,Consolida ambigua (L.) Ball. & Heywood,RANUNCULACEAE,Rocket Larkspur (Eng.),https://archive.bsi.gov.in/echoHerbarium-Details/en?link=CAL0000009944&column=szBarcode,BSI_Medicinal_Plant_Database (4).csv
456,Convolvulus arvensis L.,CONVOLVULACEAE,"Beri, Haranpadi",https://archive.bsi.gov.in/echoHerbarium-Details/en?link=CAL0000009698&column=szBarcode,BSI_Medicinal_Plant_Database (4).csv
457,Convolvulus auricomus (A.Rich.) Bhandari,CONVOLVULACEAE,Runchhaliveldi (Guj.),https://archive.bsi.gov.in/echoHerbarium-Details/en?link=CAL0000009697&column=szBarcode,BSI_Medicinal_Plant_Database (4).csv
458,Convolvulus microphyllus Sieb.ex Spreng.,CONVOLVULACEAE,"Shankhapushpi, Dodak (Punjab)",https://archive.bsi.gov.in/echoHerbarium-Details/en?link=CAL0000009699&column=szBarcode,BSI_Medicinal_Plant_Database (4).csv
459,Coptis teeta Wall.,RANUNCULACEAE,"Mamira, Mamiran",https://archive.bsi.gov.in/echoHerbarium-Details/en?link=CAL0000009947&column=szBarcode,BSI_Medicinal_Plant_Database (4).csv
460,Corchorus aestuans L.,TILIACEAE,Titapat (Beng.),https://archive.bsi.gov.in/echoHerbarium-Details/en?link=CAL0000003839&column=szBarcode,BSI_Medicinal_Plant_Database (4).csv
461,Corchorus capsularis L.,TILIACEAE,Narcha,https://archive.bsi.gov.in/echoHerbarium-Details/en?link=CAL0000003841&column=szBarcode,BSI_Medicinal_Plant_Database (4).csv
462,Corchorus depressus (L.) Stocks,TILIACEAE,Baphuli,https://archive.bsi.gov.in/echoHerbarium-Details/en?link=CAL0000003838&column=szBarcode,BSI_Medicinal_Plant_Database (4).csv
463,Corchorus fascicularis L.,TILIACEAE,Bhirupatrika (Sans.),https://archive.bsi.gov.in/echoHerbarium-Details/en?link=CAL0000003836&column=szBarcode,BSI_Medicinal_Plant_Database (4).csv
464,Corchorus olitorius L.,TILIACEAE,Mithapat (Beng.),https://archive.bsi.gov.in/echoHerbarium-Details/en?link=CAL0000003840&column=szBarcode,BSI_Medicinal_Plant_Database (4).csv
465,Corchorus trilocularis L.,TILIACEAE,Kadu-chinch (Local name),https://archive.bsi.gov.in/echoHerbarium-Details/en?link=CAL0000003837&column=szBarcode,BSI_Medicinal_Plant_Database (4).csv
466,Cordia dichotoma Forst.,BORAGINACEAE,"Lasora, Chota lasora",https://archive.bsi.gov.in/echoHerbarium-Details/en?link=CAL0000009717&column=szBarcode,BSI_Medicinal_Plant_Database (4).csv
467,Cordia gharaf (Forst.) Ehrenb. ex Aschers.,BORAGINACEAE,Gondni,https://archive.bsi.gov.in/echoHerbarium-Details/en?link=CAL0000009715&column=szBarcode,BSI_Medicinal_Plant_Database (4).csv
468,Cordia myxa Roxb.,BORAGINACEAE,"Lasora, Chota lasora",https://archive.bsi.gov.in/echoHerbarium-Details/en?link=CAL0000009713&column=szBarcode,BSI_Medicinal_Plant_Database (4).csv
469,Cordia myxa Roxb. (non L.),BORAGINACEAE,"Lasora, Chota lasora",https://archive.bsi.gov.in/echoHerbarium-Details/en?link=CAL0000009714&column=szBarcode,BSI_Medicinal_Plant_Database (4).csv
470,Cordia obliqua Willd.,BORAGINACEAE,"Lasora, Chota lasora",https://archive.bsi.gov.in/echoHerbarium-Details/en?link=CAL0000009711&column=szBarcode,BSI_Medicinal_Plant_Database (4).csv
471,Cordia vestita (DC) Hook.f. & Thomson,BORAGINACEAE,"Kumpaiman, Bairola",https://archive.bsi.gov.in/echoHerbarium-Details/en?link=CAL0000009719&column=szBarcode,BSI_Medicinal_Plant_Database (4).csv
472,Coriandrum sativum L.,APIACEAE,"Dhania, Dhanya",https://archive.bsi.gov.in/echoHerbarium-Details/en?link=CAL0000013740&column=szBarcode,BSI_Medicinal_Plant_Database (4).csv
473,Coriaria nepalensis Wall.,CORIARIACEAE,"Masuri, Makola",https://archive.bsi.gov.in/echoHerbarium-Details/en?link=CAL0000003560&column=szBarcode,BSI_Medicinal_Plant_Database (4).csv
474,Corydalis govaniana Wall.,FUMARIACEAE,Bhutkis,https://archive.bsi.gov.in/echoHerbarium-Details/en?link=CAL0000003769&column=szBarcode,BSI_Medicinal_Plant_Database (4).csv
475,Corydalis vaginans Royle,FUMARIACEAE,Mamiran (Kurra Valley),https://archive.bsi.gov.in/echoHerbarium-Details/en?link=CAL0000003770&column=szBarcode,BSI_Medicinal_Plant_Database (4).csv
476,Corylus jacquemontii Decne.,BETULACEAE,Thangi (Punjab),https://archive.bsi.gov.in/echoHerbarium-Details/en?link=CAL0000008924&column=szBarcode,BSI_Medicinal_Plant_Database (4).csv
477,Coscinium fenestratum (Gaertn.) Colebr.,MENISPERMACEAE,"Jhar-i-huldi, Haldigachi",https://archive.bsi.gov.in/echoHerbarium-Details/en?link=CAL0000013993&column=szBarcode,BSI_Medicinal_Plant_Database (4).csv
478,Cosmostigma racemosum (Roxb.) Wight,ASCLEPIADACEAE,Shendvel (Mar.),https://archive.bsi.gov.in/echoHerbarium-Details/en?link=CAL0000009240&column=szBarcode,BSI_Medicinal_Plant_Database (4).csv
479,Costus speciosus (Koen. ex Retz.),ZINGIBERACEAE,"Keu, Kemuka",https://archive.bsi.gov.in/echoHerbarium-Details/en?link=CAL0000003136&column=szBarcode,BSI_Medicinal_Plant_Database (4).csv
480,Cotinus coggygria Scop.,ANACARDIACEAE,Tunga (Punjab),https://archive.bsi.gov.in/echoHerbarium-Details/en?link=CAL0000003566&column=szBarcode,BSI_Medicinal_Plant_Database (4).csv
481,Cotoneaster bacillaris Wall. ex. Lindl.,ROSACEAE,Ri (Punjab),https://archive.bsi.gov.in/echoHerbarium-Details/en?link=CAL0000013734&column=szBarcode,BSI_Medicinal_Plant_Database (4).csv
482,Cotoneaster microphylla Wall. ex. Lindl.,ROSACEAE,Khariz (Kashmir),https://archive.bsi.gov.in/echoHerbarium-Details/en?link=CAL0000013735&column=szBarcode,BSI_Medicinal_Plant_Database (4).csv
483,Cotula anthemoides L.,ASTERACEAE,Babuna (Eng.),https://archive.bsi.gov.in/echoHerbarium-Details/en?link=CAL0000013150&column=szBarcode,BSI_Medicinal_Plant_Database (4).csv
484,Crataeva nurvula Buch-Ham.,CAPPARACEAE,"Barna, Bilasi",https://archive.bsi.gov.in/echoHerbarium-Details/en?link=CAL0000003727&column=szBarcode,BSI_Medicinal_Plant_Database (4).csv
485,Cratoxylum cochinchinense (Lour.) Blume,HYPERICACEAE,Derum Selunchor,https://archive.bsi.gov.in/echoHerbarium-Details/en?link=CAL0000003815&column=szBarcode,BSI_Medicinal_Plant_Database (4).csv
486,Crescentia cujute L.,BIGNONIACEAE,Bilayati Bel,https://archive.bsi.gov.in/echoHerbarium-Details/en?link=CAL0000009663&column=szBarcode,BSI_Medicinal_Plant_Database (4).csv
487,Cressa cretica L.,CONVOLVULACEAE,Rudravanti,https://archive.bsi.gov.in/echoHerbarium-Details/en?link=CAL0000009704&column=szBarcode,BSI_Medicinal_Plant_Database (4).csv
488,Crinum asiaticum L.,AMARYLLIDACEAE,"Badakanvar, Pindar",https://archive.bsi.gov.in/echoHerbarium-Details/en?link=CAL0000003127&column=szBarcode,BSI_Medicinal_Plant_Database (4).csv
489,Crinum defixum Ker.-Gawl.,AMARYLLIDACEAE,Sukdarshan (Beng.),https://archive.bsi.gov.in/echoHerbarium-Details/en?link=CAL0000003129&column=szBarcode,BSI_Medicinal_Plant_Database (4).csv
490,Crinum latifolium L.,AMARYLLIDACEAE,Sukhdarshan ( Beng.),https://archive.bsi.gov.in/echoHerbarium-Details/en?link=CAL0000003251&column=szBarcode,BSI_Medicinal_Plant_Database (4).csv
491,Crocus sativus L.,IRIDACEAE,"Kesar, Zafran",https://archive.bsi.gov.in/echoHerbarium-Details/en?link=CAL0000003132&column=szBarcode,BSI_Medicinal_Plant_Database (4).csv
492,Crotalaria albida B.Heyne ex Roth.,FABACEAE,Ban-methi,https://archive.bsi.gov.in/echoHerbarium-Details/en?link=CAL0000003623&column=szBarcode,BSI_Medicinal_Plant_Database (4).csv
493,Crotalaria burhia Buch.-Ham ex Benth.,FABACEAE,Ghagari (Mar.),https://archive.bsi.gov.in/echoHerbarium-Details/en?link=CAL0000003709&column=szBarcode,BSI_Medicinal_Plant_Database (4).csv
494,Crotalaria juncea L.,FABACEAE,Sannai Sunn,https://archive.bsi.gov.in/echoHerbarium-Details/en?link=CAL0000003704&column=szBarcode,BSI_Medicinal_Plant_Database (4).csv
495,Crotalaria laburnifolia L.,FABACEAE,Muna,https://archive.bsi.gov.in/echoHerbarium-Details/en?link=CAL0000003701&column=szBarcode,BSI_Medicinal_Plant_Database (4).csv
496,Crotalaria pallida Aiton,FABACEAE,"Sen, San",https://archive.bsi.gov.in/echoHerbarium-Details/en?link=CAL0000003699&column=szBarcode,BSI_Medicinal_Plant_Database (4).csv
497,Crotalaria prostrata Rottl. ex Willd.,FABACEAE,"Vishnukarni, Chotojhunjhuni (Beng.)",https://archive.bsi.gov.in/echoHerbarium-Details/en?link=CAL0000003710&column=szBarcode,BSI_Medicinal_Plant_Database (4).csv
498,Crotalaria retusa L.,FABACEAE,Ghunghunian,https://archive.bsi.gov.in/echoHerbarium-Details/en?link=CAL0000003707&column=szBarcode,BSI_Medicinal_Plant_Database (4).csv
499,Crotalaria sericea Retz.,FABACEAE,Jhunjhunia,https://archive.bsi.gov.in/echoHerbarium-Details/en?link=CAL0000003706&column=szBarcode,BSI_Medicinal_Plant_Database (4).csv
500,Croton bonplandianum Baill.,EUPHORBIACEAE,Kukka mirapa,https://archive.bsi.gov.in/echoHerbarium-Details/en?link=CAL0000008993&column=szBarcode,BSI_Medicinal_Plant_Database (4).csv
501,Croton caudatus Geisel.,EUPHORBIACEAE,Nanbhantur (Beng.),https://archive.bsi.gov.in/echoHerbarium-Details/en?link=CAL0000008997&column=szBarcode,BSI_Medicinal_Plant_Database (5).csv
502,Croton oblongifolius Roxb.,EUPHORBIACEAE,Chucka,https://archive.bsi.gov.in/echoHerbarium-Details/en?link=CAL0000008999&column=szBarcode,BSI_Medicinal_Plant_Database (5).csv
503,Croton tiglium L.,EUPHORBIACEAE,Jamalgota,https://archive.bsi.gov.in/echoHerbarium-Details/en?link=CAL0000008992&column=szBarcode,BSI_Medicinal_Plant_Database (5).csv
504,Cryptocarya wightiana Thwaites,LAURACEAE,Neela Vriksha (Sans.),https://archive.bsi.gov.in/echoHerbarium-Details/en?link=CAL0000008863&column=szBarcode,BSI_Medicinal_Plant_Database (5).csv
505,Cryptolepis buchananii R.Br. ex Roem. & Schult.,ASCLEPIADACEAE,"Karanta, Kalisar",https://archive.bsi.gov.in/echoHerbarium-Details/en?link=CAL0000009245&column=szBarcode,BSI_Medicinal_Plant_Database (5).csv
506,Cucubalus bacciferous L.,CARYOPHYLLACEAE,Berry-bearing Catchfly (Eng.),https://archive.bsi.gov.in/echoHerbarium-Details/en?link=CAL0000003827&column=szBarcode,BSI_Medicinal_Plant_Database (5).csv
507,Cucumis callosus (Rottl.) Cogn.,CUCURBITACEAE,Kharbooza,https://archive.bsi.gov.in/echoHerbarium-Details/en?link=CAL0000013784&column=szBarcode,BSI_Medicinal_Plant_Database (5).csv
508,Cucumis melo L.,CUCURBITACEAE,Kharbuja,https://archive.bsi.gov.in/echoHerbarium-Details/en?link=CAL0000013785&column=szBarcode,BSI_Medicinal_Plant_Database (5).csv
509,Cucumis prophetarum L.,CUCURBITACEAE,Khad-Kachar (Rajasthan),https://archive.bsi.gov.in/echoHerbarium-Details/en?link=CAL0000013783&column=szBarcode,BSI_Medicinal_Plant_Database (5).csv
510,Cucumis sativus L.,CUCURBITACEAE,Khira,https://archive.bsi.gov.in/echoHerbarium-Details/en?link=CAL0000013782&column=szBarcode,BSI_Medicinal_Plant_Database (5).csv
511,Cucurbita maxima Duchesne,CUCURBITACEAE,"Lal kumra, Mitha kumra",https://archive.bsi.gov.in/echoHerbarium-Details/en?link=CAL0000013778&column=szBarcode,BSI_Medicinal_Plant_Database (5).csv
512,Cucurbita pepo L.,CUCURBITACEAE,"Kumra, Safedkaddu",https://archive.bsi.gov.in/echoHerbarium-Details/en?link=CAL0000013779&column=szBarcode,BSI_Medicinal_Plant_Database (5).csv
513,Cupressus sempervirens L.,CUPRESSACEAE,"Sara, Saras",https://archive.bsi.gov.in/echoHerbarium-Details/en?link=CAL0000009743&column=szBarcode,BSI_Medicinal_Plant_Database (5).csv
514,Curculigo orchioides Gaertn.,AMARYLLIDACEAE,"Kali musli, Syahmusali",https://archive.bsi.gov.in/echoHerbarium-Details/en?link=CAL0000003115&column=szBarcode,BSI_Medicinal_Plant_Database (5).csv
515,Curcuma angustifolia Roxb.,ZINGIBERACEAE,Tikhur,https://archive.bsi.gov.in/echoHerbarium-Details/en?link=CAL0000003145&column=szBarcode,BSI_Medicinal_Plant_Database (5).csv
516,Curcuma aromatica Salisb.,ZINGIBERACEAE,Jangli-haldi,https://archive.bsi.gov.in/echoHerbarium-Details/en?link=CAL0000003144&column=szBarcode,BSI_Medicinal_Plant_Database (5).csv
517,Curcuma leucorrhiza Roxb.,ZINGIBERACEAE,Tikar (Beng.),https://archive.bsi.gov.in/echoHerbarium-Details/en?link=CAL0000003147&column=szBarcode,BSI_Medicinal_Plant_Database (5).csv
518,Curcuma longa L.,ZINGIBERACEAE,"Haldi, Halada",https://archive.bsi.gov.in/echoHerbarium-Details/en?link=CAL0000003148&column=szBarcode,BSI_Medicinal_Plant_Database (5).csv
519,Curcuma rubescens Roxb.,ZINGIBERACEAE,Ruby (Eng.),https://archive.bsi.gov.in/echoHerbarium-Details/en?link=CAL0000003149&column=szBarcode,BSI_Medicinal_Plant_Database (5).csv
520,Curcuma zeodoria Roxb.,ZINGIBERACEAE,Kachura,https://archive.bsi.gov.in/echoHerbarium-Details/en?link=CAL0000003146&column=szBarcode,BSI_Medicinal_Plant_Database (5).csv
521,Cuscuta chinensis Lam.,CONVOLVULACEAE,Dodder (Eng.),https://archive.bsi.gov.in/echoHerbarium-Details/en?link=CAL0000009701&column=szBarcode,BSI_Medicinal_Plant_Database (5).csv
522,Cuscuta hyalina Roth.,CONVOLVULACEAE,Niradhari,https://archive.bsi.gov.in/echoHerbarium-Details/en?link=CAL0000009702&column=szBarcode,BSI_Medicinal_Plant_Database (5).csv
523,Cuscuta reflexa Roxb.,CONVOLVULACEAE,"Akasbel, Amarbel",https://archive.bsi.gov.in/echoHerbarium-Details/en?link=CAL0000009703&column=szBarcode,BSI_Medicinal_Plant_Database (5).csv
524,Cyathula prostrata Blume,AMARANTHACEAE,Lal Chirchita,https://archive.bsi.gov.in/echoHerbarium-Details/en?link=CAL0000008909&column=szBarcode,BSI_Medicinal_Plant_Database (5).csv
525,Cycas circinalis L.,CYCADACEAE,Jangli-madan-mast-ka-phul,https://archive.bsi.gov.in/echoHerbarium-Details/en?link=CAL0000009738&column=szBarcode,BSI_Medicinal_Plant_Database (5).csv
526,Cycas rumphii Miq.,CYCADACEAE,Kama (Tam.),https://archive.bsi.gov.in/echoHerbarium-Details/en?link=CAL0000009737&column=szBarcode,BSI_Medicinal_Plant_Database (5).csv
527,Cyclea peltata Hook.f. & Thomson,MENISPERMACEAE,Bruhat patha (Sans.),https://archive.bsi.gov.in/echoHerbarium-Details/en?link=CAL0000013498&column=szBarcode,BSI_Medicinal_Plant_Database (5).csv
528,Cydonia oblonga Mill.,ROSACEAE,Bihi,https://archive.bsi.gov.in/echoHerbarium-Details/en?link=CAL0000013723&column=szBarcode,BSI_Medicinal_Plant_Database (5).csv
529,Cymbidium simulans Rolfe,ORCHIDACEAE,Aloe-leafed Cymbidium (Eng.),https://archive.bsi.gov.in/echoHerbarium-Details/en?link=CAL0000003913&column=szBarcode,BSI_Medicinal_Plant_Database (5).csv
530,Cymbopogon flexuosus (Nees ex Steud.) Will.Watson,POACEAE,"Lemongrass (Eng.), Kodi-pullu (Mal.)",https://archive.bsi.gov.in/echoHerbarium-Details/en?link=CAL0000003173&column=szBarcode,BSI_Medicinal_Plant_Database (5).csv
531,Cymbopogon jwarancusa (Jones) Schult.,POACEAE,Lamajjaka (Sans.),https://archive.bsi.gov.in/echoHerbarium-Details/en?link=CAL0000003174&column=szBarcode,BSI_Medicinal_Plant_Database (5).csv
532,Cymbopogon martinii (Roxb.) Will.Watson,POACEAE,Gandh bel,https://archive.bsi.gov.in/echoHerbarium-Details/en?link=CAL0000003171&column=szBarcode,BSI_Medicinal_Plant_Database (5).csv
533,Cymbopogon nardus (L.) Rendle,POACEAE,Ganjni,https://archive.bsi.gov.in/echoHerbarium-Details/en?link=CAL0000003172&column=szBarcode,BSI_Medicinal_Plant_Database (5).csv
534,Cymbopogon schoenanthus (L.) Spreng.,POACEAE,Rousaghas,https://archive.bsi.gov.in/echoHerbarium-Details/en?link=CAL0000003175&column=szBarcode,BSI_Medicinal_Plant_Database (5).csv
535,Cynara scolymus L.,ASTERACEAE,"Hathichak, Hathi-choke",https://archive.bsi.gov.in/echoHerbarium-Details/en?link=CAL0000013671&column=szBarcode,BSI_Medicinal_Plant_Database (5).csv
536,Cynodon dactylon (L.) Pers.,POACEAE,"Dhub, Hariali",https://archive.bsi.gov.in/echoHerbarium-Details/en?link=CAL0000003247&column=szBarcode,BSI_Medicinal_Plant_Database (5).csv
537,Cynoglossum glochidiatum Wall. ex Benth.,BORAGINACEAE,Dhalabrauisabta (Assam),https://archive.bsi.gov.in/echoHerbarium-Details/en?link=CAL0000009726&column=szBarcode,BSI_Medicinal_Plant_Database (5).csv
538,Cynoglossum lanceolatum Forsk.,BORAGINACEAE,Kuro (Nepali),https://archive.bsi.gov.in/echoHerbarium-Details/en?link=CAL0000009725&column=szBarcode,BSI_Medicinal_Plant_Database (5).csv
539,Cynometra ramiflora L.,CAESALPINIACEAE,Madhuka (Sans.),https://archive.bsi.gov.in/echoHerbarium-Details/en?link=CAL0000003480&column=szBarcode,BSI_Medicinal_Plant_Database (5).csv
540,Cyperus articulatus L.,CYPERACEAE,Guinea Rush (Eng.),https://archive.bsi.gov.in/echoHerbarium-Details/en?link=CAL0000003245&column=szBarcode,BSI_Medicinal_Plant_Database (5).csv
541,Cyperus iria L.,CYPERACEAE,Bara chuncha (Beng.),https://archive.bsi.gov.in/echoHerbarium-Details/en?link=CAL0000003240&column=szBarcode,BSI_Medicinal_Plant_Database (5).csv
542,Cyperus rotundus L.,CYPERACEAE,"Motha, Mutha (Beng.)",https://archive.bsi.gov.in/echoHerbarium-Details/en?link=CAL0000003241&column=szBarcode,BSI_Medicinal_Plant_Database (5).csv
543,Cyperus stoloniferous Retz.,CYPERACEAE,Jatamasi (Mar.),https://archive.bsi.gov.in/echoHerbarium-Details/en?link=CAL0000003243&column=szBarcode,BSI_Medicinal_Plant_Database (5).csv
544,Cyperus triceps (Rottb.) Endl.,CYPERACEAE,Nirbisi,https://archive.bsi.gov.in/echoHerbarium-Details/en?link=CAL0000003239&column=szBarcode,BSI_Medicinal_Plant_Database (5).csv
545,Cyrtophyllum peregrinum Blume,LOGANIACEAE,Anan (Burma),https://archive.bsi.gov.in/echoHerbarium-Details/en?link=CAL0000013558&column=szBarcode,BSI_Medicinal_Plant_Database (5).csv
546,Cytisus scoparius Link.,FABACEAE,Scotch broom (Eng.),https://archive.bsi.gov.in/echoHerbarium-Details/en?link=CAL0000003697&column=szBarcode,BSI_Medicinal_Plant_Database (5).csv
547,Dactyloctenium aegyptium (L.) Willd.,POACEAE,"Makra, Makri",https://archive.bsi.gov.in/echoHerbarium-Details/en?link=CAL0000003192&column=szBarcode,BSI_Medicinal_Plant_Database (5).csv
548,Dactylorhiza hatagirea (D. Don) Soo,ORCHIDACEAE,"Salampanja, Salam",https://archive.bsi.gov.in/echoHerbarium-Details/en?link=CAL0000003157&column=szBarcode,BSI_Medicinal_Plant_Database (5).csv
549,Dalbergia lanceolaria L.f.,FABACEAE,"Takoli, Bithua",https://archive.bsi.gov.in/echoHerbarium-Details/en?link=CAL0000003647&column=szBarcode,BSI_Medicinal_Plant_Database (5).csv
550,Dalbergia latifolia Roxb.,FABACEAE,Shisham,https://archive.bsi.gov.in/echoHerbarium-Details/en?link=CAL0000003649&column=szBarcode,BSI_Medicinal_Plant_Database (5).csv
551,Dalbergia pinnata (Lour.) Prain.,FABACEAE,Keti (Assam),https://archive.bsi.gov.in/echoHerbarium-Details/en?link=CAL0000003645&column=szBarcode,BSI_Medicinal_Plant_Database (5).csv
552,Dalbergia sissoo Roxb. ex DC.,FABACEAE,"Shisham, Sissu",https://archive.bsi.gov.in/echoHerbarium-Details/en?link=CAL0000003651&column=szBarcode,BSI_Medicinal_Plant_Database (5).csv
553,Dalbergia spinosa Roxb.,FABACEAE,Chillanki (Tel.),https://archive.bsi.gov.in/echoHerbarium-Details/en?link=CAL0000003642&column=szBarcode,BSI_Medicinal_Plant_Database (5).csv
554,Dalbergia stipulacea Roxb.,FABACEAE,Tateberi (Nepal),https://archive.bsi.gov.in/echoHerbarium-Details/en?link=CAL0000003643&column=szBarcode,BSI_Medicinal_Plant_Database (5).csv
555,Dalbergia volubilis Roxb.,FABACEAE,Bhatia,https://archive.bsi.gov.in/echoHerbarium-Details/en?link=CAL0000003644&column=szBarcode,BSI_Medicinal_Plant_Database (5).csv
556,Daphne oleoides Schreb.,THYMELAEACEAE,Kutilal (Punjab),https://archive.bsi.gov.in/echoHerbarium-Details/en?link=CAL0000009032&column=szBarcode,BSI_Medicinal_Plant_Database (5).csv
557,Daphne papyracea Wall. ex Steud.,THYMELAEACEAE,Satpura setburwa,https://archive.bsi.gov.in/echoHerbarium-Details/en?link=CAL0000009030&column=szBarcode,BSI_Medicinal_Plant_Database (5).csv
558,Datisca cannabina L.,DATISCACEAE,Akalbir,https://archive.bsi.gov.in/echoHerbarium-Details/en?link=CAL0000013773&column=szBarcode,BSI_Medicinal_Plant_Database (5).csv
559,Datura innoxia Mill.,SOLANACEAE,Safed Dhatura,https://archive.bsi.gov.in/echoHerbarium-Details/en?link=CAL0000009687&column=szBarcode,BSI_Medicinal_Plant_Database (5).csv
560,Datura metal L.,SOLANACEAE,Sadahdhatura,https://archive.bsi.gov.in/echoHerbarium-Details/en?link=CAL0000009684&column=szBarcode,BSI_Medicinal_Plant_Database (5).csv
561,Datura stramonium L.,SOLANACEAE,Dhatura,https://archive.bsi.gov.in/echoHerbarium-Details/en?link=CAL0000009685&column=szBarcode,BSI_Medicinal_Plant_Database (5).csv
562,Daucas carota L.,APIACEAE,Gajar,https://archive.bsi.gov.in/echoHerbarium-Details/en?link=CAL0000013739&column=szBarcode,BSI_Medicinal_Plant_Database (5).csv
563,Decalepis hamiltonii Wight & Arn.,ASCLEPIADACEAE,Mahali kizhangu (Tam.),https://archive.bsi.gov.in/echoHerbarium-Details/en?link=CAL0000009242&column=szBarcode,BSI_Medicinal_Plant_Database (5).csv
564,Deeringia amaranthoides Merill.,AMARANTHACEAE,Latman,https://archive.bsi.gov.in/echoHerbarium-Details/en?link=CAL0000008905&column=szBarcode,BSI_Medicinal_Plant_Database (5).csv
565,Delonix elata (L.) Gamble,CAESALPINIACEAE,Sankasura (Mar.),https://archive.bsi.gov.in/echoHerbarium-Details/en?link=CAL0000003516&column=szBarcode,BSI_Medicinal_Plant_Database (5).csv
566,Delphinium brunonianum Royle,RANUNCULACEAE,Laskar (Punjab),https://archive.bsi.gov.in/echoHerbarium-Details/en?link=CAL0000009940&column=szBarcode,BSI_Medicinal_Plant_Database (5).csv
567,Delphinium denudatum Wall. ex Hook.f. & Thomson,RANUNCULACEAE,"Jadwar, Nirbisi",https://archive.bsi.gov.in/echoHerbarium-Details/en?link=CAL0000009939&column=szBarcode,BSI_Medicinal_Plant_Database (5).csv
568,Delphinium vestitum Wall. ex Royle,RANUNCULACEAE,"Juha, Kalulu",https://archive.bsi.gov.in/echoHerbarium-Details/en?link=CAL0000009942&column=szBarcode,BSI_Medicinal_Plant_Database (5).csv
569,Dendrobium crumenatum Sw.,ORCHIDACEAE,Pigeon Orchid (Eng.),https://archive.bsi.gov.in/echoHerbarium-Details/en?link=CAL0000003915&column=szBarcode,BSI_Medicinal_Plant_Database (5).csv
570,Dendrobium ovatum (L.) Kraenzl.,ORCHIDACEAE,Nagli (Mar.),https://archive.bsi.gov.in/echoHerbarium-Details/en?link=CAL0000003912&column=szBarcode,BSI_Medicinal_Plant_Database (5).csv
571,Dendrocalamus strictus (Roxb.) Nees,POACEAE,"Bans kaban, Bans khurd",https://archive.bsi.gov.in/echoHerbarium-Details/en?link=CAL0000003178&column=szBarcode,BSI_Medicinal_Plant_Database (5).csv
572,Dendrocnide sinuata (Bl.) Chaw.,URTICACEAE,"Morange, Utigun",https://archive.bsi.gov.in/echoHerbarium-Details/en?link=CAL0000009011&column=szBarcode,BSI_Medicinal_Plant_Database (5).csv
573,Dendrophthoe elastica (Desr.) Danser,LORANTHACEAE,Andagan (Tam.),https://archive.bsi.gov.in/echoHerbarium-Details/en?link=CAL0000009019&column=szBarcode,BSI_Medicinal_Plant_Database (5).csv
574,Dendrophthoe falcata (L.f.) Ettingshausen,LORANTHACEAE,Banda,https://archive.bsi.gov.in/echoHerbarium-Details/en?link=CAL0000009018&column=szBarcode,BSI_Medicinal_Plant_Database (5).csv
575,Derris ferruginea (Roxb.) Benth.,FABACEAE,"Ruphang-doukha, Aru (Assam)",https://archive.bsi.gov.in/echoHerbarium-Details/en?link=CAL0000003636&column=szBarcode,BSI_Medicinal_Plant_Database (5).csv
576,Derris indica (Lam.) Bennet.,FABACEAE,"Karanj, Dithori",https://archive.bsi.gov.in/echoHerbarium-Details/en?link=CAL0000003635&column=szBarcode,BSI_Medicinal_Plant_Database (5).csv
577,Derris scandens (Roxb.) ex. Benth.,FABACEAE,Gonj,https://archive.bsi.gov.in/echoHerbarium-Details/en?link=CAL0000003640&column=szBarcode,BSI_Medicinal_Plant_Database (5).csv
578,Derris trifoliata Lour.,FABACEAE,Panlata (Beng.),https://archive.bsi.gov.in/echoHerbarium-Details/en?link=CAL0000003638&column=szBarcode,BSI_Medicinal_Plant_Database (5).csv
579,Descurainia sophia (L.) Webb ex Prantl,BRASSICACEAE,Khubkallana,https://archive.bsi.gov.in/echoHerbarium-Details/en?link=CAL0000013868&column=szBarcode,BSI_Medicinal_Plant_Database (5).csv
580,Desmodium elegans DC.,FABACEAE,Sambar,https://archive.bsi.gov.in/echoHerbarium-Details/en?link=CAL0000003672&column=szBarcode,BSI_Medicinal_Plant_Database (5).csv
581,Desmodium gangeticum (L.) DC.,FABACEAE,"Sarivan, Salpan",https://archive.bsi.gov.in/echoHerbarium-Details/en?link=CAL0000003682&column=szBarcode,BSI_Medicinal_Plant_Database (5).csv
582,Desmodium heterocarpon (L.) DC.,FABACEAE,Chepputatta (Tel.),https://archive.bsi.gov.in/echoHerbarium-Details/en?link=CAL0000003680&column=szBarcode,BSI_Medicinal_Plant_Database (5).csv
583,Desmodium pulchellum (L.) Benth.,FABACEAE,"Chapor, Dheknanadak (Local names)",https://archive.bsi.gov.in/echoHerbarium-Details/en?link=CAL0000003679&column=szBarcode,BSI_Medicinal_Plant_Database (5).csv
584,Desmodium triflorum (L.) DC.,FABACEAE,Kudaliya,https://archive.bsi.gov.in/echoHerbarium-Details/en?link=CAL0000003675&column=szBarcode,BSI_Medicinal_Plant_Database (5).csv
585,Desmodium triquetrum (L.) DC.,FABACEAE,Adkhapanal (Mal.),https://archive.bsi.gov.in/echoHerbarium-Details/en?link=CAL0000003676&column=szBarcode,BSI_Medicinal_Plant_Database (5).csv
586,Desmos chinensis Lour.,ANNONACEAE,Aitaala (Kannada),https://archive.bsi.gov.in/echoHerbarium-Details/en?link=CAL0000013998&column=szBarcode,BSI_Medicinal_Plant_Database (5).csv
587,Desmos cochinchinensis Lour.,ANNONACEAE,Dwarf ylang-ylang (Eng.),https://archive.bsi.gov.in/echoHerbarium-Details/en?link=CAL0000013996&column=szBarcode,BSI_Medicinal_Plant_Database (5).csv
588,Desmostachya bipinnata (L.) Stapf,POACEAE,"Dab, Durva",https://archive.bsi.gov.in/echoHerbarium-Details/en?link=CAL0000003183&column=szBarcode,BSI_Medicinal_Plant_Database (5).csv
589,Dianthus anatolicus Boiss.,CARYOPHYLLACEAE,Kanturiyan (Indian Bazaars),https://archive.bsi.gov.in/echoHerbarium-Details/en?link=CAL0000003829&column=szBarcode,BSI_Medicinal_Plant_Database (5).csv
590,Dianthus caryophyllus L.,CARYOPHYLLACEAE,Clove pink (Eng.),https://archive.bsi.gov.in/echoHerbarium-Details/en?link=CAL0000003830&column=szBarcode,BSI_Medicinal_Plant_Database (5).csv
591,Dichroa febrifuga Lour.,SAXIFRAGACEAE,Basak,https://archive.bsi.gov.in/echoHerbarium-Details/en?link=CAL0000013706&column=szBarcode,BSI_Medicinal_Plant_Database (5).csv
592,Dichrostachys cinerea (L.) Wight & Arn.,MIMOSACEAE,"Kheri, Vartuli",https://archive.bsi.gov.in/echoHerbarium-Details/en?link=CAL0000003476&column=szBarcode,BSI_Medicinal_Plant_Database (5).csv
593,Dicliptera bupleuroides Nees,ACANTHACEAE,Bouna (Simla),https://archive.bsi.gov.in/echoHerbarium-Details/en?link=CAL0000009064&column=szBarcode,BSI_Medicinal_Plant_Database (5).csv
594,Dicoma tomentosa Cass.,ASTERACEAE,Navananjichapala (Mar.),https://archive.bsi.gov.in/echoHerbarium-Details/en?link=CAL0000013673&column=szBarcode,BSI_Medicinal_Plant_Database (5).csv
595,Dictamnus albus L.,RUTACEAE,Burning Bush (Eng.),https://archive.bsi.gov.in/echoHerbarium-Details/en?link=CAL0000009976&column=szBarcode,BSI_Medicinal_Plant_Database (5).csv
596,Didymocarpus pedicillatus R.Br.,GESNERIACEAE,Pathar phori,https://archive.bsi.gov.in/echoHerbarium-Details/en?link=CAL0000009668&column=szBarcode,BSI_Medicinal_Plant_Database (5).csv
597,Digera muricata (L.) Mart.,AMARANTHACEAE,Latmhuria,https://archive.bsi.gov.in/echoHerbarium-Details/en?link=CAL0000008908&column=szBarcode,BSI_Medicinal_Plant_Database (5).csv
598,Digitalis lanata Ehrh.,SCROPHULARIACEAE,Grecian Foxglobe (Eng.),https://archive.bsi.gov.in/echoHerbarium-Details/en?link=CAL0000009672&column=szBarcode,BSI_Medicinal_Plant_Database (5).csv
599,Digitalis purpurea L.,SCROPHULARIACEAE,Common Foxglove (Eng.),https://archive.bsi.gov.in/echoHerbarium-Details/en?link=CAL0000009673&column=szBarcode,BSI_Medicinal_Plant_Database (5).csv
600,Dillenia indica L.,DILLENIACEAE,Chalta,https://archive.bsi.gov.in/echoHerbarium-Details/en?link=CAL0000009922&column=szBarcode,BSI_Medicinal_Plant_Database (5).csv
601,Dimocarpus longan Lour.,SAPINDACEAE,Ashphal (Beng.),https://archive.bsi.gov.in/echoHerbarium-Details/en?link=CAL0000003576&column=szBarcode,BSI_Medicinal_Plant_Database (6).csv
602,Dinochloa andamanica Kurz,POACEAE,Baradaha-barat (Andamans),https://archive.bsi.gov.in/echoHerbarium-Details/en?link=CAL0000003177&column=szBarcode,BSI_Medicinal_Plant_Database (6).csv
603,Dioscorea alata L.,DIOSCOREACEAE,"Chupri alu, Khamalu",https://archive.bsi.gov.in/echoHerbarium-Details/en?link=CAL0000003102&column=szBarcode,BSI_Medicinal_Plant_Database (6).csv
604,Dioscorea bulbifera L.,DIOSCOREACEAE,"Ratalu, Suaralu",https://archive.bsi.gov.in/echoHerbarium-Details/en?link=CAL0000003103&column=szBarcode,BSI_Medicinal_Plant_Database (6).csv
605,Dioscorea deltoidea Wall. ex Kunth,DIOSCOREACEAE,"Kins (Kash.), Kriss (Punjab)",https://archive.bsi.gov.in/echoHerbarium-Details/en?link=CAL0000003106&column=szBarcode,BSI_Medicinal_Plant_Database (6).csv
606,Dioscorea esculenta Burkill,DIOSCOREACEAE,"Suthni, Su nialu (Beng.)",https://archive.bsi.gov.in/echoHerbarium-Details/en?link=CAL0000003107&column=szBarcode,BSI_Medicinal_Plant_Database (6).csv
607,Dioscorea oppositifolia L.,DIOSCOREACEAE,"Yellagadda, Adairdumpa (Tel.)",https://archive.bsi.gov.in/echoHerbarium-Details/en?link=CAL0000003110&column=szBarcode,BSI_Medicinal_Plant_Database (6).csv
608,Dioscorea pentaphylla L.,DIOSCOREACEAE,"Bhusa, Gazaria",https://archive.bsi.gov.in/echoHerbarium-Details/en?link=CAL0000003111&column=szBarcode,BSI_Medicinal_Plant_Database (6).csv
609,Diospyros candolleana Wight,EBENACEAE,Nila-vriksha (Sans.),https://archive.bsi.gov.in/echoHerbarium-Details/en?link=CAL0000009216&column=szBarcode,BSI_Medicinal_Plant_Database (6).csv
610,Diospyros ebenum Koenig,EBENACEAE,"Ebans, Abnus",https://archive.bsi.gov.in/echoHerbarium-Details/en?link=CAL0000009210&column=szBarcode,BSI_Medicinal_Plant_Database (6).csv
611,Diospyros exsculpta Buch.-Ham.,EBENACEAE,Coromandel Ebony Persimmon (Eng.),https://archive.bsi.gov.in/echoHerbarium-Details/en?link=CAL0000009213&column=szBarcode,BSI_Medicinal_Plant_Database (6).csv
612,Diospyros kaki L.f.,EBENACEAE,Halwa tendu,https://archive.bsi.gov.in/echoHerbarium-Details/en?link=CAL0000009218&column=szBarcode,BSI_Medicinal_Plant_Database (6).csv
613,Diospyros malabarica (Desr.) Kostel.,EBENACEAE,Gaab,https://archive.bsi.gov.in/echoHerbarium-Details/en?link=CAL0000009208&column=szBarcode,BSI_Medicinal_Plant_Database (6).csv
614,Diospyros melanoxylon Roxb.,EBENACEAE,"Tendu, Timburni",https://archive.bsi.gov.in/echoHerbarium-Details/en?link=CAL0000009212&column=szBarcode,BSI_Medicinal_Plant_Database (6).csv
615,Diospyros montana Roxb.,EBENACEAE,"Bistendu, Tendu",https://archive.bsi.gov.in/echoHerbarium-Details/en?link=CAL0000009207&column=szBarcode,BSI_Medicinal_Plant_Database (6).csv
616,Diospyros paniculata Dalzell,EBENACEAE,Thinduka (Sans.),https://archive.bsi.gov.in/echoHerbarium-Details/en?link=CAL0000009214&column=szBarcode,BSI_Medicinal_Plant_Database (6).csv
617,Diospyros toposia Buch.-Ham.,EBENACEAE,Tapsi (Beng.),https://archive.bsi.gov.in/echoHerbarium-Details/en?link=CAL0000009217&column=szBarcode,BSI_Medicinal_Plant_Database (6).csv
618,Diploclisia glaucescens (Blume) Diels,MENISPERMACEAE,Vatoli (Mar.),https://archive.bsi.gov.in/echoHerbarium-Details/en?link=CAL0000013988&column=szBarcode,BSI_Medicinal_Plant_Database (6).csv
619,Dipterocarpus indicus Bedd.,DIPTEROCARPACEAE,Kakka (Mal.),https://archive.bsi.gov.in/echoHerbarium-Details/en?link=CAL0000003795&column=szBarcode,BSI_Medicinal_Plant_Database (6).csv
620,Dipterocarpus turbinatus Gaertn.f.,DIPTEROCARPACEAE,Teli-gurjun (Beng.),https://archive.bsi.gov.in/echoHerbarium-Details/en?link=CAL0000003791&column=szBarcode,BSI_Medicinal_Plant_Database (6).csv
621,Dodonaea viscosa (L.) Jacq.,SAPINDACEAE,"Sanatta, Sinatha",https://archive.bsi.gov.in/echoHerbarium-Details/en?link=CAL0000003578&column=szBarcode,BSI_Medicinal_Plant_Database (6).csv
622,Dolichandrone falcata Seem.,BIGNONIACEAE,Mersingi (Mar.),https://archive.bsi.gov.in/echoHerbarium-Details/en?link=CAL0000009664&column=szBarcode,BSI_Medicinal_Plant_Database (6).csv
623,Dolichandrone spathacea K.Schum.,BIGNONIACEAE,Gorshingiah (Beng.),https://archive.bsi.gov.in/echoHerbarium-Details/en?link=CAL0000009902&column=szBarcode,BSI_Medicinal_Plant_Database (6).csv
624,Dolichos trilobus L.,FABACEAE,Minnikizhangu (Local name),https://archive.bsi.gov.in/echoHerbarium-Details/en?link=CAL0000003624&column=szBarcode,BSI_Medicinal_Plant_Database (6).csv
625,Dolichos uniflorus Lam.,FABACEAE,Kulthi,https://archive.bsi.gov.in/echoHerbarium-Details/en?link=CAL0000003625&column=szBarcode,BSI_Medicinal_Plant_Database (6).csv
626,Draba verna L.,BRASSICACEAE,Spring Whitlowgrass (Eng.),https://archive.bsi.gov.in/echoHerbarium-Details/en?link=CAL0000003756&column=szBarcode,BSI_Medicinal_Plant_Database (6).csv
627,Dracocephalum moldavica L.,LAMIACEAE,Tukhme-ferunjmishk,https://archive.bsi.gov.in/echoHerbarium-Details/en?link=CAL0000008887&column=szBarcode,BSI_Medicinal_Plant_Database (6).csv
628,Drosera burmanni Vahl,DROSERACEAE,Jalkeshar (Local name),https://archive.bsi.gov.in/echoHerbarium-Details/en?link=CAL0000013713&column=szBarcode,BSI_Medicinal_Plant_Database (6).csv
629,Drosera peltata Sm.,DROSERACEAE,Mukhajali,https://archive.bsi.gov.in/echoHerbarium-Details/en?link=CAL0000013712&column=szBarcode,BSI_Medicinal_Plant_Database (6).csv
630,Drymaria cordata Willd.,CARYOPHYLLACEAE,"Abijalo, Bat-nongrim (Local names)",https://archive.bsi.gov.in/echoHerbarium-Details/en?link=CAL0000003828&column=szBarcode,BSI_Medicinal_Plant_Database (6).csv
631,Drynaria quercifolia (L.) J.Sm.,POLYPODIACEAE,Garur (Beng.),https://archive.bsi.gov.in/echoHerbarium-Details/en?link=CAL0000003277&column=szBarcode,BSI_Medicinal_Plant_Database (6).csv
632,Dryobalanops aromatica Gaertn.f.,DIPTEROCARPACEAE,"Bhimsaini-kapur, Barus kapur",https://archive.bsi.gov.in/echoHerbarium-Details/en?link=CAL0000003789&column=szBarcode,BSI_Medicinal_Plant_Database (6).csv
633,Dryopteris filix-mas (L.) Schott.,DRYOPTERIDACEAE,Sarakhs,https://archive.bsi.gov.in/echoHerbarium-Details/en?link=CAL0000003255&column=szBarcode,BSI_Medicinal_Plant_Database (6).csv
634,Dryopteris marginata (Wall. ex Christ.) Christ.,DRYOPTERIDACEAE,Lai-chankhrang (Manipuri),https://archive.bsi.gov.in/echoHerbarium-Details/en?link=CAL0000003253&column=szBarcode,BSI_Medicinal_Plant_Database (6).csv
635,Drypetyes roxburghii (Wall.) Hurus.,EUPHORBIACEAE,"Jiaputa, Juti",https://archive.bsi.gov.in/echoHerbarium-Details/en?link=CAL0000008966&column=szBarcode,BSI_Medicinal_Plant_Database (6).csv
636,Durio zibethinus L.,BOMBACACEAE,Civet fruit (Eng.),https://archive.bsi.gov.in/echoHerbarium-Details/en?link=CAL0000003868&column=szBarcode,BSI_Medicinal_Plant_Database (6).csv
637,Dysoxylum alliarum (Buch.-Ham.) N.P.Balakr.,MELIACEAE,Gendheli-poma (Assam),https://archive.bsi.gov.in/echoHerbarium-Details/en?link=CAL0000009898&column=szBarcode,BSI_Medicinal_Plant_Database (6).csv
638,Dysoxylum malabaricum Bedd.,MELIACEAE,Vellaiyagil (Tam.),https://archive.bsi.gov.in/echoHerbarium-Details/en?link=CAL0000009900&column=szBarcode,BSI_Medicinal_Plant_Database (6).csv
639,Ecballium elaterium L.,CUCURBITACEAE,Squirting Cucumber (Eng.),https://archive.bsi.gov.in/echoHerbarium-Details/en?link=CAL0000013777&column=szBarcode,BSI_Medicinal_Plant_Database (6).csv
640,Ecbolium viride (Forsk.) Alston,ACANTHACEAE,Udajati,https://archive.bsi.gov.in/echoHerbarium-Details/en?link=CAL0000009061&column=szBarcode,BSI_Medicinal_Plant_Database (6).csv
641,Echinochloa crusgalli (L.) Beauv,POACEAE,"Samak, sanwak",https://archive.bsi.gov.in/echoHerbarium-Details/en?link=CAL0000003159&column=szBarcode,BSI_Medicinal_Plant_Database (6).csv
642,Echinochloa frumentacea (Roxb.) Link.,POACEAE,"Sanwa, Shamula",https://archive.bsi.gov.in/echoHerbarium-Details/en?link=CAL0000003161&column=szBarcode,BSI_Medicinal_Plant_Database (6).csv
643,Echinochloa stagnina (Retz.) P.Beauv.,POACEAE,Dul (Beng.),https://archive.bsi.gov.in/echoHerbarium-Details/en?link=CAL0000003160&column=szBarcode,BSI_Medicinal_Plant_Database (6).csv
644,Echinops echinatus Roxb.,ASTERACEAE,"Gokru, Utakanta",https://archive.bsi.gov.in/echoHerbarium-Details/en?link=CAL0000013678&column=szBarcode,BSI_Medicinal_Plant_Database (6).csv
645,Eclipta alba (L.) Hassk.,ASTERACEAE,"Bhangra, Babri",https://archive.bsi.gov.in/echoHerbarium-Details/en?link=CAL0000013679&column=szBarcode,BSI_Medicinal_Plant_Database (6).csv
646,Edgeworthia gardneri (Wall.) Meissn.,THYMELAEACEAE,Dhenok (lepcha),https://archive.bsi.gov.in/echoHerbarium-Details/en?link=CAL0000009029&column=szBarcode,BSI_Medicinal_Plant_Database (6).csv
647,Ehretia aspera Roxb.,BORAGINACEAE,Tella juvi (Tel.),https://archive.bsi.gov.in/echoHerbarium-Details/en?link=CAL0000009709&column=szBarcode,BSI_Medicinal_Plant_Database (6).csv
648,Elaeagnus angustifolia L.,ELAEAGNACEAE,Shiulik,https://archive.bsi.gov.in/echoHerbarium-Details/en?link=CAL0000009022&column=szBarcode,BSI_Medicinal_Plant_Database (6).csv
649,Elaeagnus latifolia L.,ELAEAGNACEAE,Guara (Beng.),https://archive.bsi.gov.in/echoHerbarium-Details/en?link=CAL0000009025&column=szBarcode,BSI_Medicinal_Plant_Database (6).csv
650,Elaeagnus parvifolia Wall. ex Royle,ELAEAGNACEAE,"Giwain, Kankal",https://archive.bsi.gov.in/echoHerbarium-Details/en?link=CAL0000009023&column=szBarcode,BSI_Medicinal_Plant_Database (6).csv
651,Elaeis guineensis Jacq.,ARECACEAE,African oil palm (Eng.),https://archive.bsi.gov.in/echoHerbarium-Details/en?link=CAL0000003201&column=szBarcode,BSI_Medicinal_Plant_Database (6).csv
652,Elaeocarpus floribundus Blume,ELAEOCARPACEAE,Jalpai (Beng.),https://archive.bsi.gov.in/echoHerbarium-Details/en?link=CAL0000013469&column=szBarcode,BSI_Medicinal_Plant_Database (6).csv
653,Elaeocarpus serratus L.,ELAEOCARPACEAE,Jalpai (Beng.),https://archive.bsi.gov.in/echoHerbarium-Details/en?link=CAL0000013468&column=szBarcode,BSI_Medicinal_Plant_Database (6).csv
654,Elaeocarpus tuberculatus Roxb.,ELAEOCARPACEAE,Rutthracham (Tam.),https://archive.bsi.gov.in/echoHerbarium-Details/en?link=CAL0000013467&column=szBarcode,BSI_Medicinal_Plant_Database (6).csv
655,Elephantopus scaber L.,ASTERACEAE,"Gobhi, Samudulan",https://archive.bsi.gov.in/echoHerbarium-Details/en?link=CAL0000013685&column=szBarcode,BSI_Medicinal_Plant_Database (6).csv
656,Eleusine coracana L.,POACEAE,"Mandua, Mandal",https://archive.bsi.gov.in/echoHerbarium-Details/en?link=CAL0000003193&column=szBarcode,BSI_Medicinal_Plant_Database (6).csv
657,Eleusine indica (L.) Gaertn.,POACEAE,Mandla,https://archive.bsi.gov.in/echoHerbarium-Details/en?link=CAL0000003194&column=szBarcode,BSI_Medicinal_Plant_Database (6).csv
658,Elsholtzia ciliata (Thunb.) Hyl.,LAMIACEAE,Crested Late-Summer Mint (Eng.),https://archive.bsi.gov.in/echoHerbarium-Details/en?link=CAL0000008895&column=szBarcode,BSI_Medicinal_Plant_Database (6).csv
659,Embelia ribes Burm.f.,MYRSINACEAE,"Vayavidanga, Bhabhiranga",https://archive.bsi.gov.in/echoHerbarium-Details/en?link=CAL0000009226&column=szBarcode,BSI_Medicinal_Plant_Database (6).csv
660,Embelia tsjeriam-cottam A.DC.,MYRSINACEAE,"Babrang, Baibrang",https://archive.bsi.gov.in/echoHerbarium-Details/en?link=CAL0000009228&column=szBarcode,BSI_Medicinal_Plant_Database (6).csv
661,Emblica officinalis Gaertn.,EUPHORBIACEAE,"Amla, Amlika",https://archive.bsi.gov.in/echoHerbarium-Details/en?link=CAL0000008791&column=szBarcode,BSI_Medicinal_Plant_Database (6).csv
662,Emilia sonchifolia (L.) DC.,ASTERACEAE,Hirankhuri,https://archive.bsi.gov.in/echoHerbarium-Details/en?link=CAL0000013680&column=szBarcode,BSI_Medicinal_Plant_Database (6).csv
663,Enhydra fluctans Lour.,ASTERACEAE,Harkuch,https://archive.bsi.gov.in/echoHerbarium-Details/en?link=CAL0000013681&column=szBarcode,BSI_Medicinal_Plant_Database (6).csv
664,Enicostema hyssopifolium (Willd.) I.Verd.,GENTIANACEAE,Chota chirayata,https://archive.bsi.gov.in/echoHerbarium-Details/en?link=CAL0000013152&column=szBarcode,BSI_Medicinal_Plant_Database (6).csv
665,Entada pursaetha DC.,MIMOSACEAE,African dream herb (Eng.),https://archive.bsi.gov.in/echoHerbarium-Details/en?link=CAL0000003478&column=szBarcode,BSI_Medicinal_Plant_Database (6).csv
666,Ephedra girardiana Wall. ex Stapf,EPHEDRACEAE,Asmania (Punjab),https://archive.bsi.gov.in/echoHerbarium-Details/en?link=CAL0000009871&column=szBarcode,BSI_Medicinal_Plant_Database (6).csv
667,Ephedra intermedia Schrenk. & Mey,EPHEDRACEAE,Central-Asian Jointfir (Eng.),https://archive.bsi.gov.in/echoHerbarium-Details/en?link=CAL0000009870&column=szBarcode,BSI_Medicinal_Plant_Database (6).csv
668,Ephemerantha macraei (Lindl.) Hunt & Summerh,ORCHIDACEAE,Jivanti,https://archive.bsi.gov.in/echoHerbarium-Details/en?link=CAL0000003917&column=szBarcode,BSI_Medicinal_Plant_Database (6).csv
669,Epilobium angustifolium L.,ONAGRACEAE,Fireweed (Eng.),https://archive.bsi.gov.in/echoHerbarium-Details/en?link=CAL0000013805&column=szBarcode,BSI_Medicinal_Plant_Database (6).csv
670,Epilobium hirsutum L.,ONAGRACEAE,Hairy Willow Weed (Eng.),https://archive.bsi.gov.in/echoHerbarium-Details/en?link=CAL0000013806&column=szBarcode,BSI_Medicinal_Plant_Database (6).csv
671,Equisetum debile Roxb. ex Vaucher,EQUISETACEAE,"Trotak, Nari (Punjab)",https://archive.bsi.gov.in/echoHerbarium-Details/en?link=CAL0000003274&column=szBarcode,BSI_Medicinal_Plant_Database (6).csv
672,Equisetum arvense L.,EQUISETACEAE,Field Horsetail (Eng.),https://archive.bsi.gov.in/echoHerbarium-Details/en?link=CAL0000003273&column=szBarcode,BSI_Medicinal_Plant_Database (6).csv
673,Eranthemum roseum R.Br.,ACANTHACEAE,Gulsham,https://archive.bsi.gov.in/echoHerbarium-Details/en?link=CAL0000009058&column=szBarcode,BSI_Medicinal_Plant_Database (6).csv
674,Eria pannea Lindl.,ORCHIDACEAE,Zhu Ye Ni Mao Lan (China),https://archive.bsi.gov.in/echoHerbarium-Details/en?link=CAL0000003919&column=szBarcode,BSI_Medicinal_Plant_Database (6).csv
675,Erigeron asteroides Roxb.,ASTERACEAE,"Sonsali, Maredi (Bombay)",https://archive.bsi.gov.in/echoHerbarium-Details/en?link=CAL0000013682&column=szBarcode,BSI_Medicinal_Plant_Database (6).csv
676,Erigeron canadensis L.,ASTERACEAE,Jarayupriya (Sans.),https://archive.bsi.gov.in/echoHerbarium-Details/en?link=CAL0000013683&column=szBarcode,BSI_Medicinal_Plant_Database (6).csv
677,Eriobotrya japonica (Thunb.) Lindl.,ROSACEAE,Logat,https://archive.bsi.gov.in/echoHerbarium-Details/en?link=CAL0000013732&column=szBarcode,BSI_Medicinal_Plant_Database (6).csv
678,Eriolaena quinquelocularis Wight,STERCULIACEAE,Naiunnam (Tam.),https://archive.bsi.gov.in/echoHerbarium-Details/en?link=CAL0000003862&column=szBarcode,BSI_Medicinal_Plant_Database (6).csv
679,Erodium cicutarium (L.) L'Herit ex Aiton,GERANIACEAE,Red-Stem Filaree (Eng.),https://archive.bsi.gov.in/echoHerbarium-Details/en?link=CAL0000009977&column=szBarcode,BSI_Medicinal_Plant_Database (6).csv
680,Erodium moschatum L.'Herit,GERANIACEAE,Musk-Clover (Eng.),https://archive.bsi.gov.in/echoHerbarium-Details/en?link=CAL0000008599&column=szBarcode,BSI_Medicinal_Plant_Database (6).csv
681,Eruca sativa L.,BRASSICACEAE,"Taramira, Seoha",https://archive.bsi.gov.in/echoHerbarium-Details/en?link=CAL0000003749&column=szBarcode,BSI_Medicinal_Plant_Database (6).csv
682,Ervatamia heyneana (Wall.) T. Cooke,APOCYNACEAE,Kundalapala (Mal.),https://archive.bsi.gov.in/echoHerbarium-Details/en?link=CAL0000009274&column=szBarcode,BSI_Medicinal_Plant_Database (6).csv
683,Erycibe paniculata Roxb.,CONVOLVULACEAE,Puttapalatige (Tel.),https://archive.bsi.gov.in/echoHerbarium-Details/en?link=CAL0000009689&column=szBarcode,BSI_Medicinal_Plant_Database (6).csv
684,Eryngium foetidum L.,APIACEAE,"Ban-Dhania, Jongali-memedo (Assam)",https://archive.bsi.gov.in/echoHerbarium-Details/en?link=CAL0000013763&column=szBarcode,BSI_Medicinal_Plant_Database (6).csv
685,Erysimum rependum L.,BRASSICACEAE,Hamadan (Kashmir),https://archive.bsi.gov.in/echoHerbarium-Details/en?link=CAL0000003754&column=szBarcode,BSI_Medicinal_Plant_Database (6).csv
686,Erythrina stricta Roxb.,FABACEAE,Mura (Sans.),https://archive.bsi.gov.in/echoHerbarium-Details/en?link=CAL0000003658&column=szBarcode,BSI_Medicinal_Plant_Database (6).csv
687,Erythrina suberosa Roxb.,FABACEAE,"Dauldhak, Madar",https://archive.bsi.gov.in/echoHerbarium-Details/en?link=CAL0000003656&column=szBarcode,BSI_Medicinal_Plant_Database (6).csv
688,Erythrina variegata L.,FABACEAE,"Dadap, Mandara",https://archive.bsi.gov.in/echoHerbarium-Details/en?link=CAL0000003657&column=szBarcode,BSI_Medicinal_Plant_Database (6).csv
689,Erythroxylon coca Lam.,ERYTHROXYLACEAE,Coca (Eng.),https://archive.bsi.gov.in/echoHerbarium-Details/en?link=CAL0000013461&column=szBarcode,BSI_Medicinal_Plant_Database (6).csv
690,Erythroxylon monogynum Roxb.,ERYTHROXYLACEAE,Devadaru (Kan.),https://archive.bsi.gov.in/echoHerbarium-Details/en?link=CAL0000013463&column=szBarcode,BSI_Medicinal_Plant_Database (6).csv
691,Eucalyptus citridora Hook.,MYRTACEAE,Lemon-scented Eucalypt (Eng.),https://archive.bsi.gov.in/echoHerbarium-Details/en?link=CAL0000013794&column=szBarcode,BSI_Medicinal_Plant_Database (6).csv
692,Eucalyptus globulus Labill.,MYRTACEAE,"Yukeliptas, Eucalyptus (Beng.)",https://archive.bsi.gov.in/echoHerbarium-Details/en?link=CAL0000013795&column=szBarcode,BSI_Medicinal_Plant_Database (6).csv
693,Eulophia epidendraea C.E.C.Fisch.,ORCHIDACEAE,Katou-Kaida-Maravara (Malayalam),https://archive.bsi.gov.in/echoHerbarium-Details/en?link=CAL0000003920&column=szBarcode,BSI_Medicinal_Plant_Database (6).csv
694,Eulophia herbacea Lindl.,ORCHIDACEAE,Kukudkand (Mar.),https://archive.bsi.gov.in/echoHerbarium-Details/en?link=CAL0000003921&column=szBarcode,BSI_Medicinal_Plant_Database (6).csv
695,Eulophia nuda Lindl.,ORCHIDACEAE,"Amarkand, Goruma",https://archive.bsi.gov.in/echoHerbarium-Details/en?link=CAL0000003922&column=szBarcode,BSI_Medicinal_Plant_Database (6).csv
696,Euonymus tingens Wall. ex Roxb.,CELASTRACEAE,Kungku,https://archive.bsi.gov.in/echoHerbarium-Details/en?link=CAL0000003599&column=szBarcode,BSI_Medicinal_Plant_Database (6).csv
697,Euphorbia microphylla B.Heyne ex Roth,EUPHORBIACEAE,Chota-keruee (Beng.),https://archive.bsi.gov.in/echoHerbarium-Details/en?link=CAL0000008943&column=szBarcode,BSI_Medicinal_Plant_Database (6).csv
698,Euphorbia neriifolia L.,EUPHORBIACEAE,"Sehund, Thohar, Pattonkisend",https://archive.bsi.gov.in/echoHerbarium-Details/en?link=CAL0000008937&column=szBarcode,BSI_Medicinal_Plant_Database (6).csv
699,Euphorbia nivulea Buch.-Ham.,EUPHORBIACEAE,Katathohar,https://archive.bsi.gov.in/echoHerbarium-Details/en?link=CAL0000008946&column=szBarcode,BSI_Medicinal_Plant_Database (6).csv
700,Euphorbia pilosa L.,EUPHORBIACEAE,Chounpalu (Chinese),https://archive.bsi.gov.in/echoHerbarium-Details/en?link=CAL0000008936&column=szBarcode,BSI_Medicinal_Plant_Database (6).csv
701,Euphorbia rosea Retz.,EUPHORBIACEAE,Chinnamman paccharisi (Tam.),https://archive.bsi.gov.in/echoHerbarium-Details/en?link=CAL0000008950&column=szBarcode,BSI_Medicinal_Plant_Database (7).csv
702,Euphorbia royleana Boiss.,EUPHORBIACEAE,"Thor, Shakarpitan",https://archive.bsi.gov.in/echoHerbarium-Details/en?link=CAL0000008932&column=szBarcode,BSI_Medicinal_Plant_Database (7).csv
703,Euphorbia thymifolia L.,EUPHORBIACEAE,Choti-dudhi,https://archive.bsi.gov.in/echoHerbarium-Details/en?link=CAL0000008941&column=szBarcode,BSI_Medicinal_Plant_Database (7).csv
704,Euphorbia tirucalli L.,EUPHORBIACEAE,Konpal sehund,https://archive.bsi.gov.in/echoHerbarium-Details/en?link=CAL0000008930&column=szBarcode,BSI_Medicinal_Plant_Database (7).csv
705,Euphorbia antiquorum L.,EUPHORBIACEAE,Tredhara sehund,https://archive.bsi.gov.in/echoHerbarium-Details/en?link=CAL0000008934&column=szBarcode,BSI_Medicinal_Plant_Database (7).csv
706,Euphorbia dracunculoides Lam.,EUPHORBIACEAE,Chagulputputi,https://archive.bsi.gov.in/echoHerbarium-Details/en?link=CAL0000008935&column=szBarcode,BSI_Medicinal_Plant_Database (7).csv
707,Euphorbia fusiformis Buch.-Ham. ex D. Don,EUPHORBIACEAE,"Banmuli, Khargoni (Local names)",https://archive.bsi.gov.in/echoHerbarium-Details/en?link=CAL0000008947&column=szBarcode,BSI_Medicinal_Plant_Database (7).csv
708,Euphorbia granulata Forsk.,EUPHORBIACEAE,Kanthaarak (Santali),https://archive.bsi.gov.in/echoHerbarium-Details/en?link=CAL0000008942&column=szBarcode,BSI_Medicinal_Plant_Database (7).csv
709,Euphorbia helioscopia L.,EUPHORBIACEAE,"Hirruseeah, Mahabi",https://archive.bsi.gov.in/echoHerbarium-Details/en?link=CAL0000008938&column=szBarcode,BSI_Medicinal_Plant_Database (7).csv
710,Euphorbia hirta L.,EUPHORBIACEAE,Dudhia,https://archive.bsi.gov.in/echoHerbarium-Details/en?link=CAL0000008949&column=szBarcode,BSI_Medicinal_Plant_Database (7).csv
711,Euphorbia hypericifolia L.,EUPHORBIACEAE,Hakshardana,https://archive.bsi.gov.in/echoHerbarium-Details/en?link=CAL0000008940&column=szBarcode,BSI_Medicinal_Plant_Database (7).csv
712,Euphorbia nivulea Buch.-Ham.,EUPHORBIACEAE,Katathohar,https://archive.bsi.gov.in/echoHerbarium-Details/en?link=CAL0000008945&column=szBarcode,BSI_Medicinal_Plant_Database (7).csv
713,Euphorbia thomsoniana Boiss.,EUPHORBIACEAE,Hirtiz (Kashmir),https://archive.bsi.gov.in/echoHerbarium-Details/en?link=CAL0000008931&column=szBarcode,BSI_Medicinal_Plant_Database (7).csv
714,Euphrasia officinalis L.,SCROPHULARIACEAE,Eyebright (Eng.),https://archive.bsi.gov.in/echoHerbarium-Details/en?link=CAL0000009670&column=szBarcode,BSI_Medicinal_Plant_Database (7).csv
715,Euploca strigosa (Willd.) Diane & Hilger,BORAGINACEAE,"Chitiphal, Safed bhangra",https://archive.bsi.gov.in/echoHerbarium-Details/en?link=CAL0000009730&column=szBarcode,BSI_Medicinal_Plant_Database (7).csv
716,Euryale ferox Salisb.,NYMPHAEACEAE,Makhana,https://archive.bsi.gov.in/echoHerbarium-Details/en?link=CAL0000003781&column=szBarcode,BSI_Medicinal_Plant_Database (7).csv
717,Eurycoma longifolia Jack,SIMAROUBACEAE,Tongkat ali (Malay),https://archive.bsi.gov.in/echoHerbarium-Details/en?link=CAL0000013480&column=szBarcode,BSI_Medicinal_Plant_Database (7).csv
718,Evodia lunu-ankenda (Gaertn.) Merr.,RUTACEAE,Kanalei (Mal.),https://archive.bsi.gov.in/echoHerbarium-Details/en?link=CAL0000009971&column=szBarcode,BSI_Medicinal_Plant_Database (7).csv
719,Evolvulus alsinoides (L.) L.,CONVOLVULACEAE,"Shyamakranta, Sankhahuli",https://archive.bsi.gov.in/echoHerbarium-Details/en?link=CAL0000009700&column=szBarcode,BSI_Medicinal_Plant_Database (7).csv
720,Exacum bicolor Roxb.,GENTIANACEAE,Baracharayata,https://archive.bsi.gov.in/echoHerbarium-Details/en?link=CAL0000013569&column=szBarcode,BSI_Medicinal_Plant_Database (7).csv
721,Exacum pedunculatum L.,GENTIANACEAE,Kana poondu (Tam.),https://archive.bsi.gov.in/echoHerbarium-Details/en?link=CAL0000013568&column=szBarcode,BSI_Medicinal_Plant_Database (7).csv
722,Exacum tetragonum Roxb.,GENTIANACEAE,Bara-charayata,https://archive.bsi.gov.in/echoHerbarium-Details/en?link=CAL0000013570&column=szBarcode,BSI_Medicinal_Plant_Database (7).csv
723,Excoecaria acerifolia Didr.,EUPHORBIACEAE,Basingh,https://archive.bsi.gov.in/echoHerbarium-Details/en?link=CAL0000008980&column=szBarcode,BSI_Medicinal_Plant_Database (7).csv
724,Excoecaria agallocha L.,EUPHORBIACEAE,Gengwa (Beng.),https://archive.bsi.gov.in/echoHerbarium-Details/en?link=CAL0000008979&column=szBarcode,BSI_Medicinal_Plant_Database (7).csv
725,Fagonia cretica L.,ZYGOPHYLLACEAE,Ustarkhar,https://archive.bsi.gov.in/echoHerbarium-Details/en?link=CAL0000013459&column=szBarcode,BSI_Medicinal_Plant_Database (7).csv
726,Fagopyrum dibotrys (D. Don) Hara,POLYGONACEAE,"Ban ogal, Kanjolya",https://archive.bsi.gov.in/echoHerbarium-Details/en?link=CAL0000009911&column=szBarcode,BSI_Medicinal_Plant_Database (7).csv
727,Fagopyrum esculentum Moench.,POLYGONACEAE,"Kotu, Phaphra",https://archive.bsi.gov.in/echoHerbarium-Details/en?link=CAL0000009912&column=szBarcode,BSI_Medicinal_Plant_Database (7).csv
728,Fagopyrum tataricum (L.) Gaertn.,POLYGONACEAE,Kaspat,https://archive.bsi.gov.in/echoHerbarium-Details/en?link=CAL0000008877&column=szBarcode,BSI_Medicinal_Plant_Database (7).csv
729,Fagraea racemosa Jack,LOGANIACEAE,Thithpaloo (Burma),https://archive.bsi.gov.in/echoHerbarium-Details/en?link=CAL0000013559&column=szBarcode,BSI_Medicinal_Plant_Database (7).csv
730,Farsetia hamiltonii Royle,BRASSICACEAE,Faridbuti (Punjab),https://archive.bsi.gov.in/echoHerbarium-Details/en?link=CAL0000003761&column=szBarcode,BSI_Medicinal_Plant_Database (7).csv
731,Farsetia jacquemontii Hook.f. & Thomson,BRASSICACEAE,Faridbuti (Punjab),https://archive.bsi.gov.in/echoHerbarium-Details/en?link=CAL0000003759&column=szBarcode,BSI_Medicinal_Plant_Database (7).csv
732,Ferula asa-foetida L.,APIACEAE,Hing,https://archive.bsi.gov.in/echoHerbarium-Details/en?link=CAL0000013746&column=szBarcode,BSI_Medicinal_Plant_Database (7).csv
733,Ferula galbaniflua Boiss. ex Buhse,APIACEAE,Galbanum,https://archive.bsi.gov.in/echoHerbarium-Details/en?link=CAL0000013986&column=szBarcode,BSI_Medicinal_Plant_Database (7).csv
734,Ferula jaeschkeana Vatke,APIACEAE,"Hingupatri, Hingu",https://archive.bsi.gov.in/echoHerbarium-Details/en?link=CAL0000013749&column=szBarcode,BSI_Medicinal_Plant_Database (7).csv
735,Ferula narthex Boiss.,APIACEAE,"Hing, Inguva (Tel.)",https://archive.bsi.gov.in/echoHerbarium-Details/en?link=CAL0000013748&column=szBarcode,BSI_Medicinal_Plant_Database (7).csv
736,Ficus amplissima Sm.,MORACEAE,Jari,https://archive.bsi.gov.in/echoHerbarium-Details/en?link=CAL0000009757&column=szBarcode,BSI_Medicinal_Plant_Database (7).csv
737,Ficus arnottiana (Miq.) Miq.,MORACEAE,Paraspipal,https://archive.bsi.gov.in/echoHerbarium-Details/en?link=CAL0000009755&column=szBarcode,BSI_Medicinal_Plant_Database (7).csv
738,Ficus benghalensis L.,MORACEAE,"Bar, Bargad",https://archive.bsi.gov.in/echoHerbarium-Details/en?link=CAL0000009749&column=szBarcode,BSI_Medicinal_Plant_Database (7).csv
739,Ficus benjamina L.,MORACEAE,Pukar (Beng.),https://archive.bsi.gov.in/echoHerbarium-Details/en?link=CAL0000009751&column=szBarcode,BSI_Medicinal_Plant_Database (7).csv
740,Ficus carica L.,MORACEAE,Anjir,https://archive.bsi.gov.in/echoHerbarium-Details/en?link=CAL0000009765&column=szBarcode,BSI_Medicinal_Plant_Database (7).csv
741,Ficus dalhousiae Miq.,MORACEAE,Somavalkhom (Sans.),https://archive.bsi.gov.in/echoHerbarium-Details/en?link=CAL0000009750&column=szBarcode,BSI_Medicinal_Plant_Database (7).csv
742,Ficus exasperata Vahl,MORACEAE,Kalmnor,https://archive.bsi.gov.in/echoHerbarium-Details/en?link=CAL0000009760&column=szBarcode,BSI_Medicinal_Plant_Database (7).csv
743,Ficus fistulosa Reinw.,MORACEAE,Kalapong (Khasi Hills),https://archive.bsi.gov.in/echoHerbarium-Details/en?link=CAL0000009761&column=szBarcode,BSI_Medicinal_Plant_Database (7).csv
744,Ficus heterophylla L.f.,MORACEAE,Trayamana (Sans.),https://archive.bsi.gov.in/echoHerbarium-Details/en?link=CAL0000009758&column=szBarcode,BSI_Medicinal_Plant_Database (7).csv
745,Ficus hispida L.f.,MORACEAE,"Daduri, Dagurin",https://archive.bsi.gov.in/echoHerbarium-Details/en?link=CAL0000009764&column=szBarcode,BSI_Medicinal_Plant_Database (7).csv
746,Ficus microcarpa L.f.,MORACEAE,Kamrup,https://archive.bsi.gov.in/echoHerbarium-Details/en?link=CAL0000009752&column=szBarcode,BSI_Medicinal_Plant_Database (7).csv
747,Ficus palmata Forsk.,MORACEAE,"Anjiri, Bedu",https://archive.bsi.gov.in/echoHerbarium-Details/en?link=CAL0000009763&column=szBarcode,BSI_Medicinal_Plant_Database (7).csv
748,Ficus racemosa L.,MORACEAE,"Gular, Umar",https://archive.bsi.gov.in/echoHerbarium-Details/en?link=CAL0000009766&column=szBarcode,BSI_Medicinal_Plant_Database (7).csv
749,Ficus religiosa L.,MORACEAE,"Pipal, Pipli",https://archive.bsi.gov.in/echoHerbarium-Details/en?link=CAL0000009754&column=szBarcode,BSI_Medicinal_Plant_Database (7).csv
750,Ficus ribes Reinw. ex Blume,MORACEAE,Chhota Jangli Anjur,https://archive.bsi.gov.in/echoHerbarium-Details/en?link=CAL0000006537&column=szBarcode,BSI_Medicinal_Plant_Database (7).csv
751,Ficus rumphii Blume,MORACEAE,"Gagjaira, Ganja",https://archive.bsi.gov.in/echoHerbarium-Details/en?link=CAL0000009756&column=szBarcode,BSI_Medicinal_Plant_Database (7).csv
752,Ficus semicordata Buch.-Ham. ex Sm.,MORACEAE,"Jharphali, Khain",https://archive.bsi.gov.in/echoHerbarium-Details/en?link=CAL0000009762&column=szBarcode,BSI_Medicinal_Plant_Database (7).csv
753,Ficus talbotii King,MORACEAE,Plaksha (Sans.),https://archive.bsi.gov.in/echoHerbarium-Details/en?link=CAL0000009753&column=szBarcode,BSI_Medicinal_Plant_Database (7).csv
754,Ficus tinctoria G.Forst.,MORACEAE,Udumber (Sans.),https://archive.bsi.gov.in/echoHerbarium-Details/en?link=CAL0000009903&column=szBarcode,BSI_Medicinal_Plant_Database (7).csv
755,Ficus virens Aiton,MORACEAE,"Pakad, Pakur (Beng.)",https://archive.bsi.gov.in/echoHerbarium-Details/en?link=CAL0000009759&column=szBarcode,BSI_Medicinal_Plant_Database (7).csv
756,Fimbristylis falcata (Vahl) Kunth,CYPERACEAE,West Indian Fimbry (Eng.),https://archive.bsi.gov.in/echoHerbarium-Details/en?link=CAL0000003228&column=szBarcode,BSI_Medicinal_Plant_Database (7).csv
757,Flacourtia indica (Burm.f.) Merr.,FLACOURTIACEAE,"Gargugal, Kakai (Local names)",https://archive.bsi.gov.in/echoHerbarium-Details/en?link=CAL0000003723&column=szBarcode,BSI_Medicinal_Plant_Database (7).csv
758,Flacourtia jangomas (Lour.) Raeusch.,FLACOURTIACEAE,Paniala,https://archive.bsi.gov.in/echoHerbarium-Details/en?link=CAL0000003722&column=szBarcode,BSI_Medicinal_Plant_Database (7).csv
759,Flagellaria indica L.,FLAGELLARIACEAE,Bomugra (Oriya),https://archive.bsi.gov.in/echoHerbarium-Details/en?link=CAL0000003072&column=szBarcode,BSI_Medicinal_Plant_Database (7).csv
760,Flemingia chappar Buch.-Ham. ex Benth.,FABACEAE,Salpan,https://archive.bsi.gov.in/echoHerbarium-Details/en?link=CAL0000003621&column=szBarcode,BSI_Medicinal_Plant_Database (7).csv
761,Flemingia macrophylla (Willd.) Prain ex Merill.,FABACEAE,"Bara-salpan, Bhalia",https://archive.bsi.gov.in/echoHerbarium-Details/en?link=CAL0000003622&column=szBarcode,BSI_Medicinal_Plant_Database (7).csv
762,Flemingia nana Roxb.,FABACEAE,"Bara-salpan, Bhalia",https://archive.bsi.gov.in/echoHerbarium-Details/en?link=CAL0000003614&column=szBarcode,BSI_Medicinal_Plant_Database (7).csv
763,Flemingia strobilifera (L.) W.T.Aiton,FABACEAE,Kussunt,https://archive.bsi.gov.in/echoHerbarium-Details/en?link=CAL0000003617&column=szBarcode,BSI_Medicinal_Plant_Database (7).csv
764,Flemingia tuberosa Dalzell,FABACEAE,Birmova (Mar.),https://archive.bsi.gov.in/echoHerbarium-Details/en?link=CAL0000003615&column=szBarcode,BSI_Medicinal_Plant_Database (7).csv
765,Foeniculum vulgare Mill.,APIACEAE,"Saunf, Sonp",https://archive.bsi.gov.in/echoHerbarium-Details/en?link=CAL0000013751&column=szBarcode,BSI_Medicinal_Plant_Database (7).csv
766,Frankenia pulverulenta L.,FRANKENIACEAE,Shabnami (Urdu),https://archive.bsi.gov.in/echoHerbarium-Details/en?link=CAL0000003832&column=szBarcode,BSI_Medicinal_Plant_Database (7).csv
767,Fraxinus floribunda Wall. ex Roxb.,OLEACEAE,Dieng-lavmaheg (Khasi hills),https://archive.bsi.gov.in/echoHerbarium-Details/en?link=CAL0000009239&column=szBarcode,BSI_Medicinal_Plant_Database (7).csv
768,Fraxinus hookeri Wenz.,OLEACEAE,Kum (Kashmir),https://archive.bsi.gov.in/echoHerbarium-Details/en?link=CAL0000009236&column=szBarcode,BSI_Medicinal_Plant_Database (7).csv
769,Fraxinus ornus L.,OLEACEAE,Shirkhist,https://archive.bsi.gov.in/echoHerbarium-Details/en?link=CAL0000009237&column=szBarcode,BSI_Medicinal_Plant_Database (7).csv
770,Fritillaria cirrhosa D.Don,LILIACEAE,Shothkar (Local name),https://archive.bsi.gov.in/echoHerbarium-Details/en?link=CAL0000003077&column=szBarcode,BSI_Medicinal_Plant_Database (7).csv
771,Fritillaria imperialis L.,LILIACEAE,Crown Imperial (Eng.),https://archive.bsi.gov.in/echoHerbarium-Details/en?link=CAL0000003079&column=szBarcode,BSI_Medicinal_Plant_Database (7).csv
772,Fucus vesiculosus L.,FUCACEAE,Bladder wrack (Eng.),https://archive.bsi.gov.in/echoHerbarium-Details/en?link=CAL0000003906&column=szBarcode,BSI_Medicinal_Plant_Database (7).csv
773,Fumaria indica (Hausskn.) Pugsley,FUMARIACEAE,"Pitpara, Shahterah",https://archive.bsi.gov.in/echoHerbarium-Details/en?link=CAL0000003767&column=szBarcode,BSI_Medicinal_Plant_Database (7).csv
774,Fumaria parviflora Lam.,FUMARIACEAE,"Pitpara, Shahterah",https://archive.bsi.gov.in/echoHerbarium-Details/en?link=CAL0000003768&column=szBarcode,BSI_Medicinal_Plant_Database (7).csv
775,Galeopsis tetrahit L.,LAMIACEAE,Common Hempnettle (Eng.),https://archive.bsi.gov.in/echoHerbarium-Details/en?link=CAL0000008892&column=szBarcode,BSI_Medicinal_Plant_Database (7).csv
776,Galium aparine L.,RUBIACEAE,"Cleavers, Goose grass (Eng.)",https://archive.bsi.gov.in/echoHerbarium-Details/en?link=CAL0000013585&column=szBarcode,BSI_Medicinal_Plant_Database (7).csv
777,Galium elegans Wall.,RUBIACEAE,Lahare kuro (Nep.),https://archive.bsi.gov.in/echoHerbarium-Details/en?link=CAL0000013588&column=szBarcode,BSI_Medicinal_Plant_Database (7).csv
778,Galium verum L.,RUBIACEAE,Cheese Rennet (Eng.),https://archive.bsi.gov.in/echoHerbarium-Details/en?link=CAL0000013587&column=szBarcode,BSI_Medicinal_Plant_Database (7).csv
779,Garcinia cambogia (Gaertn.) Desr.,CLUSIACEAE,Dharambe (Mar.),https://archive.bsi.gov.in/echoHerbarium-Details/en?link=CAL0000003812&column=szBarcode,BSI_Medicinal_Plant_Database (7).csv
780,Garcinia cowa Roxb.,CLUSIACEAE,Cowa,https://archive.bsi.gov.in/echoHerbarium-Details/en?link=CAL0000003813&column=szBarcode,BSI_Medicinal_Plant_Database (7).csv
781,Garcinia indica (Dupetit- Thouars) Chois.,CLUSIACEAE,Kokam,https://archive.bsi.gov.in/echoHerbarium-Details/en?link=CAL0000003814&column=szBarcode,BSI_Medicinal_Plant_Database (7).csv
782,Garcinia mangostana L.,CLUSIACEAE,"Mangustan, Mangusta",https://archive.bsi.gov.in/echoHerbarium-Details/en?link=CAL0000003807&column=szBarcode,BSI_Medicinal_Plant_Database (7).csv
783,Garcinia morella (Gaertn.) Desr.,CLUSIACEAE,Tamal,https://archive.bsi.gov.in/echoHerbarium-Details/en?link=CAL0000003810&column=szBarcode,BSI_Medicinal_Plant_Database (7).csv
784,Garcinia pedunculata Roxb.,CLUSIACEAE,Tikul (Beng.),https://archive.bsi.gov.in/echoHerbarium-Details/en?link=CAL0000003811&column=szBarcode,BSI_Medicinal_Plant_Database (7).csv
785,Garcinia tinctoria (DC.) W.Wight,CLUSIACEAE,"Dampel, Tamal",https://archive.bsi.gov.in/echoHerbarium-Details/en?link=CAL0000003809&column=szBarcode,BSI_Medicinal_Plant_Database (7).csv
786,Gardenia campanulata Roxb.,RUBIACEAE,Bitmara (Assam),https://archive.bsi.gov.in/echoHerbarium-Details/en?link=CAL0000013598&column=szBarcode,BSI_Medicinal_Plant_Database (7).csv
787,Gardenia gummifera L.f.,RUBIACEAE,Dikamali,https://archive.bsi.gov.in/echoHerbarium-Details/en?link=CAL0000013599&column=szBarcode,BSI_Medicinal_Plant_Database (7).csv
788,Gardenia jasminoides J.Ellis,RUBIACEAE,Gandharaj,https://archive.bsi.gov.in/echoHerbarium-Details/en?link=CAL0000013600&column=szBarcode,BSI_Medicinal_Plant_Database (7).csv
789,Gardenia resinifera Roth,RUBIACEAE,Dikamali,https://archive.bsi.gov.in/echoHerbarium-Details/en?link=CAL0000013603&column=szBarcode,BSI_Medicinal_Plant_Database (7).csv
790,Gardenia turgida Roxb.,RUBIACEAE,"Thanella, Ghurgia",https://archive.bsi.gov.in/echoHerbarium-Details/en?link=CAL0000013601&column=szBarcode,BSI_Medicinal_Plant_Database (7).csv
791,Garuga pinnata Roxb.,BURSERACEAE,"Kharpat, Ghogar",https://archive.bsi.gov.in/echoHerbarium-Details/en?link=CAL0000009882&column=szBarcode,BSI_Medicinal_Plant_Database (7).csv
792,Gaultheria fragrantissima Wall.,ERICACEAE,Kalomba (Lepcha),https://archive.bsi.gov.in/echoHerbarium-Details/en?link=CAL0000009233&column=szBarcode,BSI_Medicinal_Plant_Database (7).csv
793,Gelonium multiflorum A.Juss.,EUPHORBIACEAE,Ban naringa,https://archive.bsi.gov.in/echoHerbarium-Details/en?link=CAL0000008977&column=szBarcode,BSI_Medicinal_Plant_Database (7).csv
794,Geranium lucidum L.,GERANIACEAE,Shining cranesbill (Eng.),https://archive.bsi.gov.in/echoHerbarium-Details/en?link=CAL0000009978&column=szBarcode,BSI_Medicinal_Plant_Database (7).csv
795,Geranium mascatense Boiss.,GERANIACEAE,Ragatageri (Nepali),https://archive.bsi.gov.in/echoHerbarium-Details/en?link=CAL0000009980&column=szBarcode,BSI_Medicinal_Plant_Database (7).csv
796,Geranium molle L.,GERANIACEAE,Awnless Geranium (Eng.),https://archive.bsi.gov.in/echoHerbarium-Details/en?link=CAL0000009979&column=szBarcode,BSI_Medicinal_Plant_Database (7).csv
797,Geranium nepalense L.,GERANIACEAE,Bhand,https://archive.bsi.gov.in/echoHerbarium-Details/en?link=CAL0000013451&column=szBarcode,BSI_Medicinal_Plant_Database (7).csv
798,Geranium nepalense Sweet,GERANIACEAE,Bhanda,https://archive.bsi.gov.in/echoHerbarium-Details/en?link=CAL0000009986&column=szBarcode,BSI_Medicinal_Plant_Database (7).csv
799,Geranium pusillum Burm.f.,GERANIACEAE,Small Geranium (Eng.),https://archive.bsi.gov.in/echoHerbarium-Details/en?link=CAL0000009983&column=szBarcode,BSI_Medicinal_Plant_Database (7).csv
800,Geranium robertianum L.,GERANIACEAE,Herb-Robert Geranium (Eng.),https://archive.bsi.gov.in/echoHerbarium-Details/en?link=CAL0000009982&column=szBarcode,BSI_Medicinal_Plant_Database (7).csv
801,Geranium rotundifolium L.,GERANIACEAE,Round-leaved crane's bill (Eng.),https://archive.bsi.gov.in/echoHerbarium-Details/en?link=CAL0000009984&column=szBarcode,BSI_Medicinal_Plant_Database (8).csv
802,Geranium wallichianum D.Don ex Sweet,GERANIACEAE,Laljhari (U.P. & Punjab),https://archive.bsi.gov.in/echoHerbarium-Details/en?link=CAL0000013452&column=szBarcode,BSI_Medicinal_Plant_Database (8).csv
803,Gerbera piloselloides (L.) Cass.,ASTERACEAE,Hawkweed Gerbera Daisy (Eng.),https://archive.bsi.gov.in/echoHerbarium-Details/en?link=CAL0000013690&column=szBarcode,BSI_Medicinal_Plant_Database (8).csv
804,Geum elatum Wall. ex. G.Don,ROSACEAE,Gogjemul (Kash.),https://archive.bsi.gov.in/echoHerbarium-Details/en?link=CAL0000013727&column=szBarcode,BSI_Medicinal_Plant_Database (8).csv
805,Girardinia diversifolia (Link.) Friis,URTICACEAE,Allo Sisnu (Nepali),https://archive.bsi.gov.in/echoHerbarium-Details/en?link=CAL0000009010&column=szBarcode,BSI_Medicinal_Plant_Database (8).csv
806,Gironniera cuspidata (Blume) Planch. ex Kurz,ULMACEAE,Koditani (Tam.),https://archive.bsi.gov.in/echoHerbarium-Details/en?link=CAL0000009004&column=szBarcode,BSI_Medicinal_Plant_Database (8).csv
807,Gisekia pharmaceoides L.,FICOIDEAE,Balu-ka-sag,https://archive.bsi.gov.in/echoHerbarium-Details/en?link=CAL0000013738&column=szBarcode,BSI_Medicinal_Plant_Database (8).csv
808,Gleditsia triacanthos L.,CAESALPINIACEAE,Common Honeylocust (Eng.),https://archive.bsi.gov.in/echoHerbarium-Details/en?link=CAL0000003712&column=szBarcode,BSI_Medicinal_Plant_Database (8).csv
809,Glinus lotoides L.,FICOIDEAE,Gandibudi,https://archive.bsi.gov.in/echoHerbarium-Details/en?link=CAL0000013185&column=szBarcode,BSI_Medicinal_Plant_Database (8).csv
810,Glinus oppositifolius (L.) A.DC.,FICOIDEAE,Jima,https://archive.bsi.gov.in/echoHerbarium-Details/en?link=CAL0000013186&column=szBarcode,BSI_Medicinal_Plant_Database (8).csv
811,Glochidion hohenackeri Bedd.,EUPHORBIACEAE,Bhoma (Mar.),https://archive.bsi.gov.in/echoHerbarium-Details/en?link=CAL0000008963&column=szBarcode,BSI_Medicinal_Plant_Database (8).csv
812,Glochidion zeylanicum (Gaertn.) A.Juss.,EUPHORBIACEAE,Itepulla (Tel.),https://archive.bsi.gov.in/echoHerbarium-Details/en?link=CAL0000008961&column=szBarcode,BSI_Medicinal_Plant_Database (8).csv
813,Gloriosa superba L.,LILIACEAE,"Karihari, Languli",https://archive.bsi.gov.in/echoHerbarium-Details/en?link=CAL0000003074&column=szBarcode,BSI_Medicinal_Plant_Database (8).csv
814,Glossocardia bosvallia (L.f.) DC.,ASTERACEAE,Seri,https://archive.bsi.gov.in/echoHerbarium-Details/en?link=CAL0000013691&column=szBarcode,BSI_Medicinal_Plant_Database (8).csv
815,Glossogyne bidens (Retz.) Alston,ASTERACEAE,Pardeshibhangro (Guj.),https://archive.bsi.gov.in/echoHerbarium-Details/en?link=CAL0000013692&column=szBarcode,BSI_Medicinal_Plant_Database (8).csv
816,Glycine max (L.) Merr.,FABACEAE,"Bhat, Bhatwar",https://archive.bsi.gov.in/echoHerbarium-Details/en?link=CAL0000003664&column=szBarcode,BSI_Medicinal_Plant_Database (8).csv
817,Glycirrhiza glabra L.,FABACEAE,"Mulhatti, Jethi-madh",https://archive.bsi.gov.in/echoHerbarium-Details/en?link=CAL0000003684&column=szBarcode,BSI_Medicinal_Plant_Database (8).csv
818,Glycosmis arborea (Roxb.) DC.,RUTACEAE,Ban-nimbu,https://archive.bsi.gov.in/echoHerbarium-Details/en?link=CAL0000009966&column=szBarcode,BSI_Medicinal_Plant_Database (8).csv
819,Gmelina arborea Roxb.,VERBENACEAE,"Gambhar, Gumhar",https://archive.bsi.gov.in/echoHerbarium-Details/en?link=CAL0000009081&column=szBarcode,BSI_Medicinal_Plant_Database (8).csv
820,Gmelina asiatica L.,VERBENACEAE,"Badhara, Nag-phul",https://archive.bsi.gov.in/echoHerbarium-Details/en?link=CAL0000009082&column=szBarcode,BSI_Medicinal_Plant_Database (8).csv
821,Gnaphalium luteo-album L.,ASTERACEAE,Bal raksha (Punjab),https://archive.bsi.gov.in/echoHerbarium-Details/en?link=CAL0000013693&column=szBarcode,BSI_Medicinal_Plant_Database (8).csv
822,Gnidia glauca (Fresen.) Gilg.,THYMELAEACEAE,Nacchinar (Tam.),https://archive.bsi.gov.in/echoHerbarium-Details/en?link=CAL0000009027&column=szBarcode,BSI_Medicinal_Plant_Database (8).csv
823,Gordonia obtusa Wall. ex Wight & Arn.,THEACEAE,Nagetta (Kan.),https://archive.bsi.gov.in/echoHerbarium-Details/en?link=CAL0000003796&column=szBarcode,BSI_Medicinal_Plant_Database (8).csv
824,Gossypium arboreum L.,MALVACEAE,"Kapas, Rui",https://archive.bsi.gov.in/echoHerbarium-Details/en?link=CAL0000003874&column=szBarcode,BSI_Medicinal_Plant_Database (8).csv
825,Gossypium herbaceum L.,MALVACEAE,Levant Cotton (Eng.),https://archive.bsi.gov.in/echoHerbarium-Details/en?link=CAL0000003877&column=szBarcode,BSI_Medicinal_Plant_Database (8).csv
826,Gouania leptostachya DC.,RHAMNACEAE,Khanta (Oriya),https://archive.bsi.gov.in/echoHerbarium-Details/en?link=CAL0000003606&column=szBarcode,BSI_Medicinal_Plant_Database (8).csv
827,Grewia hirsuta Vahl,TILIACEAE,"Kakarundah, Kukurbicha",https://archive.bsi.gov.in/echoHerbarium-Details/en?link=CAL0000003845&column=szBarcode,BSI_Medicinal_Plant_Database (8).csv
828,Grewia sclerophylla Roxb. ex G.Don,TILIACEAE,Pharsia,https://archive.bsi.gov.in/echoHerbarium-Details/en?link=CAL0000003848&column=szBarcode,BSI_Medicinal_Plant_Database (8).csv
829,Grewia subinaequalis DC.,TILIACEAE,"Phalsa, Dhamin",https://archive.bsi.gov.in/echoHerbarium-Details/en?link=CAL0000003850&column=szBarcode,BSI_Medicinal_Plant_Database (8).csv
830,Grewia tenax (Forsk.) Fiori,TILIACEAE,Achchu (Tam.),https://archive.bsi.gov.in/echoHerbarium-Details/en?link=CAL0000003853&column=szBarcode,BSI_Medicinal_Plant_Database (8).csv
831,Grewia tiliifolia Vahl,TILIACEAE,"Dhamni, Pharsa",https://archive.bsi.gov.in/echoHerbarium-Details/en?link=CAL0000003851&column=szBarcode,BSI_Medicinal_Plant_Database (8).csv
832,Grewia villosa Willd,TILIACEAE,Padekhado (Guj.),https://archive.bsi.gov.in/echoHerbarium-Details/en?link=CAL0000003847&column=szBarcode,BSI_Medicinal_Plant_Database (8).csv
833,Guaiacum officinale L.,ZYGOPHYLLACEAE,Lignum Vitae (Eng.),https://archive.bsi.gov.in/echoHerbarium-Details/en?link=CAL0000013458&column=szBarcode,BSI_Medicinal_Plant_Database (8).csv
834,Guazuma ulmifolia Lam.,STERCULIACEAE,Nipaltunth (Beng.),https://archive.bsi.gov.in/echoHerbarium-Details/en?link=CAL0000003859&column=szBarcode,BSI_Medicinal_Plant_Database (8).csv
835,Guettarda speciosa L.,RUBIACEAE,Panniru chettu (Tel.),https://archive.bsi.gov.in/echoHerbarium-Details/en?link=CAL0000013605&column=szBarcode,BSI_Medicinal_Plant_Database (8).csv
836,Gymnema sylvestre (Retz.) Schult.,ASCLEPIADACEAE,"Gur-mar, Merasingi",https://archive.bsi.gov.in/echoHerbarium-Details/en?link=CAL0000009251&column=szBarcode,BSI_Medicinal_Plant_Database (8).csv
837,Gymnopetalum cochinchinensis (Lour.) Kurz,CUCURBITACEAE,Kaubutkila (Bihar),https://archive.bsi.gov.in/echoHerbarium-Details/en?link=CAL0000013798&column=szBarcode,BSI_Medicinal_Plant_Database (8).csv
838,Gymnostachyum febrifugum Benth.,ACANTHACEAE,Nelamuchchala (Kan.),https://archive.bsi.gov.in/echoHerbarium-Details/en?link=CAL0000009047&column=szBarcode,BSI_Medicinal_Plant_Database (8).csv
839,Gynocardia odorata R.Br.,FLACOURTIACEAE,Lemtem (Assam),https://archive.bsi.gov.in/echoHerbarium-Details/en?link=CAL0000003720&column=szBarcode,BSI_Medicinal_Plant_Database (8).csv
840,Habenaria commelinifolia (Roxb.) Wall. ex Lindl.,ORCHIDACEAE,"Ankara, Devsunda (Local names)",https://archive.bsi.gov.in/echoHerbarium-Details/en?link=CAL0000003158&column=szBarcode,BSI_Medicinal_Plant_Database (8).csv
841,Haematoxylum campechianum L.,MIMOSACEAE,Patang,https://archive.bsi.gov.in/echoHerbarium-Details/en?link=CAL0000003517&column=szBarcode,BSI_Medicinal_Plant_Database (8).csv
842,Haldina cordifolia (Rioxb.) Ridsdale,RUBIACEAE,Haldu,https://archive.bsi.gov.in/echoHerbarium-Details/en?link=CAL0000013583&column=szBarcode,BSI_Medicinal_Plant_Database (8).csv
843,Haloxylon griffithii DC.,AMARANTHACEAE,Taghaz,https://archive.bsi.gov.in/echoHerbarium-Details/en?link=BSIS000000001&column=szBarcode,BSI_Medicinal_Plant_Database (8).csv
844,Haloxylon recurvum (Moq.) Bunge ex. Boiss.,CHENOPODIACEAE,Saxaul (Eng.),https://archive.bsi.gov.in/echoHerbarium-Details/en?link=CAL0000008835&column=szBarcode,BSI_Medicinal_Plant_Database (8).csv
845,Haloxylon salicornicum(Moq.) Bunge ex. Boiss.,CHENOPODIACEAE,Rimth Saltbush (Eng.),https://archive.bsi.gov.in/echoHerbarium-Details/en?link=CAL0000008836&column=szBarcode,BSI_Medicinal_Plant_Database (8).csv
846,Haplanthus tentaculatus Nees,ACANTHACEAE,Nila Jakara (Mar.),https://archive.bsi.gov.in/echoHerbarium-Details/en?link=CAL0000009050&column=szBarcode,BSI_Medicinal_Plant_Database (8).csv
847,Haplanthus vericillatus Nees,ACANTHACEAE,Kastula,https://archive.bsi.gov.in/echoHerbarium-Details/en?link=CAL0000009049&column=szBarcode,BSI_Medicinal_Plant_Database (8).csv
848,Harpullia arborea (Blanco) Radlk.,SAPINDACEAE,Nei-kottei (Tam.),https://archive.bsi.gov.in/echoHerbarium-Details/en?link=CAL0000003577&column=szBarcode,BSI_Medicinal_Plant_Database (8).csv
849,Hedychium coronarium Koenig. ex Retz.,ZINGIBERACEAE,Common Ginger Lily (Eng.),https://archive.bsi.gov.in/echoHerbarium-Details/en?link=CAL0000003155&column=szBarcode,BSI_Medicinal_Plant_Database (8).csv
850,Hedyotis scandens Roxb. ex D.Don,RUBIACEAE,Bhedeli (Assam),https://archive.bsi.gov.in/echoHerbarium-Details/en?link=CAL0000013618&column=szBarcode,BSI_Medicinal_Plant_Database (8).csv
851,Hedyotis umbellata (L.) Lam.,RUBIACEAE,Chirval,https://archive.bsi.gov.in/echoHerbarium-Details/en?link=CAL0000013615&column=szBarcode,BSI_Medicinal_Plant_Database (8).csv
852,Hedyotis verticillata (L.) Lam.,RUBIACEAE,Ronder (Local name),https://archive.bsi.gov.in/echoHerbarium-Details/en?link=CAL0000013611&column=szBarcode,BSI_Medicinal_Plant_Database (8).csv
853,Helianthus annuus L.,ASTERACEAE,Surajmukhi,https://archive.bsi.gov.in/echoHerbarium-Details/en?link=CAL0000013697&column=szBarcode,BSI_Medicinal_Plant_Database (8).csv
854,Helianthus tuberosus L.,ASTERACEAE,Hatichuk,https://archive.bsi.gov.in/echoHerbarium-Details/en?link=CAL0000013698&column=szBarcode,BSI_Medicinal_Plant_Database (8).csv
855,Helicteres isora L.,STERCULIACEAE,"Maroraphali, Marodaphali",https://archive.bsi.gov.in/echoHerbarium-Details/en?link=CAL0000003864&column=szBarcode,BSI_Medicinal_Plant_Database (8).csv
856,Heliotropium bacciferum Forsk.,BORAGINACEAE,Jatimisak (Punjab),https://archive.bsi.gov.in/echoHerbarium-Details/en?link=CAL0000009731&column=szBarcode,BSI_Medicinal_Plant_Database (8).csv
857,Heliotropium curassavicum L.,BORAGINACEAE,Salt heliotrope (Eng.),https://archive.bsi.gov.in/echoHerbarium-Details/en?link=CAL0000009733&column=szBarcode,BSI_Medicinal_Plant_Database (8).csv
858,Heliotropium ellipticum Ledeb.,BORAGINACEAE,Bithua (Punjab),https://archive.bsi.gov.in/echoHerbarium-Details/en?link=CAL0000009732&column=szBarcode,BSI_Medicinal_Plant_Database (8).csv
859,Heliotropium indicum L.,BORAGINACEAE,"Hatta-juri, Hatta-sura",https://archive.bsi.gov.in/echoHerbarium-Details/en?link=CAL0000009728&column=szBarcode,BSI_Medicinal_Plant_Database (8).csv
860,Heliotropium ovalifolium Forsk.,BORAGINACEAE,Nag-phuli,https://archive.bsi.gov.in/echoHerbarium-Details/en?link=CAL0000009708&column=szBarcode,BSI_Medicinal_Plant_Database (8).csv
861,Heliotropium strigosum Willd.,BORAGINACEAE,Chitiphul,https://archive.bsi.gov.in/echoHerbarium-Details/en?link=CAL0000009734&column=szBarcode,BSI_Medicinal_Plant_Database (8).csv
862,Hemerocallis fulva L.,LILIACEAE,Tawny Day-Lily (Eng.),https://archive.bsi.gov.in/echoHerbarium-Details/en?link=CAL0000003908&column=szBarcode,BSI_Medicinal_Plant_Database (8).csv
863,Hemidesmus indicus (L.) R.Br.,ASCLEPIADACEAE,"Anantamul, Kapuri",https://archive.bsi.gov.in/echoHerbarium-Details/en?link=CAL0000009254&column=szBarcode,BSI_Medicinal_Plant_Database (8).csv
864,Heracleum lanatum Michx.,APIACEAE,Chhataya,https://archive.bsi.gov.in/echoHerbarium-Details/en?link=CAL0000013745&column=szBarcode,BSI_Medicinal_Plant_Database (8).csv
865,Heritiera littoralis L.,STERCULIACEAE,Mukuram (Mal.),https://archive.bsi.gov.in/echoHerbarium-Details/en?link=CAL0000003866&column=szBarcode,BSI_Medicinal_Plant_Database (8).csv
866,Herniaria glabra L.,ILLECEBRACEAE,Smooth Rupturewort (Eng.),https://archive.bsi.gov.in/echoHerbarium-Details/en?link=CAL0000003821&column=szBarcode,BSI_Medicinal_Plant_Database (8).csv
867,Herniaria hirsuta L.,ILLECEBRACEAE,Hairy Rupturedwort (Eng.),https://archive.bsi.gov.in/echoHerbarium-Details/en?link=CAL0000003822&column=szBarcode,BSI_Medicinal_Plant_Database (8).csv
868,Heterophragma quadriloculare (Roxb.) Schum.,BIGNONIACEAE,"Warras, Pullung",https://archive.bsi.gov.in/echoHerbarium-Details/en?link=CAL0000009665&column=szBarcode,BSI_Medicinal_Plant_Database (8).csv
869,Heteropogon contortus (L.) P.Beauv. ex Roem. & Schult.,POACEAE,"Kher, Kumeria",https://archive.bsi.gov.in/echoHerbarium-Details/en?link=CAL0000003168&column=szBarcode,BSI_Medicinal_Plant_Database (8).csv
870,Hibiscus cannabinus L.,MALVACEAE,"Ambari, Patsan",https://archive.bsi.gov.in/echoHerbarium-Details/en?link=CAL0000003884&column=szBarcode,BSI_Medicinal_Plant_Database (8).csv
871,Hibiscus furcatus Willd.,MALVACEAE,"Adavi gogu, Konda gogu (Tel.)",https://archive.bsi.gov.in/echoHerbarium-Details/en?link=CAL0000003885&column=szBarcode,BSI_Medicinal_Plant_Database (8).csv
872,Hibiscus mutabilis L.,MALVACEAE,"Shalapara, Sthal kamal",https://archive.bsi.gov.in/echoHerbarium-Details/en?link=CAL0000003886&column=szBarcode,BSI_Medicinal_Plant_Database (8).csv
873,Hibiscus ovalifolius (Forsk.) Vahl,MALVACEAE,Tiny Flower Hibiscus (Eng.),https://archive.bsi.gov.in/echoHerbarium-Details/en?link=CAL0000003883&column=szBarcode,BSI_Medicinal_Plant_Database (8).csv
874,Hibiscus rosa-sinensis L.,MALVACEAE,"Jasut, Jasum",https://archive.bsi.gov.in/echoHerbarium-Details/en?link=CAL0000003887&column=szBarcode,BSI_Medicinal_Plant_Database (8).csv
875,Hibiscus sabdariffa L.,MALVACEAE,"Lal-ambari, Patwa",https://archive.bsi.gov.in/echoHerbarium-Details/en?link=CAL0000003888&column=szBarcode,BSI_Medicinal_Plant_Database (8).csv
876,Hibiscus surattensis L.,MALVACEAE,Mullu gogu (Tel.),https://archive.bsi.gov.in/echoHerbarium-Details/en?link=CAL0000003889&column=szBarcode,BSI_Medicinal_Plant_Database (8).csv
877,Hibiscus syriacus L.,MALVACEAE,Swet jaba (Beng.),https://archive.bsi.gov.in/echoHerbarium-Details/en?link=CAL0000003891&column=szBarcode,BSI_Medicinal_Plant_Database (8).csv
878,Hibiscus tiliaceus L.,MALVACEAE,"Bola, Chelwa",https://archive.bsi.gov.in/echoHerbarium-Details/en?link=CAL0000003892&column=szBarcode,BSI_Medicinal_Plant_Database (8).csv
879,Hibiscus trionum L.,MALVACEAE,Trailing Holyhock (Eng.),https://archive.bsi.gov.in/echoHerbarium-Details/en?link=CAL0000003893&column=szBarcode,BSI_Medicinal_Plant_Database (8).csv
880,Hieracium vulgatum Fr.,ASTERACEAE,Yellow Hackwood (Eng.),https://archive.bsi.gov.in/echoHerbarium-Details/en?link=CAL0000013147&column=szBarcode,BSI_Medicinal_Plant_Database (8).csv
881,Hierochloe laxa R.Br.,POACEAE,Lax sweet grass (Eng.),https://archive.bsi.gov.in/echoHerbarium-Details/en?link=CAL0000003249&column=szBarcode,BSI_Medicinal_Plant_Database (8).csv
882,Hippohae tibetana Schlecht.,ELAEAGNACEAE,Tsermang (Ladakhi),https://archive.bsi.gov.in/echoHerbarium-Details/en?link=CAL0000009020&column=szBarcode,BSI_Medicinal_Plant_Database (8).csv
883,Hiptage benghalensis (L.) Kurz,MALPIGHIACEAE,"Madhavilata, Madhmalti",https://archive.bsi.gov.in/echoHerbarium-Details/en?link=CAL0000013460&column=szBarcode,BSI_Medicinal_Plant_Database (8).csv
884,Holarrhena antudysentrica (Roth) DC.,APOCYNACEAE,"Kurchi, Karchi",https://archive.bsi.gov.in/echoHerbarium-Details/en?link=CAL0000009276&column=szBarcode,BSI_Medicinal_Plant_Database (8).csv
885,Holarrhena antudysentrica Wall.,APOCYNACEAE,"Kurchi, Karchi",https://archive.bsi.gov.in/echoHerbarium-Details/en?link=CAL0000009277&column=szBarcode,BSI_Medicinal_Plant_Database (8).csv
886,Holarrhena mitis R.Br.,APOCYNACEAE,Kiri-mawara (Tam.),https://archive.bsi.gov.in/echoHerbarium-Details/en?link=CAL0000009275&column=szBarcode,BSI_Medicinal_Plant_Database (8).csv
887,Holigrana arnottiana Hook.f.,ANACARDIACEAE,Chera (Mal.),https://archive.bsi.gov.in/echoHerbarium-Details/en?link=CAL0000003563&column=szBarcode,BSI_Medicinal_Plant_Database (8).csv
888,Holigrana longifolia Buch.-Ham. ex Roxb.,ANACARDIACEAE,Kherai (Manipur),https://archive.bsi.gov.in/echoHerbarium-Details/en?link=CAL0000003565&column=szBarcode,BSI_Medicinal_Plant_Database (8).csv
889,Holoptelea integrifolia (Roxb.) Planch,ULMACEAE,"Chilbil, Papari",https://archive.bsi.gov.in/echoHerbarium-Details/en?link=CAL0000013154&column=szBarcode,BSI_Medicinal_Plant_Database (8).csv
890,Holostemma ada-kodien Schult.,ASCLEPIADACEAE,Arkapushpi,https://archive.bsi.gov.in/echoHerbarium-Details/en?link=CAL0000009256&column=szBarcode,BSI_Medicinal_Plant_Database (8).csv
891,Holostemma rheedii Wall.,ASCLEPIADACEAE,Chhirvel,https://archive.bsi.gov.in/echoHerbarium-Details/en?link=CAL0000009255&column=szBarcode,BSI_Medicinal_Plant_Database (8).csv
892,Holosteum umbellatum L.,CARYOPHYLLACEAE,Jagged Chickweed (Eng.),https://archive.bsi.gov.in/echoHerbarium-Details/en?link=CAL0000003826&column=szBarcode,BSI_Medicinal_Plant_Database (8).csv
893,Homalomena aromatica Schott,ARACEAE,Kuchu gundubi (Beng.),https://archive.bsi.gov.in/echoHerbarium-Details/en?link=CAL0000003218&column=szBarcode,BSI_Medicinal_Plant_Database (8).csv
894,Homonoia riperia Lour.,EUPHORBIACEAE,Pashanabhedaka (Sans.),https://archive.bsi.gov.in/echoHerbarium-Details/en?link=CAL0000008984&column=szBarcode,BSI_Medicinal_Plant_Database (8).csv
895,Hopea odorata Roxb.,DIPTEROCARPACEAE,Urappuppicin (Tam.),https://archive.bsi.gov.in/echoHerbarium-Details/en?link=CAL0000003790&column=szBarcode,BSI_Medicinal_Plant_Database (8).csv
896,Hoppea dichotoma Hayne ex Willd.,GENTIANACEAE,Ram jeeta,https://archive.bsi.gov.in/echoHerbarium-Details/en?link=CAL0000013567&column=szBarcode,BSI_Medicinal_Plant_Database (8).csv
897,Hordeum vulgare L.,POACEAE,"Jau, Jav",https://archive.bsi.gov.in/echoHerbarium-Details/en?link=CAL0000003246&column=szBarcode,BSI_Medicinal_Plant_Database (8).csv
898,Horsfieldia irya (Gaertn.) Warb.,MYRISTICACEAE,"Chooglum, Mutwinda (Andamans)",https://archive.bsi.gov.in/echoHerbarium-Details/en?link=CAL0000008866&column=szBarcode,BSI_Medicinal_Plant_Database (8).csv
899,Horsfieldia kingii (Hook.f.) Warb.,MYRISTICACEAE,Amol (Assam),https://archive.bsi.gov.in/echoHerbarium-Details/en?link=CAL0000008864&column=szBarcode,BSI_Medicinal_Plant_Database (8).csv
900,Houttuynia cordata Thunb.,SAURURACEAE,"Alimoli, Hellijhar (Local names)",https://archive.bsi.gov.in/echoHerbarium-Details/en?link=CAL0000008870&column=szBarcode,BSI_Medicinal_Plant_Database (8).csv
901,Hovenia acerba Lindl.,RHAMNACEAE,Sicka,https://archive.bsi.gov.in/echoHerbarium-Details/en?link=CAL0000003608&column=szBarcode,BSI_Medicinal_Plant_Database (9).csv
902,Hugonia mystax L.,LINACEAE,Chulijinka (Oriya),https://archive.bsi.gov.in/echoHerbarium-Details/en?link=CAL0000013464&column=szBarcode,BSI_Medicinal_Plant_Database (9).csv
903,Humboldtia vahliana Wight,CAESALPINIACEAE,Arruvanci (Tam.),https://archive.bsi.gov.in/echoHerbarium-Details/en?link=CAL0000003481&column=szBarcode,BSI_Medicinal_Plant_Database (9).csv
904,Hura crepitans L.,EUPHORBIACEAE,Simaburuga (Tel.),https://archive.bsi.gov.in/echoHerbarium-Details/en?link=CAL0000008981&column=szBarcode,BSI_Medicinal_Plant_Database (9).csv
905,Hybanthus enneaspermus (L.) F.Muell.,VIOLACEAE,Ratanpurus,https://archive.bsi.gov.in/echoHerbarium-Details/en?link=CAL0000003726&column=szBarcode,BSI_Medicinal_Plant_Database (9).csv
906,Hydnocarpus kurzii (King) Warb.,FLACOURTIACEAE,Dalmurgi,https://archive.bsi.gov.in/echoHerbarium-Details/en?link=CAL0000003716&column=szBarcode,BSI_Medicinal_Plant_Database (9).csv
907,Hydnocarpus pentandra (Buch.-Ham.) Oken,FLACOURTIACEAE,Chaulmoogra (Hindi),https://archive.bsi.gov.in/echoHerbarium-Details/en?link=CAL0000003719&column=szBarcode,BSI_Medicinal_Plant_Database (9).csv
908,Hydrangea aspera Buch.-Ham ex. D.Don,SAXIFRAGACEAE,Phirphire ghans (Nepali),https://archive.bsi.gov.in/echoHerbarium-Details/en?link=CAL0000013703&column=szBarcode,BSI_Medicinal_Plant_Database (9).csv
909,Hydrangea macrophylla (Thunb.) Ser.,SAXIFRAGACEAE,Thamapansapi lei (Manipuri),https://archive.bsi.gov.in/echoHerbarium-Details/en?link=CAL0000013704&column=szBarcode,BSI_Medicinal_Plant_Database (9).csv
910,Hydrocharis dubia (Blume) Backer,HYDROCHARITACEAE,Frogbit (Eng.),https://archive.bsi.gov.in/echoHerbarium-Details/en?link=CAL0000003918&column=szBarcode,BSI_Medicinal_Plant_Database (9).csv
911,Hydrocotyl javanica Thunb.,APIACEAE,Mahagotukola,https://archive.bsi.gov.in/echoHerbarium-Details/en?link=CAL0000013766&column=szBarcode,BSI_Medicinal_Plant_Database (9).csv
912,Hydrocotyl sibthorpioides Lam.,APIACEAE,Kulkhuri,https://archive.bsi.gov.in/echoHerbarium-Details/en?link=CAL0000013764&column=szBarcode,BSI_Medicinal_Plant_Database (9).csv
913,Hydrolea zeylanica Vahl,HYDROPHYLLACEAE,Langali (Sans.),https://archive.bsi.gov.in/echoHerbarium-Details/en?link=CAL0000009705&column=szBarcode,BSI_Medicinal_Plant_Database (9).csv
914,Hygrophila auriculata (K. Schum.) Heine,ACANTHACEAE,"Talmakhana, Kulaka",https://archive.bsi.gov.in/echoHerbarium-Details/en?link=CAL0000009052&column=szBarcode,BSI_Medicinal_Plant_Database (9).csv
915,Hygrophila salicifolia (Vahl) Nees,ACANTHACEAE,Matham arak (Bihar),https://archive.bsi.gov.in/echoHerbarium-Details/en?link=CAL0000009051&column=szBarcode,BSI_Medicinal_Plant_Database (9).csv
916,Hygroryza aristata (Retz.) Nees ex Wight & Arn.,POACEAE,Janglidal,https://archive.bsi.gov.in/echoHerbarium-Details/en?link=CAL0000003166&column=szBarcode,BSI_Medicinal_Plant_Database (9).csv
917,Hymenodictyon orixense (Roxb.) Mabberley,RUBIACEAE,"Bhaulan, Kukurkat",https://archive.bsi.gov.in/echoHerbarium-Details/en?link=CAL0000013576&column=szBarcode,BSI_Medicinal_Plant_Database (9).csv
918,Hyoscyamus niger L.,SOLANACEAE,Khurasaniajvayan (Hindi),https://archive.bsi.gov.in/echoHerbarium-Details/en?link=CAL0000009677&column=szBarcode,BSI_Medicinal_Plant_Database (9).csv
919,Hypericum laxum (Blume) Koidzumi,HYPERICACEAE,Pikari-char (Local name),https://archive.bsi.gov.in/echoHerbarium-Details/en?link=CAL0000003816&column=szBarcode,BSI_Medicinal_Plant_Database (9).csv
920,Hypericum perforatum L.,HYPERICACEAE,"Bassant, Dendhu",https://archive.bsi.gov.in/echoHerbarium-Details/en?link=CAL0000003818&column=szBarcode,BSI_Medicinal_Plant_Database (9).csv
921,Hypericum uralum Buch.- Ham. ex D.Don,HYPERICACEAE,Tumbhul (Bihar),https://archive.bsi.gov.in/echoHerbarium-Details/en?link=CAL0000003820&column=szBarcode,BSI_Medicinal_Plant_Database (9).csv
922,Hypoxis aurea Lour.,AMARYLLIDACEAE,"Bhuin khajur, Dinda kinda (Bihar)",https://archive.bsi.gov.in/echoHerbarium-Details/en?link=CAL0000003116&column=szBarcode,BSI_Medicinal_Plant_Database (9).csv
923,Hyptis capitata Jacq.,LAMIACEAE,False Ironwort (Eng.),https://archive.bsi.gov.in/echoHerbarium-Details/en?link=CAL0000008897&column=szBarcode,BSI_Medicinal_Plant_Database (9).csv
924,Hyptis suaveolens (L.) Poit.,LAMIACEAE,Wilayati Tulsi,https://archive.bsi.gov.in/echoHerbarium-Details/en?link=CAL0000008899&column=szBarcode,BSI_Medicinal_Plant_Database (9).csv
925,Hyssopus officinalis Lam.,LAMIACEAE,Hyssop (Eng.),https://archive.bsi.gov.in/echoHerbarium-Details/en?link=CAL0000008880&column=szBarcode,BSI_Medicinal_Plant_Database (9).csv
926,Iberis amara L.,BRASSICACEAE,Rocket candytuft (Eng.),https://archive.bsi.gov.in/echoHerbarium-Details/en?link=CAL0000003748&column=szBarcode,BSI_Medicinal_Plant_Database (9).csv
927,Ichnocarpus frutescens R.Br.,APOCYNACEAE,"Kalidudhi, Siamalata",https://archive.bsi.gov.in/echoHerbarium-Details/en?link=CAL0000009280&column=szBarcode,BSI_Medicinal_Plant_Database (9).csv
928,Ilex paraguariensis A.St.-Hil.,AQUIFOLIACEAE,Mate (Eng.),https://archive.bsi.gov.in/echoHerbarium-Details/en?link=CAL0000003598&column=szBarcode,BSI_Medicinal_Plant_Database (9).csv
929,Impatiens balsamina L.,BALSAMINACEAE,Gul-mendhi,https://archive.bsi.gov.in/echoHerbarium-Details/en?link=CAL0000013947&column=szBarcode,BSI_Medicinal_Plant_Database (9).csv
930,Impatiens chinensis L.,BALSAMINACEAE,Vashtla (Tam.),https://archive.bsi.gov.in/echoHerbarium-Details/en?link=CAL0000013948&column=szBarcode,BSI_Medicinal_Plant_Database (9).csv
931,Impatiens tripetala Roxb. ex DC.,BALSAMINACEAE,Karya bijal (Lakhimpur),https://archive.bsi.gov.in/echoHerbarium-Details/en?link=CAL0000013946&column=szBarcode,BSI_Medicinal_Plant_Database (9).csv
932,Indigofera aspalathoides Vahl ex DC.,FABACEAE,Ratakohomba (Sans.),https://archive.bsi.gov.in/echoHerbarium-Details/en?link=CAL0000013058&column=szBarcode,BSI_Medicinal_Plant_Database (9).csv
933,Indigofera astragalina DC.,FABACEAE,Andhi-neel,https://archive.bsi.gov.in/echoHerbarium-Details/en?link=CAL0000003417&column=szBarcode,BSI_Medicinal_Plant_Database (9).csv
934,Indigofera cassioides Rottl. ex DC.,FABACEAE,"Pharsi ghas, Hakanu",https://archive.bsi.gov.in/echoHerbarium-Details/en?link=CAL0000003414&column=szBarcode,BSI_Medicinal_Plant_Database (9).csv
935,Indigofera coerulea Roxb.,FABACEAE,Gujarat Indigo (Eng.),https://archive.bsi.gov.in/echoHerbarium-Details/en?link=CAL0000003416&column=szBarcode,BSI_Medicinal_Plant_Database (9).csv
936,Indigofera glabra L.,FABACEAE,Pukhintaku (Local name),https://archive.bsi.gov.in/echoHerbarium-Details/en?link=CAL0000003426&column=szBarcode,BSI_Medicinal_Plant_Database (9).csv
937,Indigofera glandulosa Willd.,FABACEAE,Vekhariyo (Guj.),https://archive.bsi.gov.in/echoHerbarium-Details/en?link=CAL0000003422&column=szBarcode,BSI_Medicinal_Plant_Database (9).csv
938,Indigofera linifolia (L.f.) Retz.,FABACEAE,Torki,https://archive.bsi.gov.in/echoHerbarium-Details/en?link=CAL0000003423&column=szBarcode,BSI_Medicinal_Plant_Database (9).csv
939,Indigofera linnaei Ali,FABACEAE,Pandarphali,https://archive.bsi.gov.in/echoHerbarium-Details/en?link=CAL0000003424&column=szBarcode,BSI_Medicinal_Plant_Database (9).csv
940,Indigofera oblongifolia Forsk.,FABACEAE,Jhillan (Sans.),https://archive.bsi.gov.in/echoHerbarium-Details/en?link=CAL0000003425&column=szBarcode,BSI_Medicinal_Plant_Database (9).csv
941,Indigofera suffruticosa Mill.,FABACEAE,Vilaiti Nil,https://archive.bsi.gov.in/echoHerbarium-Details/en?link=CAL0000003412&column=szBarcode,BSI_Medicinal_Plant_Database (9).csv
942,Indigofera tinctoria L.,FABACEAE,"Nil, Nilika",https://archive.bsi.gov.in/echoHerbarium-Details/en?link=CAL0000003415&column=szBarcode,BSI_Medicinal_Plant_Database (9).csv
943,Indigofera trifoliata L.,FABACEAE,Jangli-methi,https://archive.bsi.gov.in/echoHerbarium-Details/en?link=CAL0000008592&column=szBarcode,BSI_Medicinal_Plant_Database (9).csv
944,Indigofera trita L.f.,FABACEAE,Vekhario (Guj.),https://archive.bsi.gov.in/echoHerbarium-Details/en?link=CAL0000003427&column=szBarcode,BSI_Medicinal_Plant_Database (9).csv
945,Inula graveolens Desf.,ASTERACEAE,Stinkwort (Eng.),https://archive.bsi.gov.in/echoHerbarium-Details/en?link=CAL0000009300&column=szBarcode,BSI_Medicinal_Plant_Database (9).csv
946,Inula recemosa Hook.f.,ASTERACEAE,Poshkar (Kashmir),https://archive.bsi.gov.in/echoHerbarium-Details/en?link=CAL0000009370&column=szBarcode,BSI_Medicinal_Plant_Database (9).csv
947,Ipomoea alba L.,CONVOLVULACEAE,Dudhiakalmi,https://archive.bsi.gov.in/echoHerbarium-Details/en?link=CAL0000009810&column=szBarcode,BSI_Medicinal_Plant_Database (9).csv
948,Ipomoea aquatica Forsk.,CONVOLVULACEAE,"Kalmisag, Karmi",https://archive.bsi.gov.in/echoHerbarium-Details/en?link=CAL0000009825&column=szBarcode,BSI_Medicinal_Plant_Database (9).csv
949,Ipomoea batatas (L.) Lam.,CONVOLVULACEAE,Mitha alu,https://archive.bsi.gov.in/echoHerbarium-Details/en?link=CAL0000009808&column=szBarcode,BSI_Medicinal_Plant_Database (9).csv
950,Ipomoea cairica (L.) Sweet,CONVOLVULACEAE,Neeli Bel,https://archive.bsi.gov.in/echoHerbarium-Details/en?link=CAL0000009801&column=szBarcode,BSI_Medicinal_Plant_Database (9).csv
951,Ipomoea coptica (L.) Roth,CONVOLVULACEAE,Ipomoea coptica (Tam.),https://archive.bsi.gov.in/echoHerbarium-Details/en?link=CAL0000009799&column=szBarcode,BSI_Medicinal_Plant_Database (9).csv
952,Ipomoea dasysperma Jacq.,CONVOLVULACEAE,Dipdavel (Guj),https://archive.bsi.gov.in/echoHerbarium-Details/en?link=CAL0000009797&column=szBarcode,BSI_Medicinal_Plant_Database (9).csv
953,Ipomoea eriocarpa R.Br.,CONVOLVULACEAE,Nakhari,https://archive.bsi.gov.in/echoHerbarium-Details/en?link=CAL0000009794&column=szBarcode,BSI_Medicinal_Plant_Database (9).csv
954,Ipomoea hederifolia L.,CONVOLVULACEAE,Lal pungli (Mar.),https://archive.bsi.gov.in/echoHerbarium-Details/en?link=CAL0000009789&column=szBarcode,BSI_Medicinal_Plant_Database (9).csv
955,Ipomoea muricata (L.) Jacq.,CONVOLVULACEAE,Michai,https://archive.bsi.gov.in/echoHerbarium-Details/en?link=CAL0000009788&column=szBarcode,BSI_Medicinal_Plant_Database (9).csv
956,Ipomoea nil (L.) Roth.,CONVOLVULACEAE,"Kaladana, Mirchai",https://archive.bsi.gov.in/echoHerbarium-Details/en?link=CAL0000009791&column=szBarcode,BSI_Medicinal_Plant_Database (9).csv
957,Ipomoea obscura(L.) Ker-Gawl.,CONVOLVULACEAE,Vachagandha,https://archive.bsi.gov.in/echoHerbarium-Details/en?link=CAL0000009786&column=szBarcode,BSI_Medicinal_Plant_Database (9).csv
958,Ipomoea paniculata R.Br.,CONVOLVULACEAE,Bilaikand,https://archive.bsi.gov.in/echoHerbarium-Details/en?link=CAL0000009795&column=szBarcode,BSI_Medicinal_Plant_Database (9).csv
959,Ipomoea pes-caprae (L.) Roth,CONVOLVULACEAE,Dopatilata,https://archive.bsi.gov.in/echoHerbarium-Details/en?link=CAL0000009805&column=szBarcode,BSI_Medicinal_Plant_Database (9).csv
960,Ipomoea pes-tigridis L.,CONVOLVULACEAE,"Panchpatri, Angulilata (Beng.)",https://archive.bsi.gov.in/echoHerbarium-Details/en?link=CAL0000009823&column=szBarcode,BSI_Medicinal_Plant_Database (9).csv
961,Ipomoea purga Hayne,CONVOLVULACEAE,Jalap,https://archive.bsi.gov.in/echoHerbarium-Details/en?link=CAL0000009784&column=szBarcode,BSI_Medicinal_Plant_Database (9).csv
962,Ipomoea purpurea (L.) Roth.,CONVOLVULACEAE,Morning Glory (Eng.),https://archive.bsi.gov.in/echoHerbarium-Details/en?link=CAL0000009783&column=szBarcode,BSI_Medicinal_Plant_Database (9).csv
963,Ipomoea quamoclit L.,CONVOLVULACEAE,Kamalata,https://archive.bsi.gov.in/echoHerbarium-Details/en?link=CAL0000009780&column=szBarcode,BSI_Medicinal_Plant_Database (9).csv
964,Ipomoea sepiaria Roxb. ex Koen.,CONVOLVULACEAE,Bankalmi,https://archive.bsi.gov.in/echoHerbarium-Details/en?link=CAL0000009779&column=szBarcode,BSI_Medicinal_Plant_Database (9).csv
965,Ipomoea tuberosa L.,CONVOLVULACEAE,Spanish Arbour-vine (Eng.),https://archive.bsi.gov.in/echoHerbarium-Details/en?link=CAL0000009813&column=szBarcode,BSI_Medicinal_Plant_Database (9).csv
966,Ipomoea violacea L.,CONVOLVULACEAE,Kinarwel (Mar.),https://archive.bsi.gov.in/echoHerbarium-Details/en?link=CAL0000009777&column=szBarcode,BSI_Medicinal_Plant_Database (9).csv
967,Iris domestica (L.) Goldblatt & Mabb.,IRIDACEAE,Leopard lily (Eng.),https://archive.bsi.gov.in/echoHerbarium-Details/en?link=CAL0000003130&column=szBarcode,BSI_Medicinal_Plant_Database (9).csv
968,Ixora arborea Roxb. ex Sm.,RUBIACEAE,"Kota-gandhal, Nevari",https://archive.bsi.gov.in/echoHerbarium-Details/en?link=CAL0000009384&column=szBarcode,BSI_Medicinal_Plant_Database (9).csv
969,Ixora coccinea L.,RUBIACEAE,"Rangan, Rookmini",https://archive.bsi.gov.in/echoHerbarium-Details/en?link=CAL0000009382&column=szBarcode,BSI_Medicinal_Plant_Database (9).csv
970,Ixora nigricans R.Br. ex Wight & Arn.,RUBIACEAE,Katkura (Mar.),https://archive.bsi.gov.in/echoHerbarium-Details/en?link=CAL0000009383&column=szBarcode,BSI_Medicinal_Plant_Database (9).csv
971,Jasminum angustifolium Vahl.,OLEACEAE,"Banmallica, Mwari",https://archive.bsi.gov.in/echoHerbarium-Details/en?link=CAL0000009581&column=szBarcode,BSI_Medicinal_Plant_Database (9).csv
972,Jasminum arborescens Roxb.,OLEACEAE,"Bela, Chameli",https://archive.bsi.gov.in/echoHerbarium-Details/en?link=CAL0000009579&column=szBarcode,BSI_Medicinal_Plant_Database (9).csv
973,Jasminum azoricum L.,OLEACEAE,Malati (Beng.),https://archive.bsi.gov.in/echoHerbarium-Details/en?link=CAL0000009582&column=szBarcode,BSI_Medicinal_Plant_Database (9).csv
974,Jasminum grandiflorum L.,OLEACEAE,"Chameli, Jati",https://archive.bsi.gov.in/echoHerbarium-Details/en?link=CAL0000009577&column=szBarcode,BSI_Medicinal_Plant_Database (9).csv
975,Jasminum multiflorum (Burm.f.) Andrews,OLEACEAE,"Chameli, Kunda",https://archive.bsi.gov.in/echoHerbarium-Details/en?link=CAL0000009584&column=szBarcode,BSI_Medicinal_Plant_Database (9).csv
976,Jasminum officinale L.,OLEACEAE,"Chameli, Jati",https://archive.bsi.gov.in/echoHerbarium-Details/en?link=CAL0000009586&column=szBarcode,BSI_Medicinal_Plant_Database (9).csv
977,Jasminum ritchiei C.B.Clarke,OLEACEAE,Karumullai (Tam.),https://archive.bsi.gov.in/echoHerbarium-Details/en?link=CAL0000009575&column=szBarcode,BSI_Medicinal_Plant_Database (9).csv
978,Jasminum rottlerianum Wall. ex A.DC.,OLEACEAE,Vanamalliga (Sans.),https://archive.bsi.gov.in/echoHerbarium-Details/en?link=CAL0000009578&column=szBarcode,BSI_Medicinal_Plant_Database (9).csv
979,Jasminum sambac (L.) Aiton,OLEACEAE,"Banmallika, Chamba",https://archive.bsi.gov.in/echoHerbarium-Details/en?link=CAL0000009585&column=szBarcode,BSI_Medicinal_Plant_Database (9).csv
980,Jasminum scandens Vahl,OLEACEAE,Hare lahara (Nepal),https://archive.bsi.gov.in/echoHerbarium-Details/en?link=CAL0000009580&column=szBarcode,BSI_Medicinal_Plant_Database (9).csv
981,Jateorhiza palmata Miers,MENISPERMACEAE,Kalamb-ki-jar,https://archive.bsi.gov.in/echoHerbarium-Details/en?link=CAL0000006536&column=szBarcode,BSI_Medicinal_Plant_Database (9).csv
982,Jatropha curcas L.,EUPHORBIACEAE,"Bagbherenda, Jangli-arandi",https://archive.bsi.gov.in/echoHerbarium-Details/en?link=CAL0000008823&column=szBarcode,BSI_Medicinal_Plant_Database (9).csv
983,Jatropha glandulifera Roxb.,EUPHORBIACEAE,"Janglie-randi, Undarbibi",https://archive.bsi.gov.in/echoHerbarium-Details/en?link=CAL0000008830&column=szBarcode,BSI_Medicinal_Plant_Database (9).csv
984,Jatropha gossypifolia Roxb.,EUPHORBIACEAE,"Bherenda, Verenda",https://archive.bsi.gov.in/echoHerbarium-Details/en?link=CAL0000008825&column=szBarcode,BSI_Medicinal_Plant_Database (9).csv
985,Jatropha multifida L.,EUPHORBIACEAE,Bhadradanti (Sans.),https://archive.bsi.gov.in/echoHerbarium-Details/en?link=CAL0000008827&column=szBarcode,BSI_Medicinal_Plant_Database (9).csv
986,Jatropha nana Dalzell & A.Gibson,EUPHORBIACEAE,Kirkundi (Mar.),https://archive.bsi.gov.in/echoHerbarium-Details/en?link=CAL0000008829&column=szBarcode,BSI_Medicinal_Plant_Database (9).csv
987,Juglans regia L.,JUGLANDACEAE,"Akhrot, Akrut (Trade)",https://archive.bsi.gov.in/echoHerbarium-Details/en?link=CAL0000013381&column=szBarcode,BSI_Medicinal_Plant_Database (9).csv
988,Juncellus inundatus (Roxb.) C.B.Clarke,CYPERACEAE,Pati,https://archive.bsi.gov.in/echoHerbarium-Details/en?link=CAL0000003242&column=szBarcode,BSI_Medicinal_Plant_Database (9).csv
989,Juncus effusus L.,JUNCACEAE,Matting Rush (Eng.),https://archive.bsi.gov.in/echoHerbarium-Details/en?link=CAL0000013141&column=szBarcode,BSI_Medicinal_Plant_Database (9).csv
990,Juniperus communis L.,CUPRESSACEAE,"Aaraar, Haubera",https://archive.bsi.gov.in/echoHerbarium-Details/en?link=CAL0000008581&column=szBarcode,BSI_Medicinal_Plant_Database (9).csv
991,Juniperus polycarpus C.Koch,CUPRESSACEAE,Dhup,https://archive.bsi.gov.in/echoHerbarium-Details/en?link=CAL0000009158&column=szBarcode,BSI_Medicinal_Plant_Database (9).csv
992,Juniperus recurva Buch.-Ham. ex D.Don,CUPRESSACEAE,Chukboo (Sikkim),https://archive.bsi.gov.in/echoHerbarium-Details/en?link=CAL0000009159&column=szBarcode,BSI_Medicinal_Plant_Database (9).csv
993,Jurinea dolomiaea Boiss.,ASTERACEAE,Dhoop Lakkad,https://archive.bsi.gov.in/echoHerbarium-Details/en?link=CAL0000009356&column=szBarcode,BSI_Medicinal_Plant_Database (9).csv
994,Justicia adhatoda L.,ACANTHACEAE,Arusha,https://archive.bsi.gov.in/echoHerbarium-Details/en?link=CAL0000009062&column=szBarcode,BSI_Medicinal_Plant_Database (9).csv
995,Justicia betonica L.,ACANTHACEAE,Tellarantu (Tel.),https://archive.bsi.gov.in/echoHerbarium-Details/en?link=CAL0000013321&column=szBarcode,BSI_Medicinal_Plant_Database (9).csv
996,Justicia gendarussa Burm.f.,ACANTHACEAE,"Udisanbhalu, Nilinargandi",https://archive.bsi.gov.in/echoHerbarium-Details/en?link=CAL0000009066&column=szBarcode,BSI_Medicinal_Plant_Database (9).csv
997,Justicia procumbens L.,ACANTHACEAE,Karambal (Mar.),https://archive.bsi.gov.in/echoHerbarium-Details/en?link=CAL0000013319&column=szBarcode,BSI_Medicinal_Plant_Database (9).csv
998,Kaempferia rotunda L.,ZINGIBERACEAE,Bhui-champa,https://archive.bsi.gov.in/echoHerbarium-Details/en?link=CAL0000003028&column=szBarcode,BSI_Medicinal_Plant_Database (9).csv
999,Kalanchoe integra (Medik.) Kuntze,CRASSULACEAE,"Haiza, Rungru",https://archive.bsi.gov.in/echoHerbarium-Details/en?link=CAL0000009438&column=szBarcode,BSI_Medicinal_Plant_Database (9).csv
1000,Kalanchoe laciniata (L.) Pers.,CRASSULACEAE,Hamsagar,https://archive.bsi.gov.in/echoHerbarium-Details/en?link=CAL0000009437&column=szBarcode,BSI_Medicinal_Plant_Database (9).csv
1,Abelmoschus esculentus (L.) Moench,MALVACEAE,"Bhindi, Bhindi tori",https://archive.bsi.gov.in/echoHerbarium-Details/en?link=CAL0000003881&column=szBarcode,BSI_Medicinal_Plant_Database.csv
2,Abelmoschus ficulneus (L.) Wight & Arn.,MALVACEAE,Ran Bhendi,https://archive.bsi.gov.in/echoHerbarium-Details/en?link=CAL0000003882&column=szBarcode,BSI_Medicinal_Plant_Database.csv
3,Abelmoschus manihot (L.) Medik.,MALVACEAE,"Jangli Bhindi, Kantalo Bhendo (Guj.)",https://archive.bsi.gov.in/echoHerbarium-Details/en?link=CAL0000003879&column=szBarcode,BSI_Medicinal_Plant_Database.csv
4,Abelmoschus moschatus Medik.,MALVACEAE,"Muskdana, Kasturi dana",https://archive.bsi.gov.in/echoHerbarium-Details/en?link=CAL0000003878&column=szBarcode,BSI_Medicinal_Plant_Database.csv
5,Abies spectabilis (D. Don) Spach.,PINACEAE,"Talish patra, Gobra salla (Nepal)",https://archive.bsi.gov.in/echoHerbarium-Details/en?link=CAL0000009739&column=szBarcode,BSI_Medicinal_Plant_Database.csv
6,Abroma agusta (L.) L.f.,STERCULIACEAE,Ulatkambal,https://archive.bsi.gov.in/echoHerbarium-Details/en?link=CAL0000003861&column=szBarcode,BSI_Medicinal_Plant_Database.csv
7,Abrus precatorius L.,FABACEAE,"Ratti, Ghungchi",https://archive.bsi.gov.in/echoHerbarium-Details/en?link=CAL0000003654&column=szBarcode,BSI_Medicinal_Plant_Database.csv
8,Abutilon hirtum (Lam.) Sweet,MALVACEAE,Barakanghi,https://archive.bsi.gov.in/echoHerbarium-Details/en?link=CAL0000003898&column=szBarcode,BSI_Medicinal_Plant_Database.csv
9,Abutilon indicum (L.) Sweet,MALVACEAE,"Kanghi, Kakahi",https://archive.bsi.gov.in/echoHerbarium-Details/en?link=CAL0000003895&column=szBarcode,BSI_Medicinal_Plant_Database.csv
10,Abutilon pannosum (Forst.) Schlect.,MALVACEAE,Kakrai,https://archive.bsi.gov.in/echoHerbarium-Details/en?link=CAL0000003896&column=szBarcode,BSI_Medicinal_Plant_Database.csv
11,Abutilon theophrastii Medik.,MALVACEAE,Indian Mallow (Eng.),https://archive.bsi.gov.in/echoHerbarium-Details/en?link=CAL0000003897&column=szBarcode,BSI_Medicinal_Plant_Database.csv
12,Acacia catechu (L.f.) Willd.,MIMOSACEAE,Khair,https://archive.bsi.gov.in/echoHerbarium-Details/en?link=CAL0000003537&column=szBarcode,BSI_Medicinal_Plant_Database.csv
13,Acacia farnesiana (L.) Willd.,MIMOSACEAE,Vilayati kikar,https://archive.bsi.gov.in/echoHerbarium-Details/en?link=CAL0000003548&column=szBarcode,BSI_Medicinal_Plant_Database.csv
14,Acacia jacquemontii Benth.,MIMOSACEAE,"Kikar, Babul (Punjab)",https://archive.bsi.gov.in/echoHerbarium-Details/en?link=CAL0000003539&column=szBarcode,BSI_Medicinal_Plant_Database.csv
15,Acacia leucophloea (Roxb.) Willd.,MIMOSACEAE,"Safed kikar, Arimeda",https://archive.bsi.gov.in/echoHerbarium-Details/en?link=CAL0000003540&column=szBarcode,BSI_Medicinal_Plant_Database.csv
16,Acacia modesta Wall.,MIMOSACEAE,Phulai (Punjab),https://archive.bsi.gov.in/echoHerbarium-Details/en?link=CAL0000003532&column=szBarcode,BSI_Medicinal_Plant_Database.csv
17,Acacia nilotica (L.) Willd. ex Delile,MIMOSACEAE,"Kirkar, Babula",https://archive.bsi.gov.in/echoHerbarium-Details/en?link=CAL0000003542&column=szBarcode,BSI_Medicinal_Plant_Database.csv
18,Acacia pennata (L.) Willd.,MIMOSACEAE,"Aila, Biswal",https://archive.bsi.gov.in/echoHerbarium-Details/en?link=CAL0000003528&column=szBarcode,BSI_Medicinal_Plant_Database.csv
19,Acacia rugata (Lam.) Merr.,MIMOSACEAE,"Kochi, Ritha",https://archive.bsi.gov.in/echoHerbarium-Details/en?link=CAL0000003535&column=szBarcode,BSI_Medicinal_Plant_Database.csv
20,Acacia senegal (L.) Willd.,MIMOSACEAE,Goradio-babul (Guj.),https://archive.bsi.gov.in/echoHerbarium-Details/en?link=CAL0000003534&column=szBarcode,BSI_Medicinal_Plant_Database.csv
21,Acacia torta (Roxb.) Craib,MIMOSACEAE,Aila,https://archive.bsi.gov.in/echoHerbarium-Details/en?link=CAL0000003536&column=szBarcode,BSI_Medicinal_Plant_Database.csv
22,Acalypha fruticosa Forsk.,EUPHORBIACEAE,Chinniaka (Tel.),https://archive.bsi.gov.in/echoHerbarium-Details/en?link=CAL0000008970&column=szBarcode,BSI_Medicinal_Plant_Database.csv
23,Acalypha indica L.,EUPHORBIACEAE,"Kuppi, Khokli",https://archive.bsi.gov.in/echoHerbarium-Details/en?link=CAL0000008971&column=szBarcode,BSI_Medicinal_Plant_Database.csv
24,Acalypha racemosa Wall. ex Bailley,EUPHORBIACEAE,Valia-kuppameni (Finnish),https://archive.bsi.gov.in/echoHerbarium-Details/en?link=CAL0000008969&column=szBarcode,BSI_Medicinal_Plant_Database.csv
25,Acampe papillosa (Lindl.) Lindl.,ORCHIDACEAE,Alasyakampa (Tel.),https://archive.bsi.gov.in/echoHerbarium-Details/en?link=CAL0000003156&column=szBarcode,BSI_Medicinal_Plant_Database.csv
26,Acanthus illicifolius L.,ACANTHACEAE,Hargoza,https://archive.bsi.gov.in/echoHerbarium-Details/en?link=CAL0000009055&column=szBarcode,BSI_Medicinal_Plant_Database.csv
27,Achillea millefolium L.,ASTERACEAE,"Gandana, Roojamari (Kan.)",https://archive.bsi.gov.in/echoHerbarium-Details/en?link=CAL0000013619&column=szBarcode,BSI_Medicinal_Plant_Database.csv
28,Achyranthes aspera L.,AMARANTHACEAE,Latjira,https://archive.bsi.gov.in/echoHerbarium-Details/en?link=CAL0000008913&column=szBarcode,BSI_Medicinal_Plant_Database.csv
29,Achyranthes bidentata Blume,AMARANTHACEAE,Apamarga (Assam),https://archive.bsi.gov.in/echoHerbarium-Details/en?link=CAL0000008912&column=szBarcode,BSI_Medicinal_Plant_Database.csv
30,Aconitum balfourii Stapf,RANUNCULACEAE,Gobari (West Nepal),https://archive.bsi.gov.in/echoHerbarium-Details/en?link=CAL0000009929&column=szBarcode,BSI_Medicinal_Plant_Database.csv
31,Aconitum bisma (Buch. -Ham.) Rapaics,RANUNCULACEAE,Bikhima,https://archive.bsi.gov.in/echoHerbarium-Details/en?link=CAL0000009935&column=szBarcode,BSI_Medicinal_Plant_Database.csv
32,Aconitum chasmanthum Holmes ex Stapf,RANUNCULACEAE,"Bisha, Ban-bal-nag (Kashmir)",https://archive.bsi.gov.in/echoHerbarium-Details/en?link=CAL0000009930&column=szBarcode,BSI_Medicinal_Plant_Database.csv
33,Aconitum falconeri Stapf,RANUNCULACEAE,Bis (Gharwal),https://archive.bsi.gov.in/echoHerbarium-Details/en?link=CAL0000009927&column=szBarcode,BSI_Medicinal_Plant_Database.csv
34,Aconitum heterophyllum Wall. ex Royle,RANUNCULACEAE,Atis,https://archive.bsi.gov.in/echoHerbarium-Details/en?link=CAL0000009938&column=szBarcode,BSI_Medicinal_Plant_Database.csv
35,Aconitum laciniatum (Bruhl) Stapf,RANUNCULACEAE,Kalo bikhoma (Sikkim),https://archive.bsi.gov.in/echoHerbarium-Details/en?link=CAL0000009933&column=szBarcode,BSI_Medicinal_Plant_Database.csv
36,Aconitum novoluridum Munz,RANUNCULACEAE,Mahoor,https://archive.bsi.gov.in/echoHerbarium-Details/en?link=CAL0000009928&column=szBarcode,BSI_Medicinal_Plant_Database.csv
37,Aconitum spicatum (Bruhl) Stapf,RANUNCULACEAE,Bikh or Bish (Nepal & Sikkim),https://archive.bsi.gov.in/echoHerbarium-Details/en?link=CAL0000009934&column=szBarcode,BSI_Medicinal_Plant_Database.csv
38,Aconitum violaceum Jacq. Ex Stapf,RANUNCULACEAE,Tilia Kachang (Sutlej Basin),https://archive.bsi.gov.in/echoHerbarium-Details/en?link=CAL0000009931&column=szBarcode,BSI_Medicinal_Plant_Database.csv
39,Acorus calamus L.,ARACEAE,"Bach, Gora-bach",https://archive.bsi.gov.in/echoHerbarium-Details/en?link=CAL0000003221&column=szBarcode,BSI_Medicinal_Plant_Database.csv
40,Acronychia pedunculata (L.) Miq.,RUTACEAE,Paowlay (Nepal),https://archive.bsi.gov.in/echoHerbarium-Details/en?link=CAL0000009965&column=szBarcode,BSI_Medicinal_Plant_Database.csv
41,Actaea spicata L.,RANUNCULACEAE,Vishaphala (Kan.),https://archive.bsi.gov.in/echoHerbarium-Details/en?link=CAL0000009925&column=szBarcode,BSI_Medicinal_Plant_Database.csv
42,Actiniopteris radiata(Swartz) Link,ACTINIOPTERIDACEAE,"Morpankhi, Morshikha (Local names)",https://archive.bsi.gov.in/echoHerbarium-Details/en?link=CAL0000003275&column=szBarcode,BSI_Medicinal_Plant_Database.csv
43,Actinodaphne hookeri Meissn.,LAURACEAE,Tudambo (Oriya),https://archive.bsi.gov.in/echoHerbarium-Details/en?link=CAL0000008845&column=szBarcode,BSI_Medicinal_Plant_Database.csv
44,Adansonia digitata L.,BOMBACACEAE,"Gorak, Amli",https://archive.bsi.gov.in/echoHerbarium-Details/en?link=CAL0000003871&column=szBarcode,BSI_Medicinal_Plant_Database.csv
45,Adenanthera pavonia L.,MIMOSACEAE,"Barigumchi, Kunchandana (Sans.)",https://archive.bsi.gov.in/echoHerbarium-Details/en?link=CAL0000003924&column=szBarcode,BSI_Medicinal_Plant_Database.csv
46,Adenia wightiana (Wall. ex Wight & Arn.) Engl.,PASSIFLORACEAE,Perumkorattaikodi (Tam.),https://archive.bsi.gov.in/echoHerbarium-Details/en?link=CAL0000013800&column=szBarcode,BSI_Medicinal_Plant_Database.csv
47,Adenostemma lavenia (L.) Kuntze,ASTERACEAE,Jangli-jira,https://archive.bsi.gov.in/echoHerbarium-Details/en?link=CAL0000013621&column=szBarcode,BSI_Medicinal_Plant_Database.csv
48,Adiantum capillus-veneris L.,ADIANTACEAE,"Hansraj, Mubaraka",https://archive.bsi.gov.in/echoHerbarium-Details/en?link=CAL0000003282&column=szBarcode,BSI_Medicinal_Plant_Database.csv
49,Adiantum caudatum L.,ADIANTACEAE,Mayurshikha (Sans.),https://archive.bsi.gov.in/echoHerbarium-Details/en?link=CAL0000003284&column=szBarcode,BSI_Medicinal_Plant_Database.csv
50,Adiantum philippense L.,ADIANTACEAE,Kalijhant,https://archive.bsi.gov.in/echoHerbarium-Details/en?link=CAL0000003285&column=szBarcode,BSI_Medicinal_Plant_Database.csv
51,Adiantum venustum D.Don,ADIANTACEAE,Mayir sikki (Tam.),https://archive.bsi.gov.in/echoHerbarium-Details/en?link=CAL0000003279&column=szBarcode,BSI_Medicinal_Plant_Database.csv
52,Adonis aestivalis L.,RANUNCULACEAE,Summer Pheasant's Eye (Eng.),https://archive.bsi.gov.in/echoHerbarium-Details/en?link=CAL0000009952&column=szBarcode,BSI_Medicinal_Plant_Database.csv
53,Aegle marmelos (L.) Corr.,RUTACEAE,Bel,https://archive.bsi.gov.in/echoHerbarium-Details/en?link=CAL0000013488&column=szBarcode,BSI_Medicinal_Plant_Database.csv
54,Aerva javanica (Burm.f.) Juss. ex Schult.,AMARANTHACEAE,Bur (Guj.),https://archive.bsi.gov.in/echoHerbarium-Details/en?link=CAL0000008910&column=szBarcode,BSI_Medicinal_Plant_Database.csv
55,Aerva lanata (L.) Juss.,AMARANTHACEAE,"Gorakhganja, Chaya (Beng.)",https://archive.bsi.gov.in/echoHerbarium-Details/en?link=CAL0000008911&column=szBarcode,BSI_Medicinal_Plant_Database.csv
56,Aesculus indica Colebr. ex Camb.,HIPPOCASTANACEAE,Pangar,https://archive.bsi.gov.in/echoHerbarium-Details/en?link=CAL0000003574&column=szBarcode,BSI_Medicinal_Plant_Database.csv
57,Aganosma caryophyllata G.Don,APOCYNACEAE,Maalati,https://archive.bsi.gov.in/echoHerbarium-Details/en?link=CAL0000009282&column=szBarcode,BSI_Medicinal_Plant_Database.csv
58,Agave americana Blanco,AMARYLLIDACEAE,"Bans-keora, Kantala",https://archive.bsi.gov.in/echoHerbarium-Details/en?link=CAL0000003118&column=szBarcode,BSI_Medicinal_Plant_Database.csv
59,Agave americana L.,AMARYLLIDACEAE,Chick-kuri (Local name),https://archive.bsi.gov.in/echoHerbarium-Details/en?link=CAL0000003122&column=szBarcode,BSI_Medicinal_Plant_Database.csv
60,Agave angustifolia Haw.,AMARYLLIDACEAE,Kantala (Sans.),https://archive.bsi.gov.in/echoHerbarium-Details/en?link=CAL0000003123&column=szBarcode,BSI_Medicinal_Plant_Database.csv
61,Agave sisalana Perr. ex Engelm.,AMARYLLIDACEAE,Sisal (Eng.),https://archive.bsi.gov.in/echoHerbarium-Details/en?link=CAL0000003120&column=szBarcode,BSI_Medicinal_Plant_Database.csv
62,Ageratum conyzoides L.,ASTERACEAE,Uchunti (Beng.),https://archive.bsi.gov.in/echoHerbarium-Details/en?link=CAL0000013622&column=szBarcode,BSI_Medicinal_Plant_Database.csv
63,Aglaia elaeagnoidea (Juss.) Benth.,MELIACEAE,"Gandha priyangu, Yerraaduga (Tel.)",https://archive.bsi.gov.in/echoHerbarium-Details/en?link=CAL0000009897&column=szBarcode,BSI_Medicinal_Plant_Database.csv
64,Agropyron repens (L.) Beauv.,POACEAE,"Couch grass, Dog grass (Eng.)",https://archive.bsi.gov.in/echoHerbarium-Details/en?link=CAL0000003184&column=szBarcode,BSI_Medicinal_Plant_Database.csv
65,Ailanthus altissima (Mill.) Swingle,SIMAROUBACEAE,Tree of Heaven (Eng.),https://archive.bsi.gov.in/echoHerbarium-Details/en?link=CAL0000013486&column=szBarcode,BSI_Medicinal_Plant_Database.csv
66,Ailanthus excelsa Roxb.,SIMAROUBACEAE,"Arlu, Maruk",https://archive.bsi.gov.in/echoHerbarium-Details/en?link=CAL0000013484&column=szBarcode,BSI_Medicinal_Plant_Database.csv
67,Ailanthus triphysa (Dennst.) Alston,SIMAROUBACEAE,Guggul Dhup,https://archive.bsi.gov.in/echoHerbarium-Details/en?link=CAL0000013482&column=szBarcode,BSI_Medicinal_Plant_Database.csv
68,Ajuga bracteosa Wall. ex Benth.,LAMIACEAE,Nilkanthi (Sans.),https://archive.bsi.gov.in/echoHerbarium-Details/en?link=CAL0000008885&column=szBarcode,BSI_Medicinal_Plant_Database.csv
69,Alangium salvifolium (L.f.) Wang.,ALANGIACEAE,"Akola, Dhera",https://archive.bsi.gov.in/echoHerbarium-Details/en?link=CAL0000013767&column=szBarcode,BSI_Medicinal_Plant_Database.csv
70,Albizzia amara (Roxb.) Boivin,MIMOSACEAE,Lallei (Mar.),https://archive.bsi.gov.in/echoHerbarium-Details/en?link=CAL0000003553&column=szBarcode,BSI_Medicinal_Plant_Database.csv
71,Albizzia lebbeck (L.) Willd.,MIMOSACEAE,Siris,https://archive.bsi.gov.in/echoHerbarium-Details/en?link=CAL0000003552&column=szBarcode,BSI_Medicinal_Plant_Database.csv
72,Albizzia odoratissima (L.f.) Benth.,MIMOSACEAE,Kala siris,https://archive.bsi.gov.in/echoHerbarium-Details/en?link=CAL0000003557&column=szBarcode,BSI_Medicinal_Plant_Database.csv
73,Aleurites mollucana Willd.,EUPHORBIACEAE,Candle Nut Tree (Eng.),https://archive.bsi.gov.in/echoHerbarium-Details/en?link=CAL0000008968&column=szBarcode,BSI_Medicinal_Plant_Database.csv
74,Alhagi pseudoalhagi (Bieb.) Desv.,FABACEAE,"Bharbharra, Jawasa",https://archive.bsi.gov.in/echoHerbarium-Details/en?link=CAL0000003686&column=szBarcode,BSI_Medicinal_Plant_Database.csv
75,Alhagi pseudoalhagi (Bieb.) Desv.,FABACEAE,"Bharbharra, Jawasa",https://archive.bsi.gov.in/echoHerbarium-Details/en?link=CAL0000003688&column=szBarcode,BSI_Medicinal_Plant_Database.csv
76,Allamanda cathartica L.,APOCYNACEAE,Harkakra (Beng.),https://archive.bsi.gov.in/echoHerbarium-Details/en?link=CAL0000009265%20%20%20%20%20%20%20%20%20%20%20%20%20%20%20%20%20%20%20%20%20%20%20%20%20%20%20%20%20%20%20%20%20%20%20%20%20%20%20%20%20%20%20%20%20%20%20%20%20%20%20%20%20%20%20%20%20%20%20%20%20%20%20%20%20%20%20%20%20%20%20%20%20%20%20%20%20%20%20%20%20%20%20%20%20%20%20%20%20%20%20%20%20%20%20%20%20%20%20%20%20%20%20%20%20%20%20%20%20%20%20%20%20%20%20%20%20%20%20%20%20%20%20%20%20%20%20&column=szBarcode,BSI_Medicinal_Plant_Database.csv
77,Allium cepa L.,LILIACEAE,Piyaz,https://archive.bsi.gov.in/echoHerbarium-Details/en?link=CAL0000003095&column=szBarcode,BSI_Medicinal_Plant_Database.csv
78,Allium macleanii Baker,LILIACEAE,Salabmisri,https://archive.bsi.gov.in/echoHerbarium-Details/en?link=CAL0000003093&column=szBarcode,BSI_Medicinal_Plant_Database.csv
79,Alnus nepalensis D.Don,BETULACEAE,Utis,https://archive.bsi.gov.in/echoHerbarium-Details/en?link=CAL0000008926&column=szBarcode,BSI_Medicinal_Plant_Database.csv
80,Alnus nitida Endl.,BETULACEAE,Utis,https://archive.bsi.gov.in/echoHerbarium-Details/en?link=CAL0000008927&column=szBarcode,BSI_Medicinal_Plant_Database.csv
81,Alocasia macrorrhizos (L.) G.Don,ARACEAE,Boro mankachu (Assam),https://archive.bsi.gov.in/echoHerbarium-Details/en?link=CAL0000003214&column=szBarcode,BSI_Medicinal_Plant_Database.csv
82,Aloe vera (L.) Burm.f.,LILIACEAE,Ghee-kunvar,https://archive.bsi.gov.in/echoHerbarium-Details/en?link=CAL0000003086&column=szBarcode,BSI_Medicinal_Plant_Database.csv
83,Aloysia triphylla (L'Herit) Britton,VERBENACEAE,Aloysia triphylla (Eng.),https://archive.bsi.gov.in/echoHerbarium-Details/en?link=CAL0000013195&column=szBarcode,BSI_Medicinal_Plant_Database.csv
84,Alpinia galanga (L.) Willd.,ZINGIBERACEAE,"Kulanjan, Barakulanjan",https://archive.bsi.gov.in/echoHerbarium-Details/en?link=CAL0000003138&column=szBarcode,BSI_Medicinal_Plant_Database.csv
85,Alpinia nigra (Gaertn.) B.L.Burtt,ZINGIBERACEAE,Gong (Local name),https://archive.bsi.gov.in/echoHerbarium-Details/en?link=CAL0000003140&column=szBarcode,BSI_Medicinal_Plant_Database.csv
86,Alstonia scholaris (L.) R.Br.,APOCYNACEAE,"Chatium, Chattiyan",https://archive.bsi.gov.in/echoHerbarium-Details/en?link=CAL0000009268&column=szBarcode,BSI_Medicinal_Plant_Database.csv
87,Alstonia venenata R.Br.,APOCYNACEAE,Pazha Munnipala (Tam.),https://archive.bsi.gov.in/echoHerbarium-Details/en?link=CAL0000009270&column=szBarcode,BSI_Medicinal_Plant_Database.csv
88,Alternanthera sessilis (L.) R.Br. ex. DC.,AMARANTHACEAE,"Gudari sag, Giojihra (Sans.)",https://archive.bsi.gov.in/echoHerbarium-Details/en?link=CAL0000008914&column=szBarcode,BSI_Medicinal_Plant_Database.csv
89,Althaea officinalis L.,MALVACEAE,Marsh Mallow (Eng.),https://archive.bsi.gov.in/echoHerbarium-Details/en?link=CAL0000003901&column=szBarcode,BSI_Medicinal_Plant_Database.csv
90,Althaea rosea (L.) Cav.,MALVACEAE,Holly-Hock (Eng.),https://archive.bsi.gov.in/echoHerbarium-Details/en?link=CAL0000003900&column=szBarcode,BSI_Medicinal_Plant_Database.csv
91,Altingia excelsa Noronha,HAMAMELIDACEAE,Silaras,https://archive.bsi.gov.in/echoHerbarium-Details/en?link=CAL0000013710&column=szBarcode,BSI_Medicinal_Plant_Database.csv
92,Alysicarpus longifolius (Rottler ex Spreng.) Wight & Arn.,FABACEAE,Longleaf Alyce Clover (Eng.),https://archive.bsi.gov.in/echoHerbarium-Details/en?link=CAL0000003666&column=szBarcode,BSI_Medicinal_Plant_Database.csv
93,Alysicarpus vaginalis (L.) DC.,FABACEAE,"Chauli, Sauri",https://archive.bsi.gov.in/echoHerbarium-Details/en?link=CAL0000003667&column=szBarcode,BSI_Medicinal_Plant_Database.csv
94,Amaranthus lividus L.,AMARANTHACEAE,"Sada natya, Van natya",https://archive.bsi.gov.in/echoHerbarium-Details/en?link=CAL0000008840&column=szBarcode,BSI_Medicinal_Plant_Database.csv
95,Amaranthus tricolor L.,AMARANTHACEAE,"Lal sag, Chaulai sag",https://archive.bsi.gov.in/echoHerbarium-Details/en?link=CAL0000008838&column=szBarcode,BSI_Medicinal_Plant_Database.csv
96,Amaranthus viridis L.,AMARANTHACEAE,Tanduliya (Sans.),https://archive.bsi.gov.in/echoHerbarium-Details/en?link=CAL0000008841&column=szBarcode,BSI_Medicinal_Plant_Database.csv
97,Amaranthus caudatus L.,AMARANTHACEAE,Ram dana,https://archive.bsi.gov.in/echoHerbarium-Details/en?link=CAL0000008916&column=szBarcode,BSI_Medicinal_Plant_Database.csv
98,Amaranthus spinosus L.,AMARANTHACEAE,Kataili chaulai,https://archive.bsi.gov.in/echoHerbarium-Details/en?link=CAL0000008915&column=szBarcode,BSI_Medicinal_Plant_Database.csv
99,Ammania auriculata Willd.,LYTHRACEAE,Jangli Mehndi,https://archive.bsi.gov.in/echoHerbarium-Details/en?link=CAL0000013793&column=szBarcode,BSI_Medicinal_Plant_Database.csv
100,Ammania baccifera L.,LYTHRACEAE,Dadmari,https://archive.bsi.gov.in/echoHerbarium-Details/en?link=CAL0000013791&column=szBarcode,BSI_Medicinal_Plant_Database.csv
