plant_id,scientific_name,common_name,family,vernacular_names,medicinal_system,distribution_region,medicinal_use,parts_used,habit,nmpb_med_system_tag,nmpb_api_sanskrit_names,bsi_herbarium_uses_url,source_reference,plant_match_confidence,is_synthetic,source_bsi_s_no,source_nmpb_s_no
PLANT-0001,Abelmoschus esculentus (L.) Moench,"Bhindi, Bhindi tori",MALVACEAE,"Bhindi, Bhindi tori; Bhendi",Ayurveda,,,Fruit (Seed),Shrub,AFU,,https://archive.bsi.gov.in/echoHerbarium-Details/en?link=CAL0000003881&column=szBarcode,BSI+NMPB,HIGH,False,1,1
PLANT-0002,Abelmoschus ficulneus (L.) Wight & Arn.,Ran Bhendi,MALVACEAE,Ran Bhendi; Kattu vendai,Ayurveda,,,Fruit (Seed),Shrub,AF,,https://archive.bsi.gov.in/echoHerbarium-Details/en?link=CAL0000003882&column=szBarcode,BSI+NMPB,HIGH,False,2,2
PLANT-0003,Abelmoschus manihot (L.) Medik.,"Jangli Bhindi, Kantalo Bhendo (Guj.)",MALVACEAE,"Jangli Bhindi, Kantalo Bhendo (Guj.)",,,,,,,,https://archive.bsi.gov.in/echoHerbarium-Details/en?link=CAL0000003879&column=szBarcode,BSI,SOURCE_ONLY,False,3,
PLANT-0004,Abelmoschus moschatus Medik.,"Muskdana, Kasturi dana",MALVACEAE,"Muskdana, Kasturi dana; Muskdana,; Latakasturi; Kasturilatika",Ayurveda,,,Fruit (Seed),Shrub,AFU,Kasturilatika,https://archive.bsi.gov.in/echoHerbarium-Details/en?link=CAL0000003878&column=szBarcode,BSI+NMPB,HIGH,False,4,3
PLANT-0005,Abies pindrow (Royle ex D.Don) Royle,"Granthiparna,; Talisa",PINACEAE,"Granthiparna,; Talisa",Ayurveda,,,Leaf,Tree,A,,,NMPB,SOURCE_ONLY,False,,4
PLANT-0006,Abies spectabilis (D. Don) Spach.,"Talish patra, Gobra salla (Nepal)",PINACEAE,"Talish patra, Gobra salla (Nepal); Talispatra; Talisa",Ayurveda,,,Leaf,Tree,A,Talisa,https://archive.bsi.gov.in/echoHerbarium-Details/en?link=CAL0000009739&column=szBarcode,BSI+NMPB,HIGH,False,5,5
PLANT-0007,Abroma agusta (L.) L.f.,Ulatkambal,STERCULIACEAE,Ulatkambal,,,,,,,,https://archive.bsi.gov.in/echoHerbarium-Details/en?link=CAL0000003861&column=szBarcode,BSI,SOURCE_ONLY,False,6,
PLANT-0008,Abrus precatorius L.,"Ratti, Ghungchi",FABACEAE,"Ratti, Ghungchi; Chirmati,; Chinnoti,; Gundumani; Gunja",Ayurveda,,,"Root,; Fruit (Seed)",Climber,AFHSTU,Gunja,https://archive.bsi.gov.in/echoHerbarium-Details/en?link=CAL0000003654&column=szBarcode,BSI+NMPB,HIGH,False,7,6
PLANT-0009,Abutilon hirtum (Lam.) Sweet,Barakanghi,MALVACEAE,Barakanghi,,,,,,,,https://archive.bsi.gov.in/echoHerbarium-Details/en?link=CAL0000003898&column=szBarcode,BSI,SOURCE_ONLY,False,8,
PLANT-0010,Abutilon indicum (L.) Sweet,"Kanghi, Kakahi",MALVACEAE,"Kanghi, Kakahi; Tutti; Atibala",Ayurveda,,,"Leaf, Root",Shrub,AFSTU,Atibala,https://archive.bsi.gov.in/echoHerbarium-Details/en?link=CAL0000003895&column=szBarcode,BSI+NMPB,HIGH,False,9,7
PLANT-0011,Abutilon pannosum (Forst.) Schlect.,Kakrai,MALVACEAE,Kakrai,,,,,,,,https://archive.bsi.gov.in/echoHerbarium-Details/en?link=CAL0000003896&column=szBarcode,BSI,SOURCE_ONLY,False,10,
PLANT-0012,Abutilon theophrastii Medik.,Indian Mallow (Eng.),MALVACEAE,Indian Mallow (Eng.),,,,,,,,https://archive.bsi.gov.in/echoHerbarium-Details/en?link=CAL0000003897&column=szBarcode,BSI,SOURCE_ONLY,False,11,
PLANT-0013,Acacia caesia (L.) Willd.,"Incha, Indu,; Singapore; pattai",MIMOSACEAE,"Incha, Indu,; Singapore; pattai; Khadira",Ayurveda,,,Bark (Stem),Shrub,AF,Khadira,,NMPB,SOURCE_ONLY,False,,8
PLANT-0014,Acacia catechu (L.f.) Willd.,Khair,MIMOSACEAE,Khair; Katha,Ayurveda,,,"Bark (Stem),; Wood; (Heartwood)",Tree,AFSTU,,https://archive.bsi.gov.in/echoHerbarium-Details/en?link=CAL0000003537&column=szBarcode,BSI+NMPB,HIGH,False,12,9
PLANT-0015,Acacia chundra (Roxb. ex Rottler) Willd.,Khadir,MIMOSACEAE,Khadir; Names,Ayurveda,,,Wood,Tree,ATag **,Names,,NMPB,SOURCE_ONLY,False,,10
PLANT-0016,Acacia farnesiana (L.) Willd.,Vilayati kikar,MIMOSACEAE,Vilayati kikar; Irmed,Ayurveda,,,Bark (Stem),Tree,AFS,,https://archive.bsi.gov.in/echoHerbarium-Details/en?link=CAL0000003548&column=szBarcode,BSI+NMPB,HIGH,False,13,11
PLANT-0017,Acacia jacquemontii Benth.,"Kikar, Babul (Punjab)",MIMOSACEAE,"Kikar, Babul (Punjab)",,,,,,,,https://archive.bsi.gov.in/echoHerbarium-Details/en?link=CAL0000003539&column=szBarcode,BSI,SOURCE_ONLY,False,14,
PLANT-0018,Acacia leucophloea (Roxb.) Willd.,"Safed kikar, Arimeda",MIMOSACEAE,"Safed kikar, Arimeda",,,,,,,,https://archive.bsi.gov.in/echoHerbarium-Details/en?link=CAL0000003540&column=szBarcode,BSI,SOURCE_ONLY,False,15,
PLANT-0019,Acacia modesta Wall.,Phulai (Punjab),MIMOSACEAE,Phulai (Punjab),,,,,,,,https://archive.bsi.gov.in/echoHerbarium-Details/en?link=CAL0000003532&column=szBarcode,BSI,SOURCE_ONLY,False,16,
PLANT-0020,Acacia nilotica (L.) Willd. ex Delile,"Kirkar, Babula",MIMOSACEAE,"Kirkar, Babula; Babul, Keekar; Babbula",Ayurveda,,,"Gum, Bark; (Stem)",Tree,AS,Babbula,https://archive.bsi.gov.in/echoHerbarium-Details/en?link=CAL0000003542&column=szBarcode,BSI+NMPB,HIGH,False,17,12
PLANT-0021,Acacia pennata (L.) Willd.,"Aila, Biswal",MIMOSACEAE,"Aila, Biswal",,,,,,,,https://archive.bsi.gov.in/echoHerbarium-Details/en?link=CAL0000003528&column=szBarcode,BSI,SOURCE_ONLY,False,18,
PLANT-0022,Acacia rugata (Lam.) Merr.,"Kochi, Ritha",MIMOSACEAE,"Kochi, Ritha",,,,,,,,https://archive.bsi.gov.in/echoHerbarium-Details/en?link=CAL0000003535&column=szBarcode,BSI,SOURCE_ONLY,False,19,
PLANT-0023,Acacia senegal (L.) Willd.,Goradio-babul (Guj.),MIMOSACEAE,Goradio-babul (Guj.),,,,,,,,https://archive.bsi.gov.in/echoHerbarium-Details/en?link=CAL0000003534&column=szBarcode,BSI,SOURCE_ONLY,False,20,
PLANT-0024,Acacia sinuata (Lour.) Merr.; [ = A. concinna (Willd.) DC.],Chikakai; (Shikakai),MIMOSACEAE,Chikakai; (Shikakai),Ayurveda,,,Fruit,Climber,AF,,,NMPB,SOURCE_ONLY,False,,13
PLANT-0025,Acacia torta (Roxb.) Craib,Aila,MIMOSACEAE,Aila,,,,,,,,https://archive.bsi.gov.in/echoHerbarium-Details/en?link=CAL0000003536&column=szBarcode,BSI,SOURCE_ONLY,False,21,
PLANT-0026,Acalypha fruticosa Forsk.,Chinniaka (Tel.),EUPHORBIACEAE,Chinniaka (Tel.); Cinni,,,,Leaf,Shrub,FS,,https://archive.bsi.gov.in/echoHerbarium-Details/en?link=CAL0000008970&column=szBarcode,BSI+NMPB,HIGH,False,22,14
PLANT-0027,Acalypha indica L.,"Kuppi, Khokli",EUPHORBIACEAE,"Kuppi, Khokli; Khokali,; Arishtamanjari",Ayurveda,,,Whole Plant,Herb,AFHS,,https://archive.bsi.gov.in/echoHerbarium-Details/en?link=CAL0000008971&column=szBarcode,BSI+NMPB,HIGH,False,23,15
PLANT-0028,Acalypha racemosa Wall. ex Bailley,Valia-kuppameni (Finnish),EUPHORBIACEAE,Valia-kuppameni (Finnish),,,,,,,,https://archive.bsi.gov.in/echoHerbarium-Details/en?link=CAL0000008969&column=szBarcode,BSI,SOURCE_ONLY,False,24,
PLANT-0029,Acampe papillosa (Lindl.) Lindl.,Alasyakampa (Tel.),ORCHIDACEAE,Alasyakampa (Tel.),,,,,,,,https://archive.bsi.gov.in/echoHerbarium-Details/en?link=CAL0000003156&column=szBarcode,BSI,SOURCE_ONLY,False,25,
PLANT-0030,Acanthus illicifolius L.,Hargoza,ACANTHACEAE,Hargoza,,,,,,,,https://archive.bsi.gov.in/echoHerbarium-Details/en?link=CAL0000009055&column=szBarcode,BSI,SOURCE_ONLY,False,26,
PLANT-0031,Achillea millefolium L.,"Gandana, Roojamari (Kan.)",ASTERACEAE,"Gandana, Roojamari (Kan.); Brinjasif",,,,Fruit (Seed),Herb,HSUW,,https://archive.bsi.gov.in/echoHerbarium-Details/en?link=CAL0000013619&column=szBarcode,BSI+NMPB,HIGH,False,27,16
PLANT-0032,Achyranthes aspera L.,Latjira,AMARANTHACEAE,Latjira; Apamarga,Ayurveda,,,"Leaf, Fruit; (Seed),; Whole Plant",Herb,AFHSTU,Apamarga,https://archive.bsi.gov.in/echoHerbarium-Details/en?link=CAL0000008913&column=szBarcode,BSI+NMPB,HIGH,False,28,17
PLANT-0033,Achyranthes bidentata Blume,Apamarga (Assam),AMARANTHACEAE,Apamarga (Assam); Apamarga,Ayurveda,,,Whole Plant,Herb,AF,,https://archive.bsi.gov.in/echoHerbarium-Details/en?link=CAL0000008912&column=szBarcode,BSI+NMPB,HIGH,False,29,18
PLANT-0034,Aconitum balfourii Stapf,Gobari (West Nepal),RANUNCULACEAE,Gobari (West Nepal); Vatsnabha,Ayurveda,,,Root,Herb,A,,https://archive.bsi.gov.in/echoHerbarium-Details/en?link=CAL0000009929&column=szBarcode,BSI+NMPB,HIGH,False,30,19
PLANT-0035,Aconitum bisma (Buch. -Ham.) Rapaics,Bikhima,RANUNCULACEAE,Bikhima; Bikhma,Ayurveda,,,Root,Herb,AF,,https://archive.bsi.gov.in/echoHerbarium-Details/en?link=CAL0000009935&column=szBarcode,BSI+NMPB,HIGH,False,31,20
PLANT-0036,Aconitum chasmanthum Holmes ex Stapf,"Bisha, Ban-bal-nag (Kashmir)",RANUNCULACEAE,"Bisha, Ban-bal-nag (Kashmir); Vatsnabha; Vatsanabha",Ayurveda,,,Root,Herb,AH,Vatsanabha,https://archive.bsi.gov.in/echoHerbarium-Details/en?link=CAL0000009930&column=szBarcode,BSI+NMPB,HIGH,False,32,21
PLANT-0037,Aconitum deinorrhizum Stapf,Vatsnabha,RANUNCULACEAE,Vatsnabha,Ayurveda,,,Root,Herb,A,,,NMPB,SOURCE_ONLY,False,,22
PLANT-0038,Aconitum falconeri Stapf,Bis (Gharwal),RANUNCULACEAE,Bis (Gharwal); Vatsnabha,Ayurveda,,,Root,Herb,A,,https://archive.bsi.gov.in/echoHerbarium-Details/en?link=CAL0000009927&column=szBarcode,BSI+NMPB,HIGH,False,33,23
PLANT-0039,Aconitum ferox Wall. ex Ser.,"Vachhnag, Atis",RANUNCULACEAE,"Vachhnag, Atis",Ayurveda,,,Root,Herb,AFHSU,,,NMPB,SOURCE_ONLY,False,,24
PLANT-0040,Aconitum heterophyllum Wall. ex Royle,Atis,RANUNCULACEAE,"Atis; Atis, Aconite,; Ativish; Ativisa",Ayurveda,,,Root (Tuber),Herb,AFSTU,Ativisa,https://archive.bsi.gov.in/echoHerbarium-Details/en?link=CAL0000009938&column=szBarcode,BSI+NMPB,HIGH,False,34,25
PLANT-0041,Aconitum laciniatum (Bruhl) Stapf,Kalo bikhoma (Sikkim),RANUNCULACEAE,Kalo bikhoma (Sikkim); Kalo Bikhmo,,,,Root,Herb,F,,https://archive.bsi.gov.in/echoHerbarium-Details/en?link=CAL0000009933&column=szBarcode,BSI+NMPB,HIGH,False,35,26
PLANT-0042,Aconitum novoluridum Munz,Mahoor,RANUNCULACEAE,Mahoor,,,,,,,,https://archive.bsi.gov.in/echoHerbarium-Details/en?link=CAL0000009928&column=szBarcode,BSI,SOURCE_ONLY,False,36,
PLANT-0043,Aconitum spicatum (Bruhl) Stapf,Bikh or Bish (Nepal & Sikkim),RANUNCULACEAE,Bikh or Bish (Nepal & Sikkim); Bish,,,,Root,Herb,F,,https://archive.bsi.gov.in/echoHerbarium-Details/en?link=CAL0000009934&column=szBarcode,BSI+NMPB,HIGH,False,37,27
PLANT-0044,Aconitum violaceum Jacq. Ex Stapf,Tilia Kachang (Sutlej Basin),RANUNCULACEAE,Tilia Kachang (Sutlej Basin); Mitha Telia,,,,Root,Herb,F,,https://archive.bsi.gov.in/echoHerbarium-Details/en?link=CAL0000009931&column=szBarcode,BSI+NMPB,HIGH,False,38,28
PLANT-0045,Acorus calamus L.,"Bach, Gora-bach",ARACEAE,"Bach, Gora-bach; Vach, Vaj,; Calamus roots,; Vekhand; Vaca; Names",Ayurveda,,,Root; (Rhizome),Herb,AFSTUWTag **,Vaca; Names,https://archive.bsi.gov.in/echoHerbarium-Details/en?link=CAL0000003221&column=szBarcode,BSI+NMPB,HIGH,False,39,29
PLANT-0046,Acronychia pedunculata (L.) Miq.,Paowlay (Nepal),RUTACEAE,Paowlay (Nepal),,,,,,,,https://archive.bsi.gov.in/echoHerbarium-Details/en?link=CAL0000009965&column=szBarcode,BSI,SOURCE_ONLY,False,40,
PLANT-0047,Actaea spicata L.,Vishaphala (Kan.),RANUNCULACEAE,Vishaphala (Kan.),,,,,,,,https://archive.bsi.gov.in/echoHerbarium-Details/en?link=CAL0000009925&column=szBarcode,BSI,SOURCE_ONLY,False,41,
PLANT-0048,Actiniopteris dichotoma Mett.,Mayurpankhi,ACTINIOPTERI-,Mayurpankhi,Ayurveda,,,Whole Plant,Herb,AS,,,NMPB,SOURCE_ONLY,False,,30
PLANT-0049,Actiniopteris radiata(Swartz) Link,"Morpankhi, Morshikha (Local names)",ACTINIOPTERIDACEAE,"Morpankhi, Morshikha (Local names)",,,,,,,,https://archive.bsi.gov.in/echoHerbarium-Details/en?link=CAL0000003275&column=szBarcode,BSI,SOURCE_ONLY,False,42,
PLANT-0050,Actinodaphne hookeri Meissn.,Tudambo (Oriya),LAURACEAE,Tudambo (Oriya),,,,,,,,https://archive.bsi.gov.in/echoHerbarium-Details/en?link=CAL0000008845&column=szBarcode,BSI,SOURCE_ONLY,False,43,
PLANT-0051,Adansonia digitata L.,"Gorak, Amli",BOMBACACEAE,"Gorak, Amli; Gorakimli",Ayurveda,,,Fruit,Tree,AFSU,,https://archive.bsi.gov.in/echoHerbarium-Details/en?link=CAL0000003871&column=szBarcode,BSI+NMPB,HIGH,False,44,31
PLANT-0052,Adenanthera pavonia L.,"Barigumchi, Kunchandana (Sans.)",MIMOSACEAE,"Barigumchi, Kunchandana (Sans.)",,,,,,,,https://archive.bsi.gov.in/echoHerbarium-Details/en?link=CAL0000003924&column=szBarcode,BSI,SOURCE_ONLY,False,45,
PLANT-0053,Adenanthera pavonina L.,"Kamboji,; Tamaraka",MIMOSACEAE,"Kamboji,; Tamaraka",Ayurveda,,,Wood; (Heartwood),Tree,AFS,,,NMPB,SOURCE_ONLY,False,,32
PLANT-0054,Adenia hondala (Gaertn.) W.J. de Wilde,Vidari,PASSIFLORACEAE,Vidari,,,,Root (Tubers) AF,Climber,,,,NMPB,SOURCE_ONLY,False,,33
PLANT-0055,Adenia wightiana (Wall. ex Wight & Arn.) Engl.,Perumkorattaikodi (Tam.),PASSIFLORACEAE,Perumkorattaikodi (Tam.),,,,,,,,https://archive.bsi.gov.in/echoHerbarium-Details/en?link=CAL0000013800&column=szBarcode,BSI,SOURCE_ONLY,False,46,
PLANT-0056,Adenostemma lavenia (L.) Kuntze,Jangli-jira,ASTERACEAE,Jangli-jira,,,,,,,,https://archive.bsi.gov.in/echoHerbarium-Details/en?link=CAL0000013621&column=szBarcode,BSI,SOURCE_ONLY,False,47,
PLANT-0057,Adhatoda beddomei C.B.Clarke; [= Justicia beddomei (C.B.Clarke),Vasa,ACANTHACEAE,Vasa,Ayurveda,,,Leaf,Shrub,A,,,NMPB,SOURCE_ONLY,False,,34
PLANT-0058,Adhatoda zeylanica Medik.; [ = A. vasica Nees; Justicia adhatoda L.],Adusa,ACANTHACEAE,Adusa; Vasa,Ayurveda,,,Leaf,Shrub,AFHS,Vasa,,NMPB,SOURCE_ONLY,False,,35
PLANT-0059,Adiantum capillus-veneris L.,"Hansraj, Mubaraka",ADIANTACEAE,"Hansraj, Mubaraka; Hanraj,; Parshoshan",,,,"Whole Plant,; Leaf",Herb,FU,,https://archive.bsi.gov.in/echoHerbarium-Details/en?link=CAL0000003282&column=szBarcode,BSI+NMPB,HIGH,False,48,36
PLANT-0060,Adiantum caudatum L.,Mayurshikha (Sans.),ADIANTACEAE,Mayurshikha (Sans.),,,,,,,,https://archive.bsi.gov.in/echoHerbarium-Details/en?link=CAL0000003284&column=szBarcode,BSI,SOURCE_ONLY,False,49,
PLANT-0061,Adiantum philippense L.,Kalijhant,ADIANTACEAE,Kalijhant; Hansraj; Hamsapadi,Ayurveda,,,Whole Plant,Herb,AF,Hamsapadi,https://archive.bsi.gov.in/echoHerbarium-Details/en?link=CAL0000003285&column=szBarcode,BSI+NMPB,HIGH,False,50,37
PLANT-0062,Adiantum venustum D.Don,Mayir sikki (Tam.),ADIANTACEAE,Mayir sikki (Tam.); Hansraj,,,,Whole Plant,Herb,F,,https://archive.bsi.gov.in/echoHerbarium-Details/en?link=CAL0000003279&column=szBarcode,BSI+NMPB,HIGH,False,51,38
PLANT-0063,Adonis aestivalis L.,Summer Pheasant's Eye (Eng.),RANUNCULACEAE,Summer Pheasant's Eye (Eng.),,,,,,,,https://archive.bsi.gov.in/echoHerbarium-Details/en?link=CAL0000009952&column=szBarcode,BSI,SOURCE_ONLY,False,52,
PLANT-0064,Aegle marmelos (L.) Corr.,Bel,RUTACEAE,"Bel; Bael, Belgiri,; Bilva, Vilvam; Bilva",Ayurveda,,,"Leaf, Fruit,; Bark (Root,; Stem)",Tree,AFHSTU,Bilva,https://archive.bsi.gov.in/echoHerbarium-Details/en?link=CAL0000013488&column=szBarcode,BSI+NMPB,HIGH,False,53,39
PLANT-0065,Aerva javanica (Burm.f.) Juss. ex Schult.,Bur (Guj.),AMARANTHACEAE,Bur (Guj.),,,,,,,,https://archive.bsi.gov.in/echoHerbarium-Details/en?link=CAL0000008910&column=szBarcode,BSI,SOURCE_ONLY,False,54,
PLANT-0066,Aerva lanata (L.) Juss.,"Gorakhganja, Chaya (Beng.)",AMARANTHACEAE,"Gorakhganja, Chaya (Beng.); Cheroola; Pattura",Ayurveda,,,Whole Plant,Herb,AFS,Pattura,https://archive.bsi.gov.in/echoHerbarium-Details/en?link=CAL0000008911&column=szBarcode,BSI+NMPB,HIGH,False,55,40
PLANT-0067,Aesculus indica Colebr. ex Camb.,Pangar,HIPPOCASTANACEAE,"Pangar; Indian Horse; Chesnut,; Bankhor; pangar",,,,"Fruit (Fruit,; Seed)",Tree,F,,https://archive.bsi.gov.in/echoHerbarium-Details/en?link=CAL0000003574&column=szBarcode,BSI+NMPB,HIGH,False,56,41
PLANT-0068,Aganosma caryophyllata G.Don,Maalati,APOCYNACEAE,Maalati,,,,,,,,https://archive.bsi.gov.in/echoHerbarium-Details/en?link=CAL0000009282&column=szBarcode,BSI,SOURCE_ONLY,False,57,
PLANT-0069,Agave americana Blanco,"Bans-keora, Kantala",AMARYLLIDACEAE,"Bans-keora, Kantala",,,,,,,,https://archive.bsi.gov.in/echoHerbarium-Details/en?link=CAL0000003118&column=szBarcode,BSI,SOURCE_ONLY,False,58,
PLANT-0070,Agave angustifolia Haw.,Kantala (Sans.),AMARYLLIDACEAE,Kantala (Sans.),,,,,,,,https://archive.bsi.gov.in/echoHerbarium-Details/en?link=CAL0000003123&column=szBarcode,BSI,SOURCE_ONLY,False,60,
PLANT-0071,Agave sisalana Perr. ex Engelm.,Sisal (Eng.),AMARYLLIDACEAE,Sisal (Eng.),,,,,,,,https://archive.bsi.gov.in/echoHerbarium-Details/en?link=CAL0000003120&column=szBarcode,BSI,SOURCE_ONLY,False,61,
PLANT-0072,Ageratum conyzoides L.,Uchunti (Beng.),ASTERACEAE,"Uchunti (Beng.); Visamustih,; Goat weed,; Visadodi",Ayurveda,,,Whole Plant,Herb,AFS,,https://archive.bsi.gov.in/echoHerbarium-Details/en?link=CAL0000013622&column=szBarcode,BSI+NMPB,HIGH,False,62,42
PLANT-0073,Aglaia elaeagnoidea (Juss.) Benth.,"Gandha priyangu, Yerraaduga (Tel.)",MELIACEAE,"Gandha priyangu, Yerraaduga (Tel.); Priyangu; Names",Ayurveda,,,Fruit,Tree,AFTag **,Names,https://archive.bsi.gov.in/echoHerbarium-Details/en?link=CAL0000009897&column=szBarcode,BSI+NMPB,HIGH,False,63,43
PLANT-0074,Aglaia odorata Lour.,"Pishthparni,; Pithavan",MELIACEAE,"Pishthparni,; Pithavan",,,,Leaf,Tree,F,,,NMPB,SOURCE_ONLY,False,,44
PLANT-0075,Agropyron repens (L.) Beauv.,"Couch grass, Dog grass (Eng.)",POACEAE,"Couch grass, Dog grass (Eng.)",,,,,,,,https://archive.bsi.gov.in/echoHerbarium-Details/en?link=CAL0000003184&column=szBarcode,BSI,SOURCE_ONLY,False,64,
PLANT-0076,Ailanthus altissima (Mill.) Swingle,Tree of Heaven (Eng.),SIMAROUBACEAE,Tree of Heaven (Eng.),,,,,,,,https://archive.bsi.gov.in/echoHerbarium-Details/en?link=CAL0000013486&column=szBarcode,BSI,SOURCE_ONLY,False,65,
PLANT-0077,Ailanthus excelsa Roxb.,"Arlu, Maruk",SIMAROUBACEAE,"Arlu, Maruk; Aralu; Araluka",Ayurveda,,,Root,Tree,AFS,Araluka,https://archive.bsi.gov.in/echoHerbarium-Details/en?link=CAL0000013484&column=szBarcode,BSI+NMPB,HIGH,False,66,45
PLANT-0078,Ailanthus triphysa (Dennst.) Alston,Guggul Dhup,SIMAROUBACEAE,Guggul Dhup; Guggula Dhup,Ayurveda,,,Bark (Stem),Tree,AF,,https://archive.bsi.gov.in/echoHerbarium-Details/en?link=CAL0000013482&column=szBarcode,BSI+NMPB,HIGH,False,67,46
PLANT-0079,Ainsliaea aptera DC.,Sathjalani,ASTERACEAE,Sathjalani,,,,Root,Herb,F,,,NMPB,SOURCE_ONLY,False,,47
PLANT-0080,Ajuga bracteosa Wall. ex Benth.,Nilkanthi (Sans.),LAMIACEAE,Nilkanthi (Sans.); Nilkanti,,,,Whole Plant,Herb,F,,https://archive.bsi.gov.in/echoHerbarium-Details/en?link=CAL0000008885&column=szBarcode,BSI+NMPB,HIGH,False,68,48
PLANT-0081,Alangium salvifolium (L.f.) Wang.,"Akola, Dhera",ALANGIACEAE,"Akola, Dhera; Ankodah,; Dirghakilaka; Ankolah",Ayurveda,,,"Leaf, Root",Tree,AFST,Ankolah,https://archive.bsi.gov.in/echoHerbarium-Details/en?link=CAL0000013767&column=szBarcode,BSI+NMPB,HIGH,False,69,49
PLANT-0082,Albizia amara (Roxb.) Boivin,Krishnasirish,MIMOSACEAE,Krishnasirish,Ayurveda,,,Leaf,Tree,AFS,,,NMPB,SOURCE_ONLY,False,,50
PLANT-0083,Albizia lebbeck (L.) Benth.,"Vaakaveru,; Shirish",MIMOSACEAE,"Vaakaveru,; Shirish; Sirisa",Ayurveda,,,"Leaf, Bark; (Stem)",Tree,AFSU,Sirisa,,NMPB,SOURCE_ONLY,False,,51
PLANT-0084,Albizia marginata Merr.,Sirisah,MIMOSACEAE,Sirisah,Ayurveda,,,Bark (Stem),Tree,A,,,NMPB,SOURCE_ONLY,False,,52
PLANT-0085,Albizia odoratissima (L.f.) Benth.,Sirisa,MIMOSACEAE,Sirisa,Ayurveda,,,Bark (Stem),Tree,AFS,,,NMPB,SOURCE_ONLY,False,,53
PLANT-0086,Albizzia amara (Roxb.) Boivin,Lallei (Mar.),MIMOSACEAE,Lallei (Mar.),,,,,,,,https://archive.bsi.gov.in/echoHerbarium-Details/en?link=CAL0000003553&column=szBarcode,BSI,SOURCE_ONLY,False,70,
PLANT-0087,Albizzia lebbeck (L.) Willd.,Siris,MIMOSACEAE,Siris,,,,,,,,https://archive.bsi.gov.in/echoHerbarium-Details/en?link=CAL0000003552&column=szBarcode,BSI,SOURCE_ONLY,False,71,
PLANT-0088,Albizzia odoratissima (L.f.) Benth.,Kala siris,MIMOSACEAE,Kala siris,,,,,,,,https://archive.bsi.gov.in/echoHerbarium-Details/en?link=CAL0000003557&column=szBarcode,BSI,SOURCE_ONLY,False,72,
PLANT-0089,Aleurites mollucana Willd.,Candle Nut Tree (Eng.),EUPHORBIACEAE,Candle Nut Tree (Eng.),,,,,,,,https://archive.bsi.gov.in/echoHerbarium-Details/en?link=CAL0000008968&column=szBarcode,BSI,SOURCE_ONLY,False,73,
PLANT-0090,Alhagi pseudalhagi (M.Bieb.) Desv.,"Durlabha,; Yavasaka",FABACEAE,"Durlabha,; Yavasaka; Yavasaka",Ayurveda,,,Whole Plant,Shrub,ASTU,Yavasaka,,NMPB,SOURCE_ONLY,False,,54
PLANT-0091,Alhagi pseudoalhagi (Bieb.) Desv.,"Bharbharra, Jawasa",FABACEAE,"Bharbharra, Jawasa",,,,,,,,https://archive.bsi.gov.in/echoHerbarium-Details/en?link=CAL0000003686&column=szBarcode,BSI,SOURCE_ONLY,False,74,
PLANT-0092,Allamanda cathartica L.,Harkakra (Beng.),APOCYNACEAE,Harkakra (Beng.),,,,,,,,https://archive.bsi.gov.in/echoHerbarium-Details/en?link=CAL0000009265%20%20%20%20%20%20%20%20%20%20%20%20%20%20%20%20%20%20%20%20%20%20%20%20%20%20%20%20%20%20%20%20%20%20%20%20%20%20%20%20%20%20%20%20%20%20%20%20%20%20%20%20%20%20%20%20%20%20%20%20%20%20%20%20%20%20%20%20%20%20%20%20%20%20%20%20%20%20%20%20%20%20%20%20%20%20%20%20%20%20%20%20%20%20%20%20%20%20%20%20%20%20%20%20%20%20%20%20%20%20%20%20%20%20%20%20%20%20%20%20%20%20%20%20%20%20%20&column=szBarcode,BSI,SOURCE_ONLY,False,76,
PLANT-0093,Allium ampeloprasum L.,"Leek,; Levant garlic",LILIACEAE,"Leek,; Levant garlic",,,,Root; (Bulb),Herb,FW,,,NMPB,SOURCE_ONLY,False,,55
PLANT-0094,Allium cepa L.,Piyaz,LILIACEAE,Piyaz; Onion,Ayurveda,,,Root (Bulb),Herb,AFHS-TUW,,https://archive.bsi.gov.in/echoHerbarium-Details/en?link=CAL0000003095&column=szBarcode,BSI+NMPB,HIGH,False,77,56
PLANT-0095,Allium macleanii Baker,Salabmisri,LILIACEAE,Salabmisri,,,,,,,,https://archive.bsi.gov.in/echoHerbarium-Details/en?link=CAL0000003093&column=szBarcode,BSI,SOURCE_ONLY,False,78,
PLANT-0096,Allium sativum L.,"Lasan,; Velathulli",LILIACEAE,"Lasan,; Velathulli; Lasuna",Ayurveda,,,Root,Herb,AFHS-TUW,Lasuna,,NMPB,SOURCE_ONLY,False,,57
PLANT-0097,Allium stracheyi Baker,Jambu,LILIACEAE,Jambu,Ayurveda,,,Root,Herb,A,,,NMPB,SOURCE_ONLY,False,,58
PLANT-0098,Alnus nepalensis D.Don,Utis,BETULACEAE,Utis,,,,,,,,https://archive.bsi.gov.in/echoHerbarium-Details/en?link=CAL0000008926&column=szBarcode,BSI,SOURCE_ONLY,False,79,
PLANT-0099,Alnus nitida Endl.,Utis,BETULACEAE,Utis,,,,,,,,https://archive.bsi.gov.in/echoHerbarium-Details/en?link=CAL0000008927&column=szBarcode,BSI,SOURCE_ONLY,False,80,
PLANT-0100,Alocasia macrorrhizos (L.) G.Don,Boro mankachu (Assam),ARACEAE,Boro mankachu (Assam),,,,,,,,https://archive.bsi.gov.in/echoHerbarium-Details/en?link=CAL0000003214&column=szBarcode,BSI,SOURCE_ONLY,False,81,
PLANT-0101,Aloe barbadensis Mill.; [ = A. vera (L.) Burm.f.],"Ghikanvar,; Kumari",LILIACEAE,"Ghikanvar,; Kumari; Kanyasara",Ayurveda,,,Leaf,Herb,AFSTUW,Kanyasara,,NMPB,SOURCE_ONLY,False,,59
PLANT-0102,Aloe vera (L.) Burm.f.,Ghee-kunvar,LILIACEAE,Ghee-kunvar,,,,,,,,https://archive.bsi.gov.in/echoHerbarium-Details/en?link=CAL0000003086&column=szBarcode,BSI,SOURCE_ONLY,False,82,
PLANT-0103,Aloysia triphylla (L'Herit) Britton,Aloysia triphylla (Eng.),VERBENACEAE,Aloysia triphylla (Eng.),,,,,,,,https://archive.bsi.gov.in/echoHerbarium-Details/en?link=CAL0000013195&column=szBarcode,BSI,SOURCE_ONLY,False,83,
PLANT-0104,Alpinia calcarata (Haw.) Roscoe,"Chittaratha,; Aratha",ZINGIBERACEAE,"Chittaratha,; Aratha",Ayurveda,,,Root; (Rhizome),Herb,A,,,NMPB,SOURCE_ONLY,False,,60
PLANT-0105,Alpinia galanga (L.) Willd.,"Kulanjan, Barakulanjan",ZINGIBERACEAE,"Kulanjan, Barakulanjan; Kulinjan,; Rasnamool,; Koshtakulinjan; Kulanjan; Names",Ayurveda,,,Root; (Rhizome),Herb,AFSUTag **,Kulanjan; Names,https://archive.bsi.gov.in/echoHerbarium-Details/en?link=CAL0000003138&column=szBarcode,BSI+NMPB,HIGH,False,84,61
PLANT-0106,Alpinia nigra (Gaertn.) B.L.Burtt,Gong (Local name),ZINGIBERACEAE,Gong (Local name),,,,,,,,https://archive.bsi.gov.in/echoHerbarium-Details/en?link=CAL0000003140&column=szBarcode,BSI,SOURCE_ONLY,False,85,
PLANT-0107,Alpinia officinarum Hance,Khulinjan,ZINGIBERACEAE,Khulinjan,Ayurveda,,,Root; (Rhizome),Herb,ASU,,,NMPB,SOURCE_ONLY,False,,62
PLANT-0108,Alstonia scholaris (L.) R.Br.,"Chatium, Chattiyan",APOCYNACEAE,"Chatium, Chattiyan; Saptaparnachal; (Satveen); Saptaparna",Ayurveda,,,Bark (Stem),Tree,AFHSTU,Saptaparna,https://archive.bsi.gov.in/echoHerbarium-Details/en?link=CAL0000009268&column=szBarcode,BSI+NMPB,HIGH,False,86,63
PLANT-0109,Alstonia venenata R.Br.,Pazha Munnipala (Tam.),APOCYNACEAE,"Pazha Munnipala (Tam.); Anadana,; Raja - adana",Ayurveda,,,"Bark (Stem),; Fruit",Shrub,AF,,https://archive.bsi.gov.in/echoHerbarium-Details/en?link=CAL0000009270&column=szBarcode,BSI+NMPB,HIGH,False,87,64
PLANT-0110,Alternanthera sessilis (L.) R.Br. ex. DC.,"Gudari sag, Giojihra (Sans.)",AMARANTHACEAE,"Gudari sag, Giojihra (Sans.); Ponnanganni; Matsyaki",Ayurveda,,,Whole Plant,Herb,AFST,Matsyaki,https://archive.bsi.gov.in/echoHerbarium-Details/en?link=CAL0000008914&column=szBarcode,BSI+NMPB,HIGH,False,88,65
PLANT-0111,Althaea officinalis L.,Marsh Mallow (Eng.),MALVACEAE,"Marsh Mallow (Eng.); Khatmi,; Resha-Khatami,; Shilaras; Khatmi",Ayurveda,,,Root,Herb,AFSU,Khatmi,https://archive.bsi.gov.in/echoHerbarium-Details/en?link=CAL0000003901&column=szBarcode,BSI+NMPB,HIGH,False,89,66
PLANT-0112,Althaea rosea (L.) Cav.,Holly-Hock (Eng.),MALVACEAE,Holly-Hock (Eng.),,,,,,,,https://archive.bsi.gov.in/echoHerbarium-Details/en?link=CAL0000003900&column=szBarcode,BSI,SOURCE_ONLY,False,90,
PLANT-0113,Altingia excelsa Noronha,Silaras,HAMAMELIDACEAE,Silaras,Ayurveda,,,Resin,Tree,AFSU,,https://archive.bsi.gov.in/echoHerbarium-Details/en?link=CAL0000013710&column=szBarcode,BSI+NMPB,HIGH,False,91,67
PLANT-0114,Alysicarpus longifolius (Rottler ex Spreng.) Wight & Arn.,Longleaf Alyce Clover (Eng.),FABACEAE,Longleaf Alyce Clover (Eng.),,,,,,,,https://archive.bsi.gov.in/echoHerbarium-Details/en?link=CAL0000003666&column=szBarcode,BSI,SOURCE_ONLY,False,92,
PLANT-0115,Alysicarpus vaginalis (L.) DC.,"Chauli, Sauri",FABACEAE,"Chauli, Sauri",,,,,,,,https://archive.bsi.gov.in/echoHerbarium-Details/en?link=CAL0000003667&column=szBarcode,BSI,SOURCE_ONLY,False,93,
PLANT-0116,Amaranthus caudatus L.,Ram dana,AMARANTHACEAE,Ram dana,,,,,,,,https://archive.bsi.gov.in/echoHerbarium-Details/en?link=CAL0000008916&column=szBarcode,BSI,SOURCE_ONLY,False,97,
PLANT-0117,Amaranthus lividus L.,"Sada natya, Van natya",AMARANTHACEAE,"Sada natya, Van natya",,,,,,,,https://archive.bsi.gov.in/echoHerbarium-Details/en?link=CAL0000008840&column=szBarcode,BSI,SOURCE_ONLY,False,94,
PLANT-0118,Amaranthus paniculatus L.,"Chaulai,; Ramdana",AMARANTHACEAE,"Chaulai,; Ramdana",Ayurveda,,,Fruit (Seed),Herb,AS,,,NMPB,SOURCE_ONLY,False,,68
PLANT-0119,Amaranthus spinosus L.,Kataili chaulai,AMARANTHACEAE,"Kataili chaulai; Cholai,; Bhandira",Ayurveda,,,Root,Herb,AFST,,https://archive.bsi.gov.in/echoHerbarium-Details/en?link=CAL0000008915&column=szBarcode,BSI+NMPB,HIGH,False,98,69
PLANT-0120,Amaranthus tricolor L.,"Lal sag, Chaulai sag",AMARANTHACEAE,"Lal sag, Chaulai sag; Lal sag,; Alpamarisa; Ramasitalika",Ayurveda,,,Fruit (Seed),Herb,AS,Ramasitalika,https://archive.bsi.gov.in/echoHerbarium-Details/en?link=CAL0000008838&column=szBarcode,BSI+NMPB,HIGH,False,95,70
PLANT-0121,Amaranthus viridis L.,Tanduliya (Sans.),AMARANTHACEAE,Tanduliya (Sans.),,,,,,,,https://archive.bsi.gov.in/echoHerbarium-Details/en?link=CAL0000008841&column=szBarcode,BSI,SOURCE_ONLY,False,96,
PLANT-0122,Ambroma augusta (L.) L.f.,Ulatkambal,STERCULIACEAE,Ulatkambal,Ayurveda,,,Root (Tuber),Shrub,AFH,,,NMPB,SOURCE_ONLY,False,,71
PLANT-0123,Ammania auriculata Willd.,Jangli Mehndi,LYTHRACEAE,Jangli Mehndi,,,,,,,,https://archive.bsi.gov.in/echoHerbarium-Details/en?link=CAL0000013793&column=szBarcode,BSI,SOURCE_ONLY,False,99,
PLANT-0124,Ammania baccifera L.,Dadmari,LYTHRACEAE,Dadmari,,,,,,,,https://archive.bsi.gov.in/echoHerbarium-Details/en?link=CAL0000013791&column=szBarcode,BSI,SOURCE_ONLY,False,100,
PLANT-0125,Ammannia baccifera L.,Kurand ghas,LYTHRACEAE,Kurand ghas,Ayurveda,,,Whole Plant,Herb,AS,,,NMPB,SOURCE_ONLY,False,,72
PLANT-0126,Ammi majus L.,Ammi,APIACEAE,Ammi,,,,Fruit,Herb,FW,,,NMPB,SOURCE_ONLY,False,,73
PLANT-0127,Ammi visnaga (L.) Lam.,Toothpick plant (Eng.),APIACEAE,Toothpick plant (Eng.),,,,,,,,https://archive.bsi.gov.in/echoHerbarium-Details/en?link=CAL0000013755&column=szBarcode,BSI,SOURCE_ONLY,False,101,
PLANT-0128,Amomum aromaticum Roxb.,Morang elaichi,ZINGIBERACEAE,"Morang elaichi; Bengal; cardamom,; Brhdela",Ayurveda,,,Fruit,Herb,A,,https://archive.bsi.gov.in/echoHerbarium-Details/en?link=CAL0000003152&column=szBarcode,BSI+NMPB,HIGH,False,102,74
PLANT-0129,Amomum kepulaga Sprague,Elachi,ZINGIBERACEAE,Elachi,,,,Fruit (Seed),Herb,F,,,NMPB,SOURCE_ONLY,False,,75
PLANT-0130,Amomum subulatum Roxb.,"Bari elachi, Baara aliach (Beng.)",ZINGIBERACEAE,"Bari elachi, Baara aliach (Beng.); Elachi Badi; Sthulaela; Names",Ayurveda,,,Fruit (Seed); Tag **,Herb,AFSTU,Sthulaela; Names,https://archive.bsi.gov.in/echoHerbarium-Details/en?link=CAL0000003153&column=szBarcode,BSI+NMPB,HIGH,False,103,76
PLANT-0131,Amorphophallus dubius Blume,Surom (subs.) Herb,ARACEAE,Surom (subs.) Herb,,,,F,W,,,,NMPB,SOURCE_ONLY,False,,77
PLANT-0132,Amorphophallus paeoniifolius (Dennst.) Nicolson,"Suranakanda, Jamikanda",ARACEAE,"Suranakanda, Jamikanda; Arsghna, Herb; Surankand,; Zaminkand; Surana",,,,AFSU,C/W,,Surana,https://archive.bsi.gov.in/echoHerbarium-Details/en?link=CAL0000003223&column=szBarcode,BSI+NMPB,HIGH,False,104,78
PLANT-0133,Amorphophallus sylvaticus (Roxb.),Tubers Herb,ARACEAE,Tubers Herb,,,,AFS,W,,,,NMPB,SOURCE_ONLY,False,,79
PLANT-0134,Ampelocissus areneosa (Laws.) Planch.,Kauraj,VITACEAE,Kauraj,,,,,,,,https://archive.bsi.gov.in/echoHerbarium-Details/en?link=CAL0000003612&column=szBarcode,BSI,SOURCE_ONLY,False,105,
PLANT-0135,Ampelocissus arnottiana (Wight & Arn.) Planch.,Jangli-angur,VITACEAE,Jangli-angur,,,,,,,,https://archive.bsi.gov.in/echoHerbarium-Details/en?link=CAL0000003613&column=szBarcode,BSI,SOURCE_ONLY,False,106,
PLANT-0136,Ampelocissus latifolia (Roxb.) Planch.,Panibel,VITACEAE,Panibel,,,,,,,,https://archive.bsi.gov.in/echoHerbarium-Details/en?link=CAL0000003610&column=szBarcode,BSI,SOURCE_ONLY,False,107,
PLANT-0137,Ampelocissus tomentosa (Roth) Planch.,Atukulabadda (Tel.),VITACEAE,Atukulabadda (Tel.),,,,,,,,https://archive.bsi.gov.in/echoHerbarium-Details/en?link=CAL0000003611&column=szBarcode,BSI,SOURCE_ONLY,False,108,
PLANT-0138,Anacardium occidentale L.,Kaju,ANACARDIACEAE,Kaju; Kaju Tree,,,,AFHS,C,,,https://archive.bsi.gov.in/echoHerbarium-Details/en?link=CAL0000003570&column=szBarcode,BSI+NMPB,HIGH,False,109,80
PLANT-0139,Anacyclus pyrethrum (L.) Cass.,Akarkara Herb,ASTERACEAE,Akarkara Herb; Akarakarabha,,,,ASU,I,,Akarakarabha,,NMPB,SOURCE_ONLY,False,,81
PLANT-0140,Anagallis arvensis L.,Jonkmari,PRIMULACEAE,Jonkmari,,,,,,,,https://archive.bsi.gov.in/echoHerbarium-Details/en?link=CAL0000009231&column=szBarcode,BSI,SOURCE_ONLY,False,110,
PLANT-0141,Anamirta cocculus (L.) Wight & Arn.,Rakthala Climber,MENISPERMACEAE,Rakthala Climber,,,,AFHSUW,W,,,,NMPB,SOURCE_ONLY,False,,82
PLANT-0142,Anamitra cocculus Wight & Arn.,Kakamari (Sans.),MENISPERMACEAE,Kakamari (Sans.),,,,,,,,https://archive.bsi.gov.in/echoHerbarium-Details/en?link=CAL0000013995&column=szBarcode,BSI,SOURCE_ONLY,False,111,
PLANT-0143,Ananas comosus (L.) Merr.,Kazudhachakka (Mal.),BROMELIACEAE,Kazudhachakka (Mal.),,,,,,,,https://archive.bsi.gov.in/echoHerbarium-Details/en?link=CAL0000003133&column=szBarcode,BSI,SOURCE_ONLY,False,112,
PLANT-0144,Anaphalis neelgerryana DC.,Raktaskandana (Sans.),ASTERACEAE,Raktaskandana (Sans.),,,,,,,,https://archive.bsi.gov.in/echoHerbarium-Details/en?link=CAL0000013623&column=szBarcode,BSI,SOURCE_ONLY,False,113,
PLANT-0145,Anchusa strigosa Labill.,Gaozaban Herb; (subs.),BORAGINACEAE,Gaozaban Herb; (subs.),,,,A,I,,,,NMPB,SOURCE_ONLY,False,,83
PLANT-0146,Andrographis echinoides (L.) Nees,Birkubat,ACANTHACEAE,Birkubat,,,,,,,,https://archive.bsi.gov.in/echoHerbarium-Details/en?link=CAL0000009045&column=szBarcode,BSI,SOURCE_ONLY,False,114,
PLANT-0147,Andrographis paniculata (Burm.) Wall. ex Nees,Kirayat,ACANTHACEAE,Kirayat; Kalmegh Herb,,,,AFHSUW,W/C,,,https://archive.bsi.gov.in/echoHerbarium-Details/en?link=CAL0000009046&column=szBarcode,BSI+NMPB,HIGH,False,115,84
PLANT-0148,Andropogon sorghum (L.) Brot.,Kafir (Eng.),POACEAE,Kafir (Eng.),,,,,,,,https://archive.bsi.gov.in/echoHerbarium-Details/en?link=CAL0000003169&column=szBarcode,BSI,SOURCE_ONLY,False,116,
PLANT-0149,Anemone narcissiflora L.,Narcissus anemone (Eng.),RANUNCULACEAE,Narcissus anemone (Eng.),,,,,,,,https://archive.bsi.gov.in/echoHerbarium-Details/en?link=CAL0000009954&column=szBarcode,BSI,SOURCE_ONLY,False,117,
PLANT-0150,Anemone obtusiloba D. Don,Ageli (Jaunsar),RANUNCULACEAE,Ageli (Jaunsar),,,,,,,,https://archive.bsi.gov.in/echoHerbarium-Details/en?link=CAL0000009953&column=szBarcode,BSI,SOURCE_ONLY,False,118,
PLANT-0151,Anethum graveolens L.; [ = A.sowa Roxb. ex Flem.],Sowa Herb,APIACEAE,Sowa Herb; Satahva,,,,AF,C,,Satahva,,NMPB,SOURCE_ONLY,False,,85
PLANT-0152,Angelica archangelica L.,Garden Angelica (Eng.),APIACEAE,"Garden Angelica (Eng.); Conda, Angelica Herb; Canda",,,,AW,W,,Canda,https://archive.bsi.gov.in/echoHerbarium-Details/en?link=CAL0000013750&column=szBarcode,BSI+NMPB,HIGH,False,119,86
PLANT-0153,Angelica glauca Edgew.,"Chuara, Choru Herb",APIACEAE,"Chuara, Choru Herb; Corakah",,,,AT,W,,Corakah,,NMPB,SOURCE_ONLY,False,,87
PLANT-0154,Aniseia martinicensis (Jacq.) Choisy.,Potupala (Sinhalese),CONVOLVULACEAE,Potupala (Sinhalese),,,,,,,,https://archive.bsi.gov.in/echoHerbarium-Details/en?link=CAL0000009822&column=szBarcode,BSI,SOURCE_ONLY,False,120,
PLANT-0155,Anisochilus carnosus (Linn.f.) Wall.,Ajapada (Sans.),LAMIACEAE,Ajapada (Sans.),,,,,,,,https://archive.bsi.gov.in/echoHerbarium-Details/en?link=CAL0000008901&column=szBarcode,BSI,SOURCE_ONLY,False,121,
PLANT-0156,Anisomeles indica (L.) Kuntze,Gobura,LAMIACEAE,Gobura,,,,,,,,https://archive.bsi.gov.in/echoHerbarium-Details/en?link=CAL0000008891&column=szBarcode,BSI,SOURCE_ONLY,False,122,
PLANT-0157,Anisomeles malabarica (L.) R.Br.,Chodhara (Mar.),LAMIACEAE,Chodhara (Mar.); Karimthumpa Shrub,,,,AFS,W,,,https://archive.bsi.gov.in/echoHerbarium-Details/en?link=CAL0000008890&column=szBarcode,BSI+NMPB,HIGH,False,123,88
PLANT-0158,Annona muricata L.,Mamphal (Mar.),ANNONACEAE,Mamphal (Mar.),,,,,,,,https://archive.bsi.gov.in/echoHerbarium-Details/en?link=CAL0000009917&column=szBarcode,BSI,SOURCE_ONLY,False,124,
PLANT-0159,Annona reticulata L.,Nona (Beng.),ANNONACEAE,Nona (Beng.),,,,,,,,https://archive.bsi.gov.in/echoHerbarium-Details/en?link=CAL0000009916&column=szBarcode,BSI,SOURCE_ONLY,False,125,
PLANT-0160,Annona squamosa L.,Sharifa,ANNONACEAE,Sharifa,,,,,,,,https://archive.bsi.gov.in/echoHerbarium-Details/en?link=CAL0000009918&column=szBarcode,BSI,SOURCE_ONLY,False,126,
PLANT-0161,Anodendron paniculatum A.DC.,Kavali (Mar.),APOCYNACEAE,"Kavali (Mar.); Sarakkodi, Climber; Kavali",,,,F,W,,,https://archive.bsi.gov.in/echoHerbarium-Details/en?link=CAL0000009278&column=szBarcode,BSI+NMPB,HIGH,False,127,89
PLANT-0162,Anogeissus latifolia (Roxb. ex. DC.) Wall. ex. Guill. &,"Dhawa, Dhaura",COMBRETACEAE,"Dhawa, Dhaura; Dhawada Tree",,,,AFSTU,W,,,https://archive.bsi.gov.in/echoHerbarium-Details/en?link=CAL0000013715&column=szBarcode,BSI+NMPB,HIGH,False,128,90
PLANT-0163,Anthemis cotula L.,Dog-fennel (Eng.),ASTERACEAE,Dog-fennel (Eng.),,,,,,,,https://archive.bsi.gov.in/echoHerbarium-Details/en?link=CAL0000013624&column=szBarcode,BSI,SOURCE_ONLY,False,129,
PLANT-0164,Anthemis nobilis L.,Roman Chamomile (Eng.),ASTERACEAE,"Roman Chamomile (Eng.); Babuna, Herb; Gulbabuna; Names",,,,HSU,C/W,Tag **,Names,https://archive.bsi.gov.in/echoHerbarium-Details/en?link=CAL0000013625&column=szBarcode,BSI+NMPB,HIGH,False,130,91
PLANT-0165,Anthocephalus cadamba (Roxb.)Miq.,Kadam,RUBIACEAE,Kadam; Kadamba,Ayurveda,,,"Bark (Stem),; Root",Tree,AS,Kadamba,,NMPB,SOURCE_ONLY,False,,92
PLANT-0166,Anthoxanthum odoratum L.,Sweet Vernal Grass (Eng.),POACEAE,Sweet Vernal Grass (Eng.),,,,,,,,https://archive.bsi.gov.in/echoHerbarium-Details/en?link=CAL0000003909&column=szBarcode,BSI,SOURCE_ONLY,False,131,
PLANT-0167,Anthriscus cerefolium Hoffm.,French Parsley (Eng.),APIACEAE,French Parsley (Eng.),,,,,,,,https://archive.bsi.gov.in/echoHerbarium-Details/en?link=CAL0000013985&column=szBarcode,BSI,SOURCE_ONLY,False,132,
PLANT-0168,Antiaris toxicaria (Pers.) Lesch.,Karwat (Mar.),MORACEAE,Karwat (Mar.),,,,,,,,https://archive.bsi.gov.in/echoHerbarium-Details/en?link=CAL0000009771&column=szBarcode,BSI,SOURCE_ONLY,False,133,
PLANT-0169,Antidesma bunius Spreng.,Amati (Mar.),EUPHORBIACEAE,Amati (Mar.),,,,,,,,https://archive.bsi.gov.in/echoHerbarium-Details/en?link=CAL0000008989&column=szBarcode,BSI,SOURCE_ONLY,False,134,
PLANT-0170,Apama siliquosa Lam.,Kuravankanda (Local name),ARISTOLOCHIACEAE,Kuravankanda (Local name),,,,,,,,https://archive.bsi.gov.in/echoHerbarium-Details/en?link=CAL0000008875&column=szBarcode,BSI,SOURCE_ONLY,False,135,
PLANT-0171,Aphanamixis polystachya (Wall.) R.Parker,Harin-harra,MELIACEAE,"Harin-harra; Rakta Rohida,; Rohitak",Ayurveda,,,Bark (Stem),Tree,AHS,,https://archive.bsi.gov.in/echoHerbarium-Details/en?link=CAL0000009887&column=szBarcode,BSI+NMPB,HIGH,False,136,93
PLANT-0172,Aphananthe cuspidata (Blume) Planch.,Peenari,ULMACEAE,Peenari,,,,"Bark (Stem),; Gum",Tree,F,,,NMPB,SOURCE_ONLY,False,,94
PLANT-0173,Apium graveolens L.,"Shalari, Ajmud",APIACEAE,"Shalari, Ajmud; Ajmoda, Celery",Ayurveda,,,Fruit,Herb,AHSTU,,https://archive.bsi.gov.in/echoHerbarium-Details/en?link=CAL0000013759&column=szBarcode,BSI+NMPB,HIGH,False,137,95
PLANT-0174,Aquilaria agallocha Roxb.,"Agar kala, Akil",THYMELAEACEAE,"Agar kala, Akil; Agaru",Ayurveda,,,"Bark (Stem),; Wood; (Heartwood)",Tree,AFSTU,Agaru,,NMPB,SOURCE_ONLY,False,,96
PLANT-0175,Aquilegia vulgaris L.,Common Columbine (Eng.),RANUNCULACEAE,Common Columbine (Eng.),,,,,,,,https://archive.bsi.gov.in/echoHerbarium-Details/en?link=CAL0000009948&column=szBarcode,BSI,SOURCE_ONLY,False,138,
PLANT-0176,Arachis hypogaea L.,Mung-phali,FABACEAE,Mung-phali,,,,,,,,https://archive.bsi.gov.in/echoHerbarium-Details/en?link=CAL0000003685&column=szBarcode,BSI,SOURCE_ONLY,False,139,
PLANT-0177,Arachne cordifolia (Decne.) Hurus.,"Bharti, Bhartoi",EUPHORBIACEAE,"Bharti, Bhartoi",,,,,,,,https://archive.bsi.gov.in/echoHerbarium-Details/en?link=CAL0000008959&column=szBarcode,BSI,SOURCE_ONLY,False,140,
PLANT-0178,Arctium lappa L.,"Jangli Kuth, Burdock (Eng.)",ASTERACEAE,"Jangli Kuth, Burdock (Eng.); Phaggarmul",,,,Fruit,Herb,FH,,https://archive.bsi.gov.in/echoHerbarium-Details/en?link=CAL0000013628&column=szBarcode,BSI+NMPB,HIGH,False,141,97
PLANT-0179,Ardisia solanacea (Poir.) Roxb.,Dhan-priya,MYRSINACEAE,Dhan-priya,,,,,,,,https://archive.bsi.gov.in/echoHerbarium-Details/en?link=CAL0000009223&column=szBarcode,BSI,SOURCE_ONLY,False,142,
PLANT-0180,Areca catechu L.,"Supari, Chaali",ARECACEAE,"Supari, Chaali; Supari; Puga",Ayurveda,,,"Fruit, Root",Tree,AFHS-TUW,Puga,https://archive.bsi.gov.in/echoHerbarium-Details/en?link=CAL0000003212&column=szBarcode,BSI+NMPB,HIGH,False,143,98
PLANT-0181,Areca triandra Roxb. ex Buch.-Ham.,wild areca palm (Eng.),ARECACEAE,wild areca palm (Eng.),,,,,,,,https://archive.bsi.gov.in/echoHerbarium-Details/en?link=CAL0000003213&column=szBarcode,BSI,SOURCE_ONLY,False,144,
PLANT-0182,Arenga saccharifera Labill.,Sugar palm (Eng.),ARECACEAE,Sugar palm (Eng.),,,,,,,,https://archive.bsi.gov.in/echoHerbarium-Details/en?link=CAL0000003211&column=szBarcode,BSI,SOURCE_ONLY,False,145,
PLANT-0183,Argemone mexicana L.,Bharbhand,PAPAVERACEAE,"Bharbhand; Brhami Dandi,; Kusme Beeja",Ayurveda,,,"Fruit (Seed),; Stem",Herb,AFHSU,,https://archive.bsi.gov.in/echoHerbarium-Details/en?link=CAL0000003773&column=szBarcode,BSI+NMPB,HIGH,False,146,99
PLANT-0184,Argyreia cuneata (Willd.) Ker.-Gawl,Mhalungi (Mar.),CONVOLVULACEAE,Mhalungi (Mar.),,,,,,,,https://archive.bsi.gov.in/echoHerbarium-Details/en?link=CAL0000009690&column=szBarcode,BSI,SOURCE_ONLY,False,147,
PLANT-0185,Argyreia imbricata (Roth) Santapau & V.Patel,Errakuta (Tel.),CONVOLVULACEAE,Errakuta (Tel.),,,,,,,,https://archive.bsi.gov.in/echoHerbarium-Details/en?link=CAL0000009695&column=szBarcode,BSI,SOURCE_ONLY,False,148,
PLANT-0186,Argyreia nervosa (Burm.f.) Boj.,"Samudrasokha, Ghavapatta",CONVOLVULACEAE,"Samudrasokha, Ghavapatta",,,,,,,,https://archive.bsi.gov.in/echoHerbarium-Details/en?link=CAL0000009693&column=szBarcode,BSI,SOURCE_ONLY,False,149,
PLANT-0187,Argyreia speciosa (L.f.) Sweet; [ = A. nervosa (Burm.f.) Bojer],"Samudraphal,; Samundra Sokh",CONVOLVULACEAE,"Samudraphal,; Samundra Sokh; Bastantri",Ayurveda,,,"Root, Fruit; (Seed),; Whole Plant",Shrub,ASTU,Bastantri,,NMPB,SOURCE_ONLY,False,,100
PLANT-0188,Arisaema leschenaultii Blume,Pambucholam (Malayalam),ARACEAE,Pambucholam (Malayalam),,,,,,,,https://archive.bsi.gov.in/echoHerbarium-Details/en?link=CAL0000003226&column=szBarcode,BSI,SOURCE_ONLY,False,150,
PLANT-0189,Arisaema speciosum (Wall.) Mart.,"Samo-ki-khumb, Kiralu( Punjab)",ARACEAE,"Samo-ki-khumb, Kiralu( Punjab)",,,,,,,,https://archive.bsi.gov.in/echoHerbarium-Details/en?link=CAL0000003225&column=szBarcode,BSI,SOURCE_ONLY,False,151,
PLANT-0190,Arisaema tortuosum (Wall.) Schott,"Bagh Jandhra, Lin Cheisu (Manipuri)",ARACEAE,"Bagh Jandhra, Lin Cheisu (Manipuri)",,,,,,,,https://archive.bsi.gov.in/echoHerbarium-Details/en?link=CAL0000003227&column=szBarcode,BSI,SOURCE_ONLY,False,152,
PLANT-0191,Aristida depressa Retz.,sixweeks threeawn (Eng.),POACEAE,sixweeks threeawn (Eng.),,,,,,,,https://archive.bsi.gov.in/echoHerbarium-Details/en?link=CAL0000003186&column=szBarcode,BSI,SOURCE_ONLY,False,153,
PLANT-0192,Aristolochia bracteolata Lam.,Kitamari,ARISTOLOCHIACEAE,Kitamari; Kidamari,Ayurveda,,,"Root, Fruit; (Seed), Whole; Plant",Herb,AFS,,https://archive.bsi.gov.in/echoHerbarium-Details/en?link=CAL0000008873&column=szBarcode,BSI+NMPB,HIGH,False,154,101
PLANT-0193,Aristolochia indica L.,Ishvari mul (Sans.),ARISTOLOCHIACEAE,Ishvari mul (Sans.); Ishwar mool; Isvari,Ayurveda,,,"Fruit, Root,; Stem",Climber,AFSTU,Isvari,https://archive.bsi.gov.in/echoHerbarium-Details/en?link=CAL0000008869&column=szBarcode,BSI+NMPB,HIGH,False,155,102
PLANT-0194,Aristolochia rotunda L,Zarawand,ARISTOLOCHIACEAE,Zarawand,,,,Root,Climber,FU,,,NMPB,SOURCE_ONLY,False,,103
PLANT-0195,Aristolochia tagala Chem.,Nallayiswari (Tel.),ARISTOLOCHIACEAE,Nallayiswari (Tel.); Aadutheen-; dapalai,,,,Root,Climber,F,,https://archive.bsi.gov.in/echoHerbarium-Details/en?link=CAL0000008872&column=szBarcode,BSI+NMPB,HIGH,False,156,104
PLANT-0196,Arnebia benthamii (Wall.ex G. Don) Johnston,Kashmiri kahzaban (Kashmir),BORAGINACEAE,Kashmiri kahzaban (Kashmir); Gauzaban,Ayurveda,,,"Root,; Whole Plant",Herb,A,,https://archive.bsi.gov.in/echoHerbarium-Details/en?link=CAL0000009724&column=szBarcode,BSI+NMPB,HIGH,False,157,105
PLANT-0197,Arnebia euchroma (Royle) Johnston,"Laljiri (Garhwal), Aam (Ladh.)",BORAGINACEAE,"Laljiri (Garhwal), Aam (Ladh.); Gaozaban; Names",,,,Root,Herb,FTag **,Names,https://archive.bsi.gov.in/echoHerbarium-Details/en?link=CAL0000013156&column=szBarcode,BSI+NMPB,HIGH,False,158,106
PLANT-0198,Arnebia nobilis Rech.f.,Ratan jyothi /; Ratan jot,BORAGINACEAE,Ratan jyothi /; Ratan jot,,,,Root,Herb,FU,,,NMPB,SOURCE_ONLY,False,,107
PLANT-0199,Arnica montana L.,Leopard's bane (Eng.),ASTERACEAE,Leopard's bane (Eng.),,,,,,,,https://archive.bsi.gov.in/echoHerbarium-Details/en?link=CAL0000013629&column=szBarcode,BSI,SOURCE_ONLY,False,159,
PLANT-0200,Artabotrys hexapetalus (L.f.) Bhandari,Hara Champaka (Sans.),ANNONACEAE,"Hara Champaka (Sans.); Harichampa,; Madanmast",Ayurveda,,,Fruit,Shrub,AF,,https://archive.bsi.gov.in/echoHerbarium-Details/en?link=CAL0000014000&column=szBarcode,BSI+NMPB,HIGH,False,160,108
PLANT-0201,Artabotrys suaveolens Blume,Koluvaravalli (Mal.),ANNONACEAE,Koluvaravalli (Mal.),,,,,,,,https://archive.bsi.gov.in/echoHerbarium-Details/en?link=CAL0000009913&column=szBarcode,BSI,SOURCE_ONLY,False,161,
PLANT-0202,Artanema longifolium (L). Vatke,Kokilaksha (Sans.),SCROPHULARIACEAE,Kokilaksha (Sans.),,,,,,,,https://archive.bsi.gov.in/echoHerbarium-Details/en?link=CAL0000009675&column=szBarcode,BSI,SOURCE_ONLY,False,162,
PLANT-0203,Artemisia absinthium L.,Afsanteen,ASTERACEAE,Afsanteen,Ayurveda,,,Whole Plant,Shrub,AHSUW,,,NMPB,SOURCE_ONLY,False,,109
PLANT-0204,Artemisia absynthium L.,Vilayathi afsanthin,ASTERACEAE,Vilayathi afsanthin,,,,,,,,https://archive.bsi.gov.in/echoHerbarium-Details/en?link=CAL0000013630&column=szBarcode,BSI,SOURCE_ONLY,False,163,
PLANT-0205,Artemisia dracunculcus L.,Dragon Mugwort (Eng.),ASTERACEAE,Dragon Mugwort (Eng.),,,,,,,,https://archive.bsi.gov.in/echoHerbarium-Details/en?link=CAL0000013151&column=szBarcode,BSI,SOURCE_ONLY,False,164,
PLANT-0206,Artemisia indica Willd.,Nagdona (Hindi),ASTERACEAE,Nagdona (Hindi),,,,,,,,https://archive.bsi.gov.in/echoHerbarium-Details/en?link=CAL0000013148&column=szBarcode,BSI,SOURCE_ONLY,False,165,
PLANT-0207,Artemisia maritima L.,Kirmala,ASTERACEAE,"Kirmala; Ajavayana,; Chauhara, Cina",Ayurveda,,,"Fruit (Seed),; Whole Plant",Herb,AHW,,https://archive.bsi.gov.in/echoHerbarium-Details/en?link=CAL0000013634&column=szBarcode,BSI+NMPB,HIGH,False,166,110
PLANT-0208,Artemisia nilagirica (C.B.Clarke) Pamp.,Nagdona,ASTERACEAE,Nagdona; Thavanam,Ayurveda,,,"Flower,; Whole Plant",Herb,AF,,https://archive.bsi.gov.in/echoHerbarium-Details/en?link=CAL0000013641&column=szBarcode,BSI+NMPB,HIGH,False,167,111
PLANT-0209,Artemisia pallens Wall. ex DC.,Davna,ASTERACEAE,Davna,,,,"Leaf, Flower",Herb,FS,,,NMPB,SOURCE_ONLY,False,,112
PLANT-0210,Artemisia parviflora Roxb. ex D.Don,Pati,ASTERACEAE,Pati,,,,Whole Plant,Shrub,F,,,NMPB,SOURCE_ONLY,False,,113
PLANT-0211,Artemisia persica Boiss.,Pardesi davano (Guj.),ASTERACEAE,Pardesi davano (Guj.),,,,,,,,https://archive.bsi.gov.in/echoHerbarium-Details/en?link=CAL0000013635&column=szBarcode,BSI,SOURCE_ONLY,False,168,
PLANT-0212,Artemisia roxburghiana Wall. ex. Besser,Roxburgh's Wormwood (Eng.),ASTERACEAE,Roxburgh's Wormwood (Eng.),,,,,,,,https://archive.bsi.gov.in/echoHerbarium-Details/en?link=CAL0000013636&column=szBarcode,BSI,SOURCE_ONLY,False,169,
PLANT-0213,Artemisia sacrorum Ledeb.,Burmack (Ladakh),ASTERACEAE,Burmack (Ladakh),,,,,,,,https://archive.bsi.gov.in/echoHerbarium-Details/en?link=CAL0000013637&column=szBarcode,BSI,SOURCE_ONLY,False,170,
PLANT-0214,Artemisia scoparia Waldst. & Kit.,"Seeta-bani, Jhau",ASTERACEAE,"Seeta-bani, Jhau",,,,,,,,https://archive.bsi.gov.in/echoHerbarium-Details/en?link=CAL0000013639&column=szBarcode,BSI,SOURCE_ONLY,False,171,
PLANT-0215,Artemisia sivarsiana Ehrh. Ex. Willd.,Kaadu davana (Kan.),ASTERACEAE,Kaadu davana (Kan.),,,,,,,,https://archive.bsi.gov.in/echoHerbarium-Details/en?link=CAL0000013640&column=szBarcode,BSI,SOURCE_ONLY,False,172,
PLANT-0216,Arthrocnemum indicum (Willd.) Moq.,Machola,CHENOPODIACEAE,Machola,,,,,,,,https://archive.bsi.gov.in/echoHerbarium-Details/en?link=CAL0000009909&column=szBarcode,BSI,SOURCE_ONLY,False,173,
PLANT-0217,Artocarpus heterophyllus Lam.,Kathal,MORACEAE,"Kathal; Kathal, Panasa Tree",Ayurveda,,,Fruit,,AFS,,https://archive.bsi.gov.in/echoHerbarium-Details/en?link=CAL0000009768&column=szBarcode,BSI+NMPB,HIGH,False,174,114
PLANT-0218,Artocarpus lakoocha Roxb.,Barhal,MORACEAE,Barhal,,,,,,,,https://archive.bsi.gov.in/echoHerbarium-Details/en?link=CAL0000009767&column=szBarcode,BSI,SOURCE_ONLY,False,175,
PLANT-0219,Arundo donax L.,Bara nal,POACEAE,"Bara nal; Dhamana,; Baranal, Nala",Ayurveda,,,Root; (Rhizome),Shrub,AHS,,https://archive.bsi.gov.in/echoHerbarium-Details/en?link=CAL0000003195&column=szBarcode,BSI+NMPB,HIGH,False,176,115
PLANT-0220,Asclepias curassavica L.,"Kakatundi, Kakanasika",ASCLEPIADACEAE,"Kakatundi, Kakanasika",,,,,,,,https://archive.bsi.gov.in/echoHerbarium-Details/en?link=CAL0000009261&column=szBarcode,BSI,SOURCE_ONLY,False,177,
PLANT-0221,Asparagus adscendens Roxb.,Satavar,LILIACEAE,"Satavar; Musali; safed,; Satawar",Ayurveda,,,Root,Climber,ASU,,https://archive.bsi.gov.in/echoHerbarium-Details/en?link=CAL0000003097&column=szBarcode,BSI+NMPB,HIGH,False,178,116
PLANT-0222,Asparagus filicinus Buch.-Ham ex D. Don,Allipalli (Punj.),LILIACEAE,Allipalli (Punj.),,,,,,,,https://archive.bsi.gov.in/echoHerbarium-Details/en?link=CAL0000003099&column=szBarcode,BSI,SOURCE_ONLY,False,179,
PLANT-0223,Asparagus gonocladus Baker,Sadaveri (Local name),LILIACEAE,Sadaveri (Local name),,,,,,,,https://archive.bsi.gov.in/echoHerbarium-Details/en?link=CAL0000003100&column=szBarcode,BSI,SOURCE_ONLY,False,180,
PLANT-0224,Asparagus officinalis L.,"Marchuba, Paragus, Vilayati Karua, Nakdown, Margiyeh, Halyun",LILIACEAE,"Marchuba, Paragus, Vilayati Karua, Nakdown, Margiyeh, Halyun",,,,,,,,https://archive.bsi.gov.in/echoHerbarium-Details/en?link=CAL0000003101&column=szBarcode,BSI,SOURCE_ONLY,False,181,
PLANT-0225,Asparagus racemosus Willd.,"Satawar, Satmuli (Beng.)",LILIACEAE,"Satawar, Satmuli (Beng.); Shatavari,; Satawar; Satavari",Ayurveda,,,Root,Climber,AFSTU,Satavari,https://archive.bsi.gov.in/echoHerbarium-Details/en?link=CAL0000003098&column=szBarcode,BSI+NMPB,HIGH,False,182,117
PLANT-0226,Asparagus sarmentosus L.,"Satawa; ri,; Shakak; ul",LILIACEAE,"Satawa; ri,; Shakak; ul",Ayurveda,,,Root,Climber,ASU,,,NMPB,SOURCE_ONLY,False,,118
PLANT-0227,Asplenium adiantum-nigrum L.,Black Spleenwort (Eng.),ASPLENIACEAE,Black Spleenwort (Eng.),,,,,,,,https://archive.bsi.gov.in/echoHerbarium-Details/en?link=CAL0000003266&column=szBarcode,BSI,SOURCE_ONLY,False,183,
PLANT-0228,Astragalus strobiliferus Royle ex Benth.,Garmezu (Chitral),FABACEAE,Garmezu (Chitral),,,,,,,,https://archive.bsi.gov.in/echoHerbarium-Details/en?link=CAL0000003696&column=szBarcode,BSI,SOURCE_ONLY,False,184,
PLANT-0229,Astragalus tribuloides Delile,Ogai (Punjab),FABACEAE,Ogai (Punjab),,,,,,,,https://archive.bsi.gov.in/echoHerbarium-Details/en?link=CAL0000003695&column=szBarcode,BSI,SOURCE_ONLY,False,185,
PLANT-0230,Asystasia gangetica (L.) T.Anderson,Lavana-valli (Sans.),ACANTHACEAE,Lavana-valli (Sans.),,,,,,,,https://archive.bsi.gov.in/echoHerbarium-Details/en?link=CAL0000009040&column=szBarcode,BSI,SOURCE_ONLY,False,186,
PLANT-0231,Atalantia monophylla (L.) DC.,Kurandubeeja,RUTACEAE,Kurandubeeja,Ayurveda,,,Fruit,Tree,AFS,,,NMPB,SOURCE_ONLY,False,,119
PLANT-0232,Atriplex hortensis L.,"Korake, Surake",CHENOPODIACEAE,"Korake, Surake",,,,,,,,https://archive.bsi.gov.in/echoHerbarium-Details/en?link=CAL0000009906&column=szBarcode,BSI,SOURCE_ONLY,False,187,
PLANT-0233,Atropa acuminata Royle,Indian Atropa (Eng.),SOLANACEAE,Indian Atropa (Eng.); Jharka,,,,Leaf,Herb,FU,,https://archive.bsi.gov.in/echoHerbarium-Details/en?link=CAL0000009682&column=szBarcode,BSI+NMPB,HIGH,False,188,120
PLANT-0234,Atropa belladona L.,Angur Shefa,SOLANACEAE,Angur Shefa,,,,,,,,https://archive.bsi.gov.in/echoHerbarium-Details/en?link=CAL0000009683&column=szBarcode,BSI,SOURCE_ONLY,False,189,
PLANT-0235,Atropa belladonna L.,Belladona,SOLANACEAE,Belladona,Ayurveda,,,Root,Herb,AHSUW,,,NMPB,SOURCE_ONLY,False,,121
PLANT-0236,Atylosia goensis (Dalzell) Dalzell,Katttupaayar,FABACEAE,Katttupaayar,Ayurveda,,,Root,Climber,AF,,,NMPB,SOURCE_ONLY,False,,122
PLANT-0237,Atylosia scarabeoides (L.) Benth.,Ban kulatha,FABACEAE,Ban kulatha,,,,Root,Climber,F,,,NMPB,SOURCE_ONLY,False,,123
PLANT-0238,Atylosia scrabaeoides (L.) Benth.,"Bnkulthi, Birghore (Local names)",FABACEAE,"Bnkulthi, Birghore (Local names)",,,,,,,,https://archive.bsi.gov.in/echoHerbarium-Details/en?link=CAL0000003618&column=szBarcode,BSI,SOURCE_ONLY,False,190,
PLANT-0239,Avena fatua L.,Common wild oat (Eng.),POACEAE,Common wild oat (Eng.),,,,,,,,https://archive.bsi.gov.in/echoHerbarium-Details/en?link=CAL0000003189&column=szBarcode,BSI,SOURCE_ONLY,False,191,
PLANT-0240,Avena sativa L.,Common Oat (Eng.),POACEAE,Common Oat (Eng.),,,,,,,,https://archive.bsi.gov.in/echoHerbarium-Details/en?link=CAL0000003190&column=szBarcode,BSI,SOURCE_ONLY,False,192,
PLANT-0241,Averrhoa bilimbi L.,Tree Sorrel (Eng.),OXALIDACEAE,Tree Sorrel (Eng.),,,,,,,,https://archive.bsi.gov.in/echoHerbarium-Details/en?link=CAL0000013456&column=szBarcode,BSI,SOURCE_ONLY,False,193,
PLANT-0242,Avicennia officinalis L.,Bina,VERBENACEAE,Bina,,,,,,,,https://archive.bsi.gov.in/echoHerbarium-Details/en?link=CAL0000009085&column=szBarcode,BSI,SOURCE_ONLY,False,194,
PLANT-0243,Azadirachta indica (L.) A.Juss.,Nim,MELIACEAE,Nim; Neem; Nimba,Ayurveda,,,"Fruit (Fruit,; Seed), Flower,; Leaf, Bark; (Stem); Tag **",Tree,AFHSTU,Nimba,https://archive.bsi.gov.in/echoHerbarium-Details/en?link=CAL0000009901&column=szBarcode,BSI+NMPB,HIGH,False,195,124
PLANT-0244,Azanza lampas (Cav.) Alef.,"Jangli bhendi, Bankapasi",MALVACEAE,"Jangli bhendi, Bankapasi",,,,,,,,https://archive.bsi.gov.in/echoHerbarium-Details/en?link=CAL0000013835&column=szBarcode,BSI,SOURCE_ONLY,False,196,
PLANT-0245,Azima tetracantha Lam.,Kantagur-kamai,SALVADORACEAE,"Kantagur-kamai; Shrub; Kanta-gur-; kamai,; Kantangur,; Kundali",,,,AFS,W,,"Kanta-gur-; kamai,; Kantangur,; Kundali",https://archive.bsi.gov.in/echoHerbarium-Details/en?link=CAL0000009288&column=szBarcode,BSI+NMPB,HIGH,False,197,125
PLANT-0246,Bacopa monnieri (L.) Pennell,Nira-brahmi,SCROPHULARIACEAE,"Nira-brahmi; Herb; Brahmi, Jal; Nirbrahmi",,,,AFHS,W/C,,"Brahmi, Jal; Nirbrahmi",https://archive.bsi.gov.in/echoHerbarium-Details/en?link=CAL0000009676&column=szBarcode,BSI+NMPB,HIGH,False,198,126
PLANT-0247,Balanites aegyptiaca (L.) Delile,"Hingan, Hingot",BALANITACEAE,"Hingan, Hingot; Tree; Hingan,; Hingol,; Ingua",,,,AFTU,W,,"Hingan,; Hingol,; Ingua",https://archive.bsi.gov.in/echoHerbarium-Details/en?link=CAL0000013478&column=szBarcode,BSI+NMPB,HIGH,False,199,127
PLANT-0248,Balanophora fungosa J.R.Forst.,Herb,BALANOPHORACEAE,Herb; Thippali,,,,S,W,,Thippali,,NMPB,SOURCE_ONLY,False,,128
PLANT-0249,Baliospermum montanum (Willd.) Muell.Arg.,Danti,EUPHORBIACEAE,"Danti; Shrub; Dantimool,; Nagadanti",,,,AFSTU,W,,"Dantimool,; Nagadanti",https://archive.bsi.gov.in/echoHerbarium-Details/en?link=CAL0000008983&column=szBarcode,BSI+NMPB,HIGH,False,200,129
PLANT-0250,Bambusa arundinacea (Retz.) Willd.,Tree,BAMBUSEACEAE,"Tree; Bansalochan,; Tabashir",,,,AFSU,W,,"Bansalochan,; Tabashir",,NMPB,SOURCE_ONLY,False,,130
PLANT-0251,Bambusa bambos Druce,Kalak (Local name),POACEAE,Kalak (Local name),,,,,,,,https://archive.bsi.gov.in/echoHerbarium-Details/en?link=CAL0000003181&column=szBarcode,BSI,SOURCE_ONLY,False,201,
PLANT-0252,Bandeiraea simplicifolia (M.Vahl ex,Climber,CAESALPINIACEAE,Climber; -,,,,W,I,,-,,NMPB,SOURCE_ONLY,False,,131
PLANT-0253,Barleria buxifolia L.,Liksura (Sans.),ACANTHACEAE,Liksura (Sans.),,,,,,,,https://archive.bsi.gov.in/echoHerbarium-Details/en?link=CAL0000009043&column=szBarcode,BSI,SOURCE_ONLY,False,202,
PLANT-0254,Barleria courtallica Nees,Chethasahacharam (Sans.),ACANTHACEAE,Chethasahacharam (Sans.),,,,,,,,https://archive.bsi.gov.in/echoHerbarium-Details/en?link=CAL0000009059&column=szBarcode,BSI,SOURCE_ONLY,False,203,
PLANT-0255,Barleria cristata L.,Nil jhinti,ACANTHACEAE,"Nil jhinti; Shrub; Raktapushpa,; Sweta; Saireyaka",,,,AST,W,,"Raktapushpa,; Sweta; Saireyaka",https://archive.bsi.gov.in/echoHerbarium-Details/en?link=CAL0000009044&column=szBarcode,BSI+NMPB,HIGH,False,204,132
PLANT-0256,Barleria longiflora L.f.,Ekakantaka (Sans.),ACANTHACEAE,Ekakantaka (Sans.),,,,,,,,https://archive.bsi.gov.in/echoHerbarium-Details/en?link=CAL0000009054&column=szBarcode,BSI,SOURCE_ONLY,False,205,
PLANT-0257,Barleria noctiflora L.f.,Naga gorinta (Telugu),ACANTHACEAE,Naga gorinta (Telugu),,,,,,,,https://archive.bsi.gov.in/echoHerbarium-Details/en?link=CAL0000009042&column=szBarcode,BSI,SOURCE_ONLY,False,206,
PLANT-0258,Barleria prionitis L.,"Jhinti, Katsareya",ACANTHACEAE,"Jhinti, Katsareya; Shrub; Vajradanti",,,,AFS,C/W,,Vajradanti,https://archive.bsi.gov.in/echoHerbarium-Details/en?link=CAL0000009041&column=szBarcode,BSI+NMPB,HIGH,False,207,133
PLANT-0259,Barleria strigosa Willd.,Neelakurantak (Sans.),ACANTHACEAE,"Neelakurantak (Sans.); Shrub; Bala, Dasi,; Amli",,,,AST,W,,"Bala, Dasi,; Amli",https://archive.bsi.gov.in/echoHerbarium-Details/en?link=CAL0000009048&column=szBarcode,BSI+NMPB,HIGH,False,208,134
PLANT-0260,Barringtonia acutangula (L.) Gaertn.,Hijjal,LECYTHIDACEAE,Hijjal; Tree; Samudraphal,,,,AFSTU,W,,Samudraphal,https://archive.bsi.gov.in/echoHerbarium-Details/en?link=CAL0000013810&column=szBarcode,BSI+NMPB,HIGH,False,209,135
PLANT-0261,Barringtonia racemosa (L.) Roxb.,Samudraphala (Sans.),LECYTHIDACEAE,Samudraphala (Sans.); Tree; Samuthira; palam,,,,AFS,W,,Samuthira; palam,https://archive.bsi.gov.in/echoHerbarium-Details/en?link=CAL0000013809&column=szBarcode,BSI+NMPB,HIGH,False,210,136
PLANT-0262,Basella alba L.,Climber,BASELLACEAE,"Climber; Pasalai,; Vasalacheera; pacha; Names",,,,AF,C,Tag **,"Pasalai,; Vasalacheera; pacha; Names",,NMPB,SOURCE_ONLY,False,,137
PLANT-0263,Basella rubra L.,"Poi, Safedbachla",BASELLACEAE,"Poi, Safedbachla",,,,,,,,https://archive.bsi.gov.in/echoHerbarium-Details/en?link=CAL0000009908&column=szBarcode,BSI,SOURCE_ONLY,False,211,
PLANT-0264,Bauhinia malabarica Roxb.,"Amli, Amlosa",CAESALPINIACEAE,"Amli, Amlosa; Amlosa,; Asmantaka",Ayurveda,,,Bark (Stem),Tree,AS,,https://archive.bsi.gov.in/echoHerbarium-Details/en?link=CAL0000003492&column=szBarcode,BSI+NMPB,HIGH,False,212,138
PLANT-0265,Bauhinia purpurea L.,Khairwal,CAESALPINIACEAE,Khairwal; Sonachal,Ayurveda,,,Bark (Stem),Tree,AFST,,https://archive.bsi.gov.in/echoHerbarium-Details/en?link=CAL0000003486&column=szBarcode,BSI+NMPB,HIGH,False,213,139
PLANT-0266,Bauhinia racemosa Lam.,"Kachnal, Ashta",CAESALPINIACEAE,"Kachnal, Ashta; Kachnar",Ayurveda,,,"Leaf,; Bark (Stem)",Tree,ASU,,https://archive.bsi.gov.in/echoHerbarium-Details/en?link=CAL0000003491&column=szBarcode,BSI+NMPB,HIGH,False,214,140
PLANT-0267,Bauhinia retusa Ham. ex. DC.,Semla,CAESALPINIACEAE,Semla,,,,,,,,https://archive.bsi.gov.in/echoHerbarium-Details/en?link=CAL0000003483&column=szBarcode,BSI,SOURCE_ONLY,False,215,
PLANT-0268,Bauhinia tomentosa L.,"Kachnar,; Kanchana",CAESALPINIACEAE,"Kachnar,; Kanchana",Ayurveda,,,Root,Shrub,AFS,,,NMPB,SOURCE_ONLY,False,,141
PLANT-0269,Bauhinia vahlii Wight & Arn.,Maljan,CAESALPINIACEAE,Maljan; Adda,Ayurveda,,,Leaf,Climber,AF,,https://archive.bsi.gov.in/echoHerbarium-Details/en?link=CAL0000003489&column=szBarcode,BSI+NMPB,HIGH,False,216,142
PLANT-0270,Bauhinia variegata L.,Kachnar,CAESALPINIACEAE,Kachnar; Kancanara,Ayurveda,,,Bark (Stem),Tree,AFS,Kancanara,https://archive.bsi.gov.in/echoHerbarium-Details/en?link=CAL0000003485&column=szBarcode,BSI+NMPB,HIGH,False,217,143
PLANT-0271,Begonia rex Putz.,King Begonia (Eng.),BEGONIACEAE,King Begonia (Eng.),,,,,,,,https://archive.bsi.gov.in/echoHerbarium-Details/en?link=CAL0000013776&column=szBarcode,BSI,SOURCE_ONLY,False,218,
PLANT-0272,Benincasa hispida (Thunb.) Cogn.,Petha,CUCURBITACEAE,Petha; Kumpalan; ga pacha; Kusmanda,Ayurveda,,,Fruit,Climber,AFSTU,Kusmanda,https://archive.bsi.gov.in/echoHerbarium-Details/en?link=CAL0000013781&column=szBarcode,BSI+NMPB,HIGH,False,219,144
PLANT-0273,Berberis aristata DC.,"Chitra, Daruhald",BERBERIDACEAE,"Chitra, Daruhald; Daruhal; di,; Rasnaja; n,; Daruharidra",Ayurveda,,,"Root,; Bark (Root)",Shrub,AFSTU,Daruharidra,https://archive.bsi.gov.in/echoHerbarium-Details/en?link=CAL0000003776&column=szBarcode,BSI+NMPB,HIGH,False,220,145
PLANT-0274,Berberis asiatica Roxb. ex. DC.,Kilmora (Kumaun),BERBERIDACEAE,"Kilmora (Kumaun); Daru; Zarisuk; haldi,; Rasout",Ayurveda,,,Root,Shrub,AFU,,https://archive.bsi.gov.in/echoHerbarium-Details/en?link=CAL0000003787&column=szBarcode,BSI+NMPB,HIGH,False,221,146
PLANT-0275,Berberis chitria Lindl.,Daruhal; di/; Rasaut,BERBERIDACEAE,Daruhal; di/; Rasaut,Ayurveda,,,Root,Shrub,AF,,,NMPB,SOURCE_ONLY,False,,147
PLANT-0276,Berberis insignis Hook.f. & Thomson,Kasmal (Simla),BERBERIDACEAE,Kasmal (Simla),,,,,,,,https://archive.bsi.gov.in/echoHerbarium-Details/en?link=CAL0000003786&column=szBarcode,BSI,SOURCE_ONLY,False,222,
PLANT-0277,Berberis lycium Royle,Kasmal (Simla),BERBERIDACEAE,"Kasmal (Simla); Dar-hald,; Chitra",Ayurveda,,,Root,Shrub,AU,,https://archive.bsi.gov.in/echoHerbarium-Details/en?link=CAL0000003775&column=szBarcode,BSI+NMPB,HIGH,False,223,148
PLANT-0278,Berberis tinctoria Lesch.,Daruhal; di/; Rasaut,BERBERIDACEAE,Daruhal; di/; Rasaut,,,,Root,Shrub,F,,,NMPB,SOURCE_ONLY,False,,149
PLANT-0279,Berberis umbellata Wall. ex G.Don,Daruhal; di/; Rasaut,BERBERIDACEAE,Daruhal; di/; Rasaut,,,,Root,Shrub,F,,,NMPB,SOURCE_ONLY,False,,150
PLANT-0280,Berchemia lineata DC.,Kameti (Kumaun),RHAMNACEAE,Kameti (Kumaun),,,,,,,,https://archive.bsi.gov.in/echoHerbarium-Details/en?link=CAL0000003605&column=szBarcode,BSI,SOURCE_ONLY,False,224,
PLANT-0281,Bergenia ciliata (Haw.) Sternb.,Pashnabheda,SAXIFRAGACEAE,Pashnabheda; Pasanabhedha,Ayurveda,,,Root,Herb,A,Pasanabhedha,,NMPB,SOURCE_ONLY,False,,151
PLANT-0282,Bergenia stracheyi (Hook.f. &,Pashnabheda,SAXIFRAGACEAE,Pashnabheda,Ayurveda,,,"Root, Leaf",Herb,A,,,NMPB,SOURCE_ONLY,False,,152
PLANT-0283,Bergia suffriticosa (Del.) Fenzl.,Gangharaw (Guj.),ELATINACEAE,Gangharaw (Guj.),,,,,,,,https://archive.bsi.gov.in/echoHerbarium-Details/en?link=CAL0000003823&column=szBarcode,BSI,SOURCE_ONLY,False,225,
PLANT-0284,Beta vulgaris L.,Chukandar,CHENOPODIACEAE,Chukandar,,,,,,,,https://archive.bsi.gov.in/echoHerbarium-Details/en?link=CAL0000008834&column=szBarcode,BSI,SOURCE_ONLY,False,226,
PLANT-0285,Betula alnoides Buch.-Ham.ex D.Don,Bhojpatra,BETULACEAE,Bhojpatra,,,,,,,,https://archive.bsi.gov.in/echoHerbarium-Details/en?link=CAL0000008928&column=szBarcode,BSI,SOURCE_ONLY,False,227,
PLANT-0286,Betula utilis D.Don,Bhojpatra,BETULACEAE,Bhojpatra; Bhurjah,Ayurveda,,,Bark (Stem),Tree,AST,Bhurjah,https://archive.bsi.gov.in/echoHerbarium-Details/en?link=CAL0000008929&column=szBarcode,BSI+NMPB,HIGH,False,228,153
PLANT-0287,Bidens tripartita L.,Threelobe Beggar Tick (Eng.),ASTERACEAE,Threelobe Beggar Tick (Eng.),,,,,,,,https://archive.bsi.gov.in/echoHerbarium-Details/en?link=CAL0000013643&column=szBarcode,BSI,SOURCE_ONLY,False,229,
PLANT-0288,Biophytum sensitivum (L.) DC.,Lajalu,OXALIDACEAE,Lajalu; Mukkutti,Ayurveda,,,Whole Plant,Herb,AFS,,https://archive.bsi.gov.in/echoHerbarium-Details/en?link=CAL0000013457&column=szBarcode,BSI+NMPB,HIGH,False,230,154
PLANT-0289,Bischofia javanica Blume,Paniala,EUPHORBIACEAE,Paniala,,,,,,,,https://archive.bsi.gov.in/echoHerbarium-Details/en?link=CAL0000008987&column=szBarcode,BSI,SOURCE_ONLY,False,231,
PLANT-0290,Bistorta amplexicaulis (D.Don) Greene,Anjubar,POLYGONACEAE,Anjubar; Names,,,,Root,Herb,FTag **,Names,,NMPB,SOURCE_ONLY,False,,155
PLANT-0291,Bixa orellana L.,Latkan,BIXACEAE,"Latkan; Sindhuri,; Latkan dana,; Annato",Ayurveda,,,Fruit (Seed),Shrub,AFHS,,https://archive.bsi.gov.in/echoHerbarium-Details/en?link=CAL0000003725&column=szBarcode,BSI+NMPB,HIGH,False,232,156
PLANT-0292,Blechnum orientale L.,Haththazori,BLECHNACEAE,Haththazori,,,,,,,,https://archive.bsi.gov.in/echoHerbarium-Details/en?link=CAL0000003252&column=szBarcode,BSI,SOURCE_ONLY,False,233,
PLANT-0293,Blepharis edulis Pers.,Chaupatia,ACANTHACEAE,Chaupatia; Uttangan; Utingana,Ayurveda,,,Fruit (Seed),Herb,AU,Utingana,https://archive.bsi.gov.in/echoHerbarium-Details/en?link=CAL0000009056&column=szBarcode,BSI+NMPB,HIGH,False,234,157
PLANT-0294,Blepharis indica Stocks ex T.Anderson,Kolimukkan chedi (Tamil),ACANTHACEAE,Kolimukkan chedi (Tamil),,,,,,,,https://archive.bsi.gov.in/echoHerbarium-Details/en?link=CAL0000009057&column=szBarcode,BSI,SOURCE_ONLY,False,235,
PLANT-0295,Blighia sapida Koen. & Sims.,Akee (Eng.),SAPINDACEAE,Akee (Eng.),,,,,,,,https://archive.bsi.gov.in/echoHerbarium-Details/en?link=CAL0000003579&column=szBarcode,BSI,SOURCE_ONLY,False,236,
PLANT-0296,Blumea balsamifera (L.) DC.,Kakaronda,ASTERACEAE,Kakaronda,,,,,,,,https://archive.bsi.gov.in/echoHerbarium-Details/en?link=CAL0000013645&column=szBarcode,BSI,SOURCE_ONLY,False,237,
PLANT-0297,Blumea densiflora (Wall.) DC.,Grand Blumea (Eng.),ASTERACEAE,Grand Blumea (Eng.),,,,,,,,https://archive.bsi.gov.in/echoHerbarium-Details/en?link=CAL0000013647&column=szBarcode,BSI,SOURCE_ONLY,False,238,
PLANT-0298,Blumea eriantha DC.,Nimurdi (Mar.),ASTERACEAE,Nimurdi (Mar.),,,,,,,,https://archive.bsi.gov.in/echoHerbarium-Details/en?link=CAL0000013648&column=szBarcode,BSI,SOURCE_ONLY,False,239,
PLANT-0299,Blumea lacera (Burm.f.) DC.,Kakranda,ASTERACEAE,Kakranda,,,,,,,,https://archive.bsi.gov.in/echoHerbarium-Details/en?link=CAL0000013649&column=szBarcode,BSI,SOURCE_ONLY,False,240,
PLANT-0300,Blumea lanceolaria (Roxb.) Druce,Tera paibi macha (Manipuri),ASTERACEAE,Tera paibi macha (Manipuri),,,,,,,,https://archive.bsi.gov.in/echoHerbarium-Details/en?link=CAL0000013650&column=szBarcode,BSI,SOURCE_ONLY,False,241,
PLANT-0301,Boehmeria nivea (L.) Gaud.,Kankura (Beng.),URTICACEAE,Kankura (Beng.),,,,,,,,https://archive.bsi.gov.in/echoHerbarium-Details/en?link=CAL0000009014&column=szBarcode,BSI,SOURCE_ONLY,False,242,
PLANT-0302,Boerhavia diffusa L.,Sant,NYCTAGINACEAE,"Sant; Punarnava; raktha,; Punarnava; rakta,; Raktapunarnava",Ayurveda,,,"Root,; Whole Plant",Herb,AFHSU,"Punarnava; rakta,; Raktapunarnava",https://archive.bsi.gov.in/echoHerbarium-Details/en?link=CAL0000008904&column=szBarcode,BSI+NMPB,HIGH,False,243,158
PLANT-0303,Boerhavia repanda Willd.,"Cattaranai,; Varakanputu",NYCTAGINACEAE,"Cattaranai,; Varakanputu",,,,"Root,; Whole Plant",Herb,S,,,NMPB,SOURCE_ONLY,False,,159
PLANT-0304,Bombax ceiba L.,"Semal, Semul (Beng.)",BOMBACACEAE,"Semal, Semul (Beng.); Mochras; Salmali",Ayurveda,,,"Exudate Of; Bark (Stem),; Flower, Root",Tree,AFS,Salmali,https://archive.bsi.gov.in/echoHerbarium-Details/en?link=CAL0000003869&column=szBarcode,BSI+NMPB,HIGH,False,244,160
PLANT-0305,Borassus flabellifer L.,Tar,ARECACEAE,"Tar; Palmyra palm,; Tad; Tala",Ayurveda,,,"Fruit, Stem",Tree,AFSTU,Tala,https://archive.bsi.gov.in/echoHerbarium-Details/en?link=CAL0000003199&column=szBarcode,BSI+NMPB,HIGH,False,245,161
PLANT-0306,Borreria articularis (L.f.) F.N.Wiliams,"Guthari, Madanaghanta (Sans.)",RUBIACEAE,"Guthari, Madanaghanta (Sans.)",,,,,,,,https://archive.bsi.gov.in/echoHerbarium-Details/en?link=CAL0000013597&column=szBarcode,BSI,SOURCE_ONLY,False,246,
PLANT-0307,Borreria hispida (L.) Schum.; [ = Spermacoce hispida L.],Thaarthaaval,RUBIACEAE,Thaarthaaval,Ayurveda,,,"Fruit (Seed),; Whole Plant",Herb,AF,,,NMPB,SOURCE_ONLY,False,,162
PLANT-0308,Boswellia carteri Birdw.,Sali guggul,BURSERACEAE,Sali guggul,,,,Oleo-Gum; Resin,Tree,F,,,NMPB,SOURCE_ONLY,False,,163
PLANT-0309,Boswellia frereana Birdw.,African elemi,BURSERACEAE,African elemi,,,,Oleo-Gum; Resin,Tree,F,,,NMPB,SOURCE_ONLY,False,,164
PLANT-0310,Boswellia serrata Roxb. ex Coleb.,Salai,BURSERACEAE,"Salai; Kandur,; Guggul, Dupa; Kunduru",Ayurveda,,,Oleo-Gum; Resin,Tree,ASU,Kunduru,https://archive.bsi.gov.in/echoHerbarium-Details/en?link=CAL0000009883&column=szBarcode,BSI+NMPB,HIGH,False,247,165
PLANT-0311,Botrychium lunaria (L.) Sw.,Moonwort (Eng.),OPHIOGLOSSACEAE,Moonwort (Eng.),,,,,,,,https://archive.bsi.gov.in/echoHerbarium-Details/en?link=CAL0000003270&column=szBarcode,BSI,SOURCE_ONLY,False,248,
PLANT-0312,Botrychium virginianum (L.) Sw.,Rattle snake fern (Eng.),OPHIOGLOSSACEAE,Rattle snake fern (Eng.),,,,,,,,https://archive.bsi.gov.in/echoHerbarium-Details/en?link=CAL0000003271&column=szBarcode,BSI,SOURCE_ONLY,False,249,
PLANT-0313,Brassica alba (L.) Rabenh,"Safed rai,; Kadugu",BRASSICACEAE,"Safed rai,; Kadugu",Ayurveda,,,Fruit (Seed),Herb,AHSU,,,NMPB,SOURCE_ONLY,False,,166
PLANT-0314,Brassica juncea (L.) Czern.,"Asal rai, Laha",BRASSICACEAE,"Asal rai, Laha; Kaduku,; Sasuve Bili",Ayurveda,,,Fruit (Seed),Herb,AFS,,https://archive.bsi.gov.in/echoHerbarium-Details/en?link=CAL0000003753&column=szBarcode,BSI+NMPB,HIGH,False,250,167
PLANT-0315,Brassica nigra L.,Banarasi rai,BRASSICACEAE,Banarasi rai,,,,,,,,https://archive.bsi.gov.in/echoHerbarium-Details/en?link=CAL0000003752&column=szBarcode,BSI,SOURCE_ONLY,False,251,
PLANT-0316,Breynia retusa (Dennst.) Alston,Chitki (Beng.),EUPHORBIACEAE,Chitki (Beng.),,,,,,,,https://archive.bsi.gov.in/echoHerbarium-Details/en?link=CAL0000008956&column=szBarcode,BSI,SOURCE_ONLY,False,252,
PLANT-0317,Breynia rhamnoides (Retz.) Muell.-Arg.,Tikhar,EUPHORBIACEAE,Tikhar,,,,,,,,https://archive.bsi.gov.in/echoHerbarium-Details/en?link=CAL0000008957&column=szBarcode,BSI,SOURCE_ONLY,False,254,
PLANT-0318,Bridelia montana Willd.,"Khaja, Gondui",EUPHORBIACEAE,"Khaja, Gondui",,,,,,,,https://archive.bsi.gov.in/echoHerbarium-Details/en?link=CAL0000008953&column=szBarcode,BSI,SOURCE_ONLY,False,255,
PLANT-0319,Briedelia montana (Roxb.) Willd.,"Gondni, Geia",EUPHORBIACEAE,"Gondni, Geia",Ayurveda,,,Wood; (Heartwood),Tree,AF,,,NMPB,SOURCE_ONLY,False,,168
PLANT-0320,Bromus mollis L.,Soft brome (Eng.),POACEAE,Soft brome (Eng.),,,,,,,,https://archive.bsi.gov.in/echoHerbarium-Details/en?link=CAL0000003182&column=szBarcode,BSI,SOURCE_ONLY,False,256,
PLANT-0321,Brucea javanica (L.) Merr.,Chinese Sumac (Eng.),SIMAROUBACEAE,Chinese Sumac (Eng.),,,,,,,,https://archive.bsi.gov.in/echoHerbarium-Details/en?link=CAL0000013481&column=szBarcode,BSI,SOURCE_ONLY,False,257,
PLANT-0322,Bryonopsis laciniosa (L.) Naud.,"Gorgu-naru, Mala (Beng.)",CUCURBITACEAE,"Gorgu-naru, Mala (Beng.)",,,,,,,,https://archive.bsi.gov.in/echoHerbarium-Details/en?link=CAL0000013780&column=szBarcode,BSI,SOURCE_ONLY,False,258,
PLANT-0323,Bryophyllum pinnatum Lam.,Zakhm-haiyat,CRASSULACEAE,Zakhm-haiyat,,,,,,,,https://archive.bsi.gov.in/echoHerbarium-Details/en?link=CAL0000009436&column=szBarcode,BSI,SOURCE_ONLY,False,259,
PLANT-0324,Buchanania lanzan Spreng.,"Piyar, Chironji",ANACARDIACEAE,"Piyar, Chironji; Chironji; Priyala; Names",Ayurveda,,,Fruit (Seed),Tree,AFSTUTag **,Priyala; Names,https://archive.bsi.gov.in/echoHerbarium-Details/en?link=CAL0000003567&column=szBarcode,BSI+NMPB,HIGH,False,260,169
PLANT-0325,Buddleja asiatica Lour.,Neemda,BUDDLEJACEAE,Neemda,,,,,,,,https://archive.bsi.gov.in/echoHerbarium-Details/en?link=CAL0000013557&column=szBarcode,BSI,SOURCE_ONLY,False,261,
PLANT-0326,Bunium persicum (Boiss.) Fedt.,"Siah-zirah, Kala-zirah",APIACEAE,"Siah-zirah, Kala-zirah; Kala-zirah,; Shah-zirah",Ayurveda,,,Fruit,Herb,AF,,https://archive.bsi.gov.in/echoHerbarium-Details/en?link=CAL0000013757&column=szBarcode,BSI+NMPB,HIGH,False,262,170
PLANT-0327,Butea monosperma (Lam.) Taub.,"Dhak, Palas (Beng.)",FABACEAE,"Dhak, Palas (Beng.); Palash, Tesu; phool, Lac; Palasa,; Palasah",Ayurveda,,,"Bark (Stem),; Flower, Root,; Fruit (Seed),; Wood, Gum",Tree,AFSTU,"Palasa,; Palasah",https://archive.bsi.gov.in/echoHerbarium-Details/en?link=CAL0000003662&column=szBarcode,BSI+NMPB,HIGH,False,263,171
PLANT-0328,Butea parviflora Roxb.,"Maulo, Bando",FABACEAE,"Maulo, Bando",,,,,,,,https://archive.bsi.gov.in/echoHerbarium-Details/en?link=CAL0000003660&column=szBarcode,BSI,SOURCE_ONLY,False,264,
PLANT-0329,Butea superba Roxb.,Palas lata,FABACEAE,"Palas lata; Phul kesu,; Tesu phool",Ayurveda,,,Flower,Climber,AFS,,https://archive.bsi.gov.in/echoHerbarium-Details/en?link=CAL0000003661&column=szBarcode,BSI+NMPB,HIGH,False,265,172
PLANT-0330,Buxus wallichiana Baill.,"Chikri, Papri",BUXACEAE,"Chikri, Papri",,,,,,,,https://archive.bsi.gov.in/echoHerbarium-Details/en?link=CAL0000009012&column=szBarcode,BSI,SOURCE_ONLY,False,266,
PLANT-0331,Byttneria herbacea Roxb.,Kambraj (Beng.),STERCULIACEAE,Kambraj (Beng.),,,,,,,,https://archive.bsi.gov.in/echoHerbarium-Details/en?link=CAL0000003857&column=szBarcode,BSI,SOURCE_ONLY,False,267,
PLANT-0332,Caccinia crassifolia (Vent.) C.Koch,Gaozaban,BORAGINACEAE,Gaozaban,,,,"Leaf, Flower",Climber,F,,,NMPB,SOURCE_ONLY,False,,173
PLANT-0333,Cadaba fruticosa (L.) Druce,Kodhab,CAPPARACEAE,"Kodhab; Kodham,; Pulika",,,,Leaf,Shrub,FS,,https://archive.bsi.gov.in/echoHerbarium-Details/en?link=CAL0000003737&column=szBarcode,BSI+NMPB,HIGH,False,268,174
PLANT-0334,Cadaba trifoliata (Roxb.) Wight & Arn.,Balaya (Sans.),CAPPARACEAE,Balaya (Sans.),,,,,,,,https://archive.bsi.gov.in/echoHerbarium-Details/en?link=CAL0000003739&column=szBarcode,BSI,SOURCE_ONLY,False,269,
PLANT-0335,Caesalpinia bonduc (L.) Roxb.,"Kantikaranjua, Kat-karanj",CAESALPINIACEAE,"Kantikaranjua, Kat-karanj; Sagargota,; Gatran,; Nataphal; Latakaranja",Ayurveda,,,Fruit (Seed),Shrub,AFHS,Latakaranja,https://archive.bsi.gov.in/echoHerbarium-Details/en?link=CAL0000003525&column=szBarcode,BSI+NMPB,HIGH,False,270,175
PLANT-0336,Caesalpinia coriaria (Jacq.) Willd.,Dividivi (Tel.),CAESALPINIACEAE,Dividivi (Tel.),,,,,,,,https://archive.bsi.gov.in/echoHerbarium-Details/en?link=CAL0000003519&column=szBarcode,BSI,SOURCE_ONLY,False,271,
PLANT-0337,Caesalpinia crista L.,"Karanju, Katkaranj",CAESALPINIACEAE,"Karanju, Katkaranj",,,,,,,,https://archive.bsi.gov.in/echoHerbarium-Details/en?link=CAL0000003527&column=szBarcode,BSI,SOURCE_ONLY,False,272,
PLANT-0338,Caesalpinia digyna Rottler,Vakeri-mul,CAESALPINIACEAE,"Vakeri-mul; Teripods,; Teri Beej",Ayurveda,,,Fruit,Climber,A,,https://archive.bsi.gov.in/echoHerbarium-Details/en?link=CAL0000003518&column=szBarcode,BSI+NMPB,HIGH,False,273,176
PLANT-0339,Caesalpinia pulcherrima (L.) Swartz,Guletura,CAESALPINIACEAE,"Guletura; Gultora,; Krishnachura,; Peacock flower",Ayurveda,,,Root,Shrub,AFS,,https://archive.bsi.gov.in/echoHerbarium-Details/en?link=CAL0000003522&column=szBarcode,BSI+NMPB,HIGH,False,274,177
PLANT-0340,Caesalpinia sappan L.,"Bakam, Patang",CAESALPINIACEAE,"Bakam, Patang; Pathimugam; Pattanga",Ayurveda,,,Wood; (Heartwood),Tree,AFSU,Pattanga,https://archive.bsi.gov.in/echoHerbarium-Details/en?link=CAL0000003523&column=szBarcode,BSI+NMPB,HIGH,False,275,178
PLANT-0341,Cajanus cajan (L.) Millsp.,"Arhar, Tur",FABACEAE,"Arhar, Tur; Adhaki",Ayurveda,,,Fruit (Seed),Shrub,AFST,Adhaki,https://archive.bsi.gov.in/echoHerbarium-Details/en?link=CAL0000003620&column=szBarcode,BSI+NMPB,HIGH,False,276,179
PLANT-0342,Calamus rotang L.,Arichural (Malayalam),ARECACEAE,"Arichural (Malayalam); Pirapan; Kizhangu, Bet",Ayurveda,,,"Root, Fruit; (Seed)",Shrub,AFSU,,https://archive.bsi.gov.in/echoHerbarium-Details/en?link=CAL0000003209&column=szBarcode,BSI+NMPB,HIGH,False,277,180
PLANT-0343,Calamus travancoricus Bedd. ex Becc.,Kattuchooral (Malayalam),ARECACEAE,Kattuchooral (Malayalam),,,,,,,,https://archive.bsi.gov.in/echoHerbarium-Details/en?link=CAL0000003206&column=szBarcode,BSI,SOURCE_ONLY,False,278,
PLANT-0344,Calendula officinalis L.,Zergul (Punjab),ASTERACEAE,Zergul (Punjab),,,,,,,,https://archive.bsi.gov.in/echoHerbarium-Details/en?link=CAL0000013653&column=szBarcode,BSI,SOURCE_ONLY,False,279,
PLANT-0345,Callicarpa arborea Roxb. ex C.B.Clarke,Khoja (Assam),VERBENACEAE,Khoja (Assam),,,,,,,,https://archive.bsi.gov.in/echoHerbarium-Details/en?link=CAL0000009072&column=szBarcode,BSI,SOURCE_ONLY,False,280,
PLANT-0346,Callicarpa longifolia Lam.,Dieng-soh-kait-lang (Khasi Hills),VERBENACEAE,Dieng-soh-kait-lang (Khasi Hills),,,,,,,,https://archive.bsi.gov.in/echoHerbarium-Details/en?link=CAL0000009069&column=szBarcode,BSI,SOURCE_ONLY,False,281,
PLANT-0347,Callicarpa macrophylla Vahl,"Daya, Priyangu",VERBENACEAE,"Daya, Priyangu; Priyangu",Ayurveda,,,"Flower,; Fruit (Seed)",Tree,AT,Priyangu,https://archive.bsi.gov.in/echoHerbarium-Details/en?link=CAL0000009067&column=szBarcode,BSI+NMPB,HIGH,False,282,181
PLANT-0348,Callicarpa tomentosa (L.) Murr.,Bastra,VERBENACEAE,Bastra,,,,,,,,https://archive.bsi.gov.in/echoHerbarium-Details/en?link=CAL0000009073&column=szBarcode,BSI,SOURCE_ONLY,False,283,
PLANT-0349,Calligonum polygonoides L.,Phog,POLYGONACEAE,Phog,,,,,,,,https://archive.bsi.gov.in/echoHerbarium-Details/en?link=CAL0000009910&column=szBarcode,BSI,SOURCE_ONLY,False,284,
PLANT-0350,Callistemon lanceolatus DC.,Bottle Brush (Eng.),MYRTACEAE,Bottle Brush (Eng.),,,,,,,,https://archive.bsi.gov.in/echoHerbarium-Details/en?link=CAL0000013797&column=szBarcode,BSI,SOURCE_ONLY,False,285,
PLANT-0351,Calophyllum apetalum Willd.,Bobbi (Mar.),CLUSIACEAE,Bobbi (Mar.); Cherupunna,,,,Fruit,Tree,FS,,https://archive.bsi.gov.in/echoHerbarium-Details/en?link=CAL0000003801&column=szBarcode,BSI+NMPB,HIGH,False,286,182
PLANT-0352,Calophyllum inophyllum L.,Sultanachampa,CLUSIACEAE,Sultanachampa; Punnappoovu; Names,Ayurveda,,,"Flower, Fruit",Tree,AFSTag **,Names,https://archive.bsi.gov.in/echoHerbarium-Details/en?link=CAL0000003803&column=szBarcode,BSI+NMPB,HIGH,False,287,183
PLANT-0353,Calotropis gigantea (L.) W.T.Aiton,Ak,ASCLEPIADACEAE,Ak; Erukkin veru,Ayurveda,,,"Flower,; Bark (Root),; Stem",Shrub,AFHSTU,,https://archive.bsi.gov.in/echoHerbarium-Details/en?link=CAL0000009264&column=szBarcode,BSI+NMPB,HIGH,False,288,184
PLANT-0354,Calotropis procera (Aiton) W.T.Aiton,"Akada, Akavana",ASCLEPIADACEAE,"Akada, Akavana; Akada Phool; Arka",Ayurveda,,,"Flower,; Bark (Root)",Shrub,AFSTU,Arka,https://archive.bsi.gov.in/echoHerbarium-Details/en?link=CAL0000009260&column=szBarcode,BSI+NMPB,HIGH,False,289,185
PLANT-0355,Caltha palustris L.,Mumiri (Punjab),RANUNCULACEAE,Mumiri (Punjab),,,,,,,,https://archive.bsi.gov.in/echoHerbarium-Details/en?link=CAL0000009950&column=szBarcode,BSI,SOURCE_ONLY,False,290,
PLANT-0356,Calycopteris floribunda (Roxb.) Lam.,Kokaray,COMBRETACEAE,Kokaray; Pullaaniyila; Pullani,Ayurveda,,,"Fruit, Leaf",Climber,AF,Pullani,https://archive.bsi.gov.in/echoHerbarium-Details/en?link=CAL0000013714&column=szBarcode,BSI+NMPB,HIGH,False,291,186
PLANT-0357,Camellia kissi Wall.,Kissi (Nepal),THEACEAE,Kissi (Nepal),,,,,,,,https://archive.bsi.gov.in/echoHerbarium-Details/en?link=CAL0000003798&column=szBarcode,BSI,SOURCE_ONLY,False,292,
PLANT-0358,Camellia sinensis (L.) Kuntze,"Cha, Chai",THEACEAE,"Cha, Chai",,,,,,,,https://archive.bsi.gov.in/echoHerbarium-Details/en?link=CAL0000003797&column=szBarcode,BSI,SOURCE_ONLY,False,293,
PLANT-0359,Cananga odorata Hook.f. & Thoms.,Karumugai (Tam.),ANNONACEAE,Karumugai (Tam.),,,,,,,,https://archive.bsi.gov.in/echoHerbarium-Details/en?link=CAL0000013999&column=szBarcode,BSI,SOURCE_ONLY,False,294,
PLANT-0360,Canarium strictum Roxb.,"Dhoop,; Raldhoop",BURSERACEAE,"Dhoop,; Raldhoop",Ayurveda,,,"Resin, Wood",Tree,AFS,,,NMPB,SOURCE_ONLY,False,,187
PLANT-0361,Canavalia gladiata (Jacq.) DC.,"Bara Sem, Sufed Kadsumbal",FABACEAE,"Bara Sem, Sufed Kadsumbal",,,,,,,,https://archive.bsi.gov.in/echoHerbarium-Details/en?link=CAL0000003626&column=szBarcode,BSI,SOURCE_ONLY,False,295,
PLANT-0362,Canella alba Murray,Kiliyuram; pattai,CANELLACEAE,Kiliyuram; pattai,,,,Bark (Stem),Tree,F,,,NMPB,SOURCE_ONLY,False,,188
PLANT-0363,Canna indica L.,"Sabbajaya, Sarvajjaya",CANNACEAE,"Sabbajaya, Sarvajjaya",,,,,,,,https://archive.bsi.gov.in/echoHerbarium-Details/en?link=CAL0000003134&column=szBarcode,BSI,SOURCE_ONLY,False,296,
PLANT-0364,Cannabis sativa L.,"Bhang, Ganja",CANNABACEAE,"Bhang, Ganja; Maya, Bhang; Vijaya",Ayurveda,,,"Fruit (Seed),; Whole Plant",Shrub,AFHS-TUW,Vijaya,https://archive.bsi.gov.in/echoHerbarium-Details/en?link=CAL0000009006&column=szBarcode,BSI+NMPB,HIGH,False,297,189
PLANT-0365,Canscora decussata (Roxb.) Schult. & Schult.f.,Sankhaphuli,GENTIANACEAE,"Sankhaphuli; Shankhuli,; Nakuli,; Shankahpuspi",Ayurveda,,,Whole Plant,Herb,ASU,,https://archive.bsi.gov.in/echoHerbarium-Details/en?link=CAL0000013560&column=szBarcode,BSI+NMPB,HIGH,False,298,190
PLANT-0366,Canscora diffusa (Vahl) R.Br. ex. Roem. & Schult.,Kyoukpan (Burma),GENTIANACEAE,Kyoukpan (Burma),,,,,,,,https://archive.bsi.gov.in/echoHerbarium-Details/en?link=CAL0000013561&column=szBarcode,BSI,SOURCE_ONLY,False,299,
PLANT-0367,Canthium dicoccum (Gaertn.) Merr.,Arsul (Mar.),RUBIACEAE,Arsul (Mar.),,,,,,,,https://archive.bsi.gov.in/echoHerbarium-Details/en?link=CAL0000013608&column=szBarcode,BSI,SOURCE_ONLY,False,300,
PLANT-0368,Capparis decidua (Forssk.) Edgew.,"Kurrel, Karer",CAPPARACEAE,"Kurrel, Karer",,,,,,,,https://archive.bsi.gov.in/echoHerbarium-Details/en?link=CAL0000003733&column=szBarcode,BSI,SOURCE_ONLY,False,301,
PLANT-0369,Capparis divaricata Lam.,Turatti,CAPPARACEAE,Turatti,,,,Leaf,Tree,S,,,NMPB,SOURCE_ONLY,False,,191
PLANT-0370,Capparis grandis L.f.,Kauntel (Mar.),CAPPARACEAE,Kauntel (Mar.),,,,,,,,https://archive.bsi.gov.in/echoHerbarium-Details/en?link=CAL0000003730&column=szBarcode,BSI,SOURCE_ONLY,False,302,
PLANT-0371,Capparis heyneana Wall. ex Wight,Chaymka,CAPPARACEAE,Chaymka,,,,,,,,https://archive.bsi.gov.in/echoHerbarium-Details/en?link=CAL0000003729&column=szBarcode,BSI,SOURCE_ONLY,False,303,
PLANT-0372,Capparis moonii Wight,Rudanti,CAPPARACEAE,Rudanti,Ayurveda,,,Fruit,Climber,A,,,NMPB,SOURCE_ONLY,False,,192
PLANT-0373,Capparis roxburghii DC.,Rudanti (Subs.),CAPPARACEAE,Rudanti (Subs.),Ayurveda,,,Fruit,Shrub,A,,,NMPB,SOURCE_ONLY,False,,193
PLANT-0374,Capparis sepiaria L.,Kaliakara (Ben.),CAPPARACEAE,Kaliakara (Ben.); Karungurai,Ayurveda,,,Bark (Stem),Shrub,AFS,,https://archive.bsi.gov.in/echoHerbarium-Details/en?link=CAL0000003728&column=szBarcode,BSI+NMPB,HIGH,False,304,194
PLANT-0375,Capparis spinosa L.,Kabra,CAPPARACEAE,Kabra; Kanther; Himsra,Ayurveda,,,Fruit,Shrub,AU,Himsra,https://archive.bsi.gov.in/echoHerbarium-Details/en?link=CAL0000003736&column=szBarcode,BSI+NMPB,HIGH,False,305,195
PLANT-0376,Capparis zeylanica L.,Ardanda,CAPPARACEAE,Ardanda; Sivappu Boomi; Sakkarai; Kizhangu; Vyaghranakha,Ayurveda,,,Root,Climber,AFS,Vyaghranakha,https://archive.bsi.gov.in/echoHerbarium-Details/en?link=CAL0000003734&column=szBarcode,BSI+NMPB,HIGH,False,306,196
PLANT-0377,Capsella bursa-pastoris (L.) Medik.,Shepherd's purse (Eng.),BRASSICACEAE,Shepherd's purse (Eng.),,,,,,,,https://archive.bsi.gov.in/echoHerbarium-Details/en?link=CAL0000003751&column=szBarcode,BSI,SOURCE_ONLY,False,307,
PLANT-0378,Capsicum annum L.,"Lalmirch, Gachmarich",SOLANACEAE,"Lalmirch, Gachmarich",,,,,,,,https://archive.bsi.gov.in/echoHerbarium-Details/en?link=CAL0000009681&column=szBarcode,BSI,SOURCE_ONLY,False,308,
PLANT-0379,Capsicum frutescens L.,Bird Chilli (Eng.),SOLANACEAE,Bird Chilli (Eng.),,,,,,,,https://archive.bsi.gov.in/echoHerbarium-Details/en?link=CAL0000009680&column=szBarcode,BSI,SOURCE_ONLY,False,309,
PLANT-0380,Carallia brachiata (Lour.) Merr.,Kierpa (Beng.),RHIZOPHORACEAE,Kierpa (Beng.),,,,,,,,https://archive.bsi.gov.in/echoHerbarium-Details/en?link=CAL0000013709&column=szBarcode,BSI,SOURCE_ONLY,False,310,
PLANT-0381,Carapa granatum (Koenig) Alston,Pussur,MELIACEAE,Pussur,,,,,,,,https://archive.bsi.gov.in/echoHerbarium-Details/en?link=CAL0000009889&column=szBarcode,BSI,SOURCE_ONLY,False,311,
PLANT-0382,Cardiospermum halicacabum L.,Mudakkathan,SAPINDACEAE,Mudakkathan; Karnasphota,Ayurveda,,,"Root, Fruit; (Seed), Whole; Plant",Climber,AFHSU,Karnasphota,,NMPB,SOURCE_ONLY,False,,197
PLANT-0383,Cardiospermum helicacabum L.,Kanphuti,SAPINDACEAE,Kanphuti,,,,,,,,https://archive.bsi.gov.in/echoHerbarium-Details/en?link=CAL0000003583&column=szBarcode,BSI,SOURCE_ONLY,False,312,
PLANT-0384,Carduus nutans L.,Gulibadaward (Kashmir),ASTERACEAE,"Gulibadaward (Kashmir); Musk thistle,; Scotch thistle",,,,Root,Herb,F,,https://archive.bsi.gov.in/echoHerbarium-Details/en?link=CAL0000013654&column=szBarcode,BSI+NMPB,HIGH,False,313,198
PLANT-0385,Careya arborea Roxb.,Kumbi,LECYTHIDACEAE,"Kumbi; Vaaikumbha,; Kumbhiphoo; Kumbhikah; Names",Ayurveda,,,"Flower, Fruit,; Bark (Stem)",Tree,AFSTag **,Kumbhikah; Names,https://archive.bsi.gov.in/echoHerbarium-Details/en?link=CAL0000013808&column=szBarcode,BSI+NMPB,HIGH,False,314,199
PLANT-0386,Carica papaya L.,"Papeeta, Papaya",CARICACEAE,"Papeeta, Papaya; Papaya, Papita",Ayurveda,,,"Bark (Stem),; Leaf",Tree,AFHSUW,,https://archive.bsi.gov.in/echoHerbarium-Details/en?link=CAL0000013799&column=szBarcode,BSI+NMPB,HIGH,False,315,200
PLANT-0387,Carissa carandas L.,"Christ’s thorn,; Karanda",APOCYNACEAE,"Christ’s thorn,; Karanda; Karamarda,; Karinkara",Ayurveda,,,Fruit,Shrub,AFS,"Karamarda,; Karinkara",,NMPB,SOURCE_ONLY,False,,201
PLANT-0388,Carissa congesta Wight,"Karaunda, Karonti",APOCYNACEAE,"Karaunda, Karonti",,,,,,,,https://archive.bsi.gov.in/echoHerbarium-Details/en?link=CAL0000009285&column=szBarcode,BSI,SOURCE_ONLY,False,316,
PLANT-0389,Carissa opaca Stapf ex. Haines,"Karaunda, Karonti",APOCYNACEAE,"Karaunda, Karonti",,,,,,,,https://archive.bsi.gov.in/echoHerbarium-Details/en?link=CAL0000009286&column=szBarcode,BSI,SOURCE_ONLY,False,317,
PLANT-0390,Carmona microphylla (Lam.) G.Don,Pala,BORAGINACEAE,Pala,,,,,,,,https://archive.bsi.gov.in/echoHerbarium-Details/en?link=CAL0000009710&column=szBarcode,BSI,SOURCE_ONLY,False,318,
PLANT-0391,Carpesium abrotanoides L.,Wotiangil (Kashmir),ASTERACEAE,Wotiangil (Kashmir),,,,,,,,https://archive.bsi.gov.in/echoHerbarium-Details/en?link=CAL0000013655&column=szBarcode,BSI,SOURCE_ONLY,False,319,
PLANT-0392,Carpesium cernuum L.,Nodding Carpesium (Eng.),ASTERACEAE,Nodding Carpesium (Eng.),,,,,,,,https://archive.bsi.gov.in/echoHerbarium-Details/en?link=CAL0000013656&column=szBarcode,BSI,SOURCE_ONLY,False,320,
PLANT-0393,Carthamus lanatus L.,Saffron Thistle (Eng.),ASTERACEAE,Saffron Thistle (Eng.),,,,,,,,https://archive.bsi.gov.in/echoHerbarium-Details/en?link=CAL0000013660&column=szBarcode,BSI,SOURCE_ONLY,False,321,
PLANT-0394,Carthamus tinctorius L.,"Kusum, Karrah",ASTERACEAE,"Kusum, Karrah; Kusum phool",Ayurveda,,,Fruit (Seed),Shrub,AFSTU,,https://archive.bsi.gov.in/echoHerbarium-Details/en?link=CAL0000013657&column=szBarcode,BSI+NMPB,HIGH,False,322,202
PLANT-0395,Carum carvi L.,"Shia-jira, Zira",APIACEAE,"Shia-jira, Zira; Shahjeera,; Kalazira; Krsnajiraka",Ayurveda,,,Fruit,Herb,AHSTU,Krsnajiraka,https://archive.bsi.gov.in/echoHerbarium-Details/en?link=CAL0000013756&column=szBarcode,BSI+NMPB,HIGH,False,323,203
PLANT-0396,Carum strictocarpum C.B.Clarke,Kalzira (Subs.),APIACEAE,Kalzira (Subs.),,,,Fruit,Herb,F,,,NMPB,SOURCE_ONLY,False,,204
PLANT-0397,Caryota urens L.,Mari,ARECACEAE,Mari,,,,,,,,https://archive.bsi.gov.in/echoHerbarium-Details/en?link=CAL0000003196&column=szBarcode,BSI,SOURCE_ONLY,False,324,
PLANT-0398,Casaeria graveolens Dalzell,Safed-Karai,SAMYDACEAE,Safed-Karai,,,,,,,,https://archive.bsi.gov.in/echoHerbarium-Details/en?link=CAL0000013803&column=szBarcode,BSI,SOURCE_ONLY,False,325,
PLANT-0399,Casearia elliptica Willd.,Chilla,SAMYDACEAE,Chilla,,,,,,,,https://archive.bsi.gov.in/echoHerbarium-Details/en?link=CAL0000013802&column=szBarcode,BSI,SOURCE_ONLY,False,326,
PLANT-0400,Casearia esculenta Roxb.,Saptarangi,FLACOURTIACEAE,Saptarangi,Ayurveda,,,Root,Shrub,A,,,NMPB,SOURCE_ONLY,False,,205
PLANT-0401,Cassia absus L.,"Chaksu, Chakut",CAESALPINIACEAE,"Chaksu, Chakut; Chaksoo",Ayurveda,,,"Fruit (Seed),; Root",Herb,AFSTU,,https://archive.bsi.gov.in/echoHerbarium-Details/en?link=CAL0000003498&column=szBarcode,BSI+NMPB,HIGH,False,330,206
PLANT-0402,Cassia alata L.,"Dadmurdan, Datkapat",CAESALPINIACEAE,"Dadmurdan, Datkapat; Dadmurdan; , Dat-ka-; pat",Ayurveda,,,"Leaf, Root,; Fruit",Shrub,AFS,,https://archive.bsi.gov.in/echoHerbarium-Details/en?link=CAL0000003500&column=szBarcode,BSI+NMPB,HIGH,False,331,207
PLANT-0403,Cassia angustifolia Vahl,Bhuikhakhasa,CAESALPINIACEAE,"Bhuikhakhasa; Sona patta,; Sonamukhi,; Senna; Svarnapatri",Ayurveda,,,"Leaf, Fruit; (Fruit, Seed)",Herb,AHSUW,Svarnapatri,https://archive.bsi.gov.in/echoHerbarium-Details/en?link=CAL0000003495&column=szBarcode,BSI+NMPB,HIGH,False,327,208
PLANT-0404,Cassia auriculata L.,"Tarwar, Taroda",CAESALPINIACEAE,"Tarwar, Taroda; Avarai",Ayurveda,,,"Bark (Stem),; Leaf, Flower,; Fruit (Seed)",Shrub,AFS,,https://archive.bsi.gov.in/echoHerbarium-Details/en?link=CAL0000003503&column=szBarcode,BSI+NMPB,HIGH,False,333,209
PLANT-0405,Cassia fistula L.,Amaltas,CAESALPINIACEAE,"Amaltas; Amalthasphali,; Sonari chal; Aragvadha",Ayurveda,,,"Flower, Fruit; (Seed), Bark; (Stem)",Tree,AFSTU,Aragvadha,https://archive.bsi.gov.in/echoHerbarium-Details/en?link=CAL0000003513&column=szBarcode,BSI+NMPB,HIGH,False,334,210
PLANT-0406,Cassia italica (Mill.) Spreng,Italian Senna (Eng.),CAESALPINIACEAE,Italian Senna (Eng.),,,,,,,,https://archive.bsi.gov.in/echoHerbarium-Details/en?link=CAL0000003502&column=szBarcode,BSI,SOURCE_ONLY,False,335,
PLANT-0407,Cassia mimosoides L.,Naelaponna (Tel.),CAESALPINIACEAE,Naelaponna (Tel.),,,,,,,,https://archive.bsi.gov.in/echoHerbarium-Details/en?link=CAL0000003496&column=szBarcode,BSI,SOURCE_ONLY,False,328,
PLANT-0408,Cassia obtusifolia L.,Panevar,CAESALPINIACEAE,"Panevar; Panevar, Taga",Ayurveda,,,Fruit,Shrub,A,,https://archive.bsi.gov.in/echoHerbarium-Details/en?link=CAL0000003505&column=szBarcode,BSI+NMPB,HIGH,False,336,211
PLANT-0409,Cassia occidentalis L.,"Kasondi, Chakunda",CAESALPINIACEAE,"Kasondi, Chakunda; Kasondi,; Kasmardah",Ayurveda,,,"Fruit (Seed),; Leaf",Herb,AFST,,https://archive.bsi.gov.in/echoHerbarium-Details/en?link=CAL0000003511&column=szBarcode,BSI+NMPB,HIGH,False,337,212
PLANT-0410,Cassia pumila Lam.,Sarmal (Mar.),CAESALPINIACEAE,Sarmal (Mar.),,,,,,,,https://archive.bsi.gov.in/echoHerbarium-Details/en?link=CAL0000003497&column=szBarcode,BSI,SOURCE_ONLY,False,329,
PLANT-0411,Cassia siamea Lam.,Kassod (Mar.),CAESALPINIACEAE,Kassod (Mar.); Kassod; Names,,,,Leaf,Tree,FSTag **,Names,https://archive.bsi.gov.in/echoHerbarium-Details/en?link=CAL0000003509&column=szBarcode,BSI+NMPB,HIGH,False,338,213
PLANT-0412,Cassia sophera L.,Kasunda,CAESALPINIACEAE,"Kasunda; Kasodi,; Ponthakaram",Ayurveda,,,Whole Plant,Shrub,AFHS,,https://archive.bsi.gov.in/echoHerbarium-Details/en?link=CAL0000003508&column=szBarcode,BSI+NMPB,HIGH,False,339,214
PLANT-0413,Cassia tora L.,"Chakunda, Panevar",CAESALPINIACEAE,"Chakunda, Panevar; Chakoda Beeja,; Pawad,; Chankuda; Prapunnada",Ayurveda,,,"Fruit (Seed),; Root",Herb,AFSTU,Prapunnada,https://archive.bsi.gov.in/echoHerbarium-Details/en?link=CAL0000003504&column=szBarcode,BSI+NMPB,HIGH,False,340,215
PLANT-0414,Cassytha filiformis L.,Amarbeli,LAURACEAE,"Amarbeli; Astimu,; Akash Bel",Ayurveda,,,Whole Plant,Climber,AFS,,https://archive.bsi.gov.in/echoHerbarium-Details/en?link=CAL0000009905&column=szBarcode,BSI+NMPB,HIGH,False,341,216
PLANT-0415,Castanea sativa Mill.,Sweet Chestnut (Eng.),FAGACEAE,Sweet Chestnut (Eng.),,,,,,,,https://archive.bsi.gov.in/echoHerbarium-Details/en?link=CAL0000008922&column=szBarcode,BSI,SOURCE_ONLY,False,342,
PLANT-0416,Castanospermum australe A.Cunn. ex Mudie,Black bean (Eng.),FABACEAE,Black bean (Eng.),,,,,,,,https://archive.bsi.gov.in/echoHerbarium-Details/en?link=CAL0000003631&column=szBarcode,BSI,SOURCE_ONLY,False,343,
PLANT-0417,Casuarina equisetifolia L.,Jangli saru,CASUARINACEAE,Jangli saru,,,,,,,,https://archive.bsi.gov.in/echoHerbarium-Details/en?link=CAL0000009008&column=szBarcode,BSI,SOURCE_ONLY,False,344,
PLANT-0418,Catharanthus pusillus (Murray) G.Don,Sangkhi (Sans.),APOCYNACEAE,Sangkhi (Sans.),,,,,,,,https://archive.bsi.gov.in/echoHerbarium-Details/en?link=CAL0000009292&column=szBarcode,BSI,SOURCE_ONLY,False,345,
PLANT-0419,Catharanthus roseus (L.) G. Don,"Sadabahar, Nayantara (Beng.)",APOCYNACEAE,"Sadabahar, Nayantara (Beng.); Sadabahar,; Vinca rosea",Ayurveda,,,"Leaf, Root",Herb,AFW,,https://archive.bsi.gov.in/echoHerbarium-Details/en?link=CAL0000009293&column=szBarcode,BSI+NMPB,HIGH,False,346,217
PLANT-0420,Catunaregum spinosa (Thunb.) Tirveng.; [= Xeromphis spinosa (Thunb.) Keay ],"Mainphal,; Maggare",RUBIACEAE,"Mainphal,; Maggare; Madana",Ayurveda,,,Fruit,Shrub,A,Madana,,NMPB,SOURCE_ONLY,False,,218
PLANT-0421,Cayratia carnosa (Wall.) Gagnep.,"Amal ved,; Amal bel, Gutt",VITACEAE,"Amal ved,; Amal bel, Gutt",Ayurveda,,,Bark (Stem),Climber,AF,,,NMPB,SOURCE_ONLY,False,,219
PLANT-0422,Cayratia pedata (Lam.) Juss. ex Gagnep.,Godhapadi (Sans.),VITACEAE,"Godhapadi (Sans.); Suvaha,; Gummatige",Ayurveda,,,Whole Plant,Climber,AFS,,https://archive.bsi.gov.in/echoHerbarium-Details/en?link=CAL0000003588&column=szBarcode,BSI+NMPB,HIGH,False,347,220
PLANT-0423,Cayratia trifolia (L.) Domin.,"Amal-bel, Ramchana",VITACEAE,"Amal-bel, Ramchana",,,,,,,,https://archive.bsi.gov.in/echoHerbarium-Details/en?link=CAL0000003584&column=szBarcode,BSI,SOURCE_ONLY,False,348,
PLANT-0424,Cedrus deodara (Roxb.ex D.Don) G.Don,Devadaru (Sans.),PINACEAE,Devadaru (Sans.); Devdar; Devadaru,Ayurveda,,,Wood,Tree,AFSTU,Devadaru,https://archive.bsi.gov.in/echoHerbarium-Details/en?link=CAL0000009741&column=szBarcode,BSI+NMPB,HIGH,False,349,221
PLANT-0425,Ceiba pentandra (L.) Gaertn.,"Safed simal, Hattian",BOMBACACEAE,"Safed simal, Hattian; Safed semal",Ayurveda,,,Fruit,Tree,AFSU,,https://archive.bsi.gov.in/echoHerbarium-Details/en?link=CAL0000003870&column=szBarcode,BSI+NMPB,HIGH,False,350,222
PLANT-0426,Celastrus paniculatus Willd.,Malkangni,CELASTRACEAE,"Malkangni; Malkangani,; Jyothismathi,; Bavanthi beeja; Jyotismati",Ayurveda,,,Fruit (Seed),Climber,AFSTU,Jyotismati,https://archive.bsi.gov.in/echoHerbarium-Details/en?link=CAL0000003603&column=szBarcode,BSI+NMPB,HIGH,False,351,223
PLANT-0427,Celosia argentia L.,"Sufaid murgha, Sarwari",AMARANTHACEAE,"Sufaid murgha, Sarwari",,,,,,,,https://archive.bsi.gov.in/echoHerbarium-Details/en?link=CAL0000008907&column=szBarcode,BSI,SOURCE_ONLY,False,352,
PLANT-0428,Celtis caucasia Willd.,Caucasian hackberry (Eng.),ULMACEAE,Caucasian hackberry (Eng.),,,,,,,,https://archive.bsi.gov.in/echoHerbarium-Details/en?link=CAL0000009003&column=szBarcode,BSI,SOURCE_ONLY,False,353,
PLANT-0429,Celtis cinnamomea Lindl.,Pinari (Tam.),ULMACEAE,Pinari (Tam.),,,,,,,,https://archive.bsi.gov.in/echoHerbarium-Details/en?link=CAL0000009015&column=szBarcode,BSI,SOURCE_ONLY,False,354,
PLANT-0430,Celtis philippensis Blanco,Kakamushti; (Subs.),ULMACEAE,Kakamushti; (Subs.),,,,Wood,Tree,FS,,,NMPB,SOURCE_ONLY,False,,224
PLANT-0431,Cenchrus biflorus Roxb.,Bhurat (Local name),POACEAE,Bhurat (Local name),,,,,,,,https://archive.bsi.gov.in/echoHerbarium-Details/en?link=CAL0000003162&column=szBarcode,BSI,SOURCE_ONLY,False,355,
PLANT-0432,Centaurea behen L.,Behmen Safed,ASTERACEAE,Behmen Safed,,,,Root,Herb,FU,,,NMPB,SOURCE_ONLY,False,,225
PLANT-0433,Centaurea calcitrapa L.,Purple star thistle (Eng.),ASTERACEAE,Purple star thistle (Eng.),,,,,,,,https://archive.bsi.gov.in/echoHerbarium-Details/en?link=CAL0000013658&column=szBarcode,BSI,SOURCE_ONLY,False,356,
PLANT-0434,Centella asiatica (L.) Urban,Brahma-manduki,APIACEAE,"Brahma-manduki; Brahmi,; Brahmi booti; Mandukaparni",Ayurveda,,,"Leaf,; Whole Plant",Herb,AFHSTW,Mandukaparni,https://archive.bsi.gov.in/echoHerbarium-Details/en?link=CAL0000013765&column=szBarcode,BSI+NMPB,HIGH,False,357,226
PLANT-0435,Centipeda minima (L.) A.Braun & Asch.,"Nakk-chikni, Nagdowana",ASTERACEAE,"Nakk-chikni, Nagdowana",,,,,,,,https://archive.bsi.gov.in/echoHerbarium-Details/en?link=CAL0000013661&column=szBarcode,BSI,SOURCE_ONLY,False,358,
PLANT-0436,Centranthera indica (L.) Gamble,Undir-kani (Mar.),SCROPHULARIACEAE,Undir-kani (Mar.),,,,,,,,https://archive.bsi.gov.in/echoHerbarium-Details/en?link=CAL0000009671&column=szBarcode,BSI,SOURCE_ONLY,False,359,
PLANT-0437,Centratherum anthelminticum (L.),Kali zeeri,ASTERACEAE,Kali zeeri; Vanyajiraka; Names,Ayurveda,,,"Fruit; (Fruit, Seed)",Herb,AHSUTag **,Vanyajiraka; Names,,NMPB,SOURCE_ONLY,False,,227
PLANT-0438,Cephaelis ipecacuanha (Brot.) A.Rich.,Ipecac (Eng.),RUBIACEAE,Ipecac (Eng.); Ipecacuanha,,,,Root,Shrub,HSUW,,https://archive.bsi.gov.in/echoHerbarium-Details/en?link=CAL0000013594&column=szBarcode,BSI+NMPB,HIGH,False,360,228
PLANT-0439,Ceratonia siliqua L.,Kharnub (Punjab),CAESALPINIACEAE,Kharnub (Punjab),,,,,,,,https://archive.bsi.gov.in/echoHerbarium-Details/en?link=CAL0000003494&column=szBarcode,BSI,SOURCE_ONLY,False,361,
PLANT-0440,Ceratophyllum demursum L.,Sivara,CERATOPHYLLACEAE,Sivara,,,,,,,,https://archive.bsi.gov.in/echoHerbarium-Details/en?link=CAL0000008921&column=szBarcode,BSI,SOURCE_ONLY,False,362,
PLANT-0441,Ceratopteris thaictroides Brong.,Pan-necha (Local name),PARKERIACEAE,Pan-necha (Local name),,,,,,,,https://archive.bsi.gov.in/echoHerbarium-Details/en?link=CAL0000003272&column=szBarcode,BSI,SOURCE_ONLY,False,363,
PLANT-0442,Cerbera manghas L.,Dabur (Beng.),APOCYNACEAE,Dabur (Beng.),,,,,,,,https://archive.bsi.gov.in/echoHerbarium-Details/en?link=CAL0000009290&column=szBarcode,BSI,SOURCE_ONLY,False,364,
PLANT-0443,Cereus grandiflorus Mill.,Night-Blooming Cereus,CACTACEAE,Night-Blooming Cereus,,,,,,,,https://archive.bsi.gov.in/echoHerbarium-Details/en?link=CAL0000013775&column=szBarcode,BSI,SOURCE_ONLY,False,365,
PLANT-0444,Ceriops tagal (Perr.) C.B.Rob.,Goran (Beng.),RHIZOPHORACEAE,Goran (Beng.),,,,,,,,https://archive.bsi.gov.in/echoHerbarium-Details/en?link=CAL0000013708&column=szBarcode,BSI,SOURCE_ONLY,False,366,
PLANT-0445,Ceropegia tuberosa Roxb.,Bhutumbi (Sanskrit),ASCLEPIADACEAE,Bhutumbi (Sanskrit),,,,,,,,https://archive.bsi.gov.in/echoHerbarium-Details/en?link=CAL0000009247&column=szBarcode,BSI,SOURCE_ONLY,False,367,
PLANT-0446,Chaerophyllum villosum Wall. ex DC.,Mithi patis,APIACEAE,Mithi patis,,,,Root,Herb,F,,,NMPB,SOURCE_ONLY,False,,229
PLANT-0447,Cheiranthus cheiri L.,Wall Flower (Eng.),BRASSICACEAE,Wall Flower (Eng.),,,,,,,,https://archive.bsi.gov.in/echoHerbarium-Details/en?link=CAL0000003766&column=szBarcode,BSI,SOURCE_ONLY,False,368,
PLANT-0448,Chenopodium album L.,Bethu sag,CHENOPODIACEAE,Bethu sag,,,,,,,,https://archive.bsi.gov.in/echoHerbarium-Details/en?link=CAL0000008920&column=szBarcode,BSI,SOURCE_ONLY,False,369,
PLANT-0449,Chenopodium ambrosioides L.,"Khatua, Katu ayamoddakam (Mal.)",CHENOPODIACEAE,"Khatua, Katu ayamoddakam (Mal.)",,,,,,,,https://archive.bsi.gov.in/echoHerbarium-Details/en?link=CAL0000008833&column=szBarcode,BSI,SOURCE_ONLY,False,370,
PLANT-0450,Chenopodium botrys L.,Sokana (Local name),CHENOPODIACEAE,Sokana (Local name),,,,,,,,https://archive.bsi.gov.in/echoHerbarium-Details/en?link=CAL0000008832&column=szBarcode,BSI,SOURCE_ONLY,False,371,
PLANT-0451,Chloranthus elatior Link,Tall Chloranthus (Eng.),CHLORANTHACEAE,Tall Chloranthus (Eng.),,,,,,,,https://archive.bsi.gov.in/echoHerbarium-Details/en?link=CAL0000008867&column=szBarcode,BSI,SOURCE_ONLY,False,372,
PLANT-0452,Chloris virgata Sw.,Gharaniagas (Rajasthan),POACEAE,Gharaniagas (Rajasthan),,,,,,,,https://archive.bsi.gov.in/echoHerbarium-Details/en?link=CAL0000003191&column=szBarcode,BSI,SOURCE_ONLY,False,373,
PLANT-0453,Chlorophytum arundinaceum Baker,Safed musli,LILIACEAE,Safed musli; Safed musali,Ayurveda,,,Root,Herb,AFTU,,https://archive.bsi.gov.in/echoHerbarium-Details/en?link=CAL0000003089&column=szBarcode,BSI+NMPB,HIGH,False,374,230
PLANT-0454,Chlorophytum borivilianum Santapau,Safed musali,LILIACEAE,Safed musali,,,,Root,Herb,F,,,NMPB,SOURCE_ONLY,False,,231
PLANT-0455,Chlorophytum tuberosum Baker,Safed musali,LILIACEAE,Safed musali,Ayurveda,,,Root,Herb,AS,,,NMPB,SOURCE_ONLY,False,,232
PLANT-0456,Chloroxylon swietenia DC.,"Bhirra, Girya",RUTACEAE,"Bhirra, Girya",,,,,,,,https://archive.bsi.gov.in/echoHerbarium-Details/en?link=CAL0000009974&column=szBarcode,BSI,SOURCE_ONLY,False,375,
PLANT-0457,Chondrus crispus Stackh.,Irish Moss (Eng.),GIGARTINIACEAE,Irish Moss (Eng.),,,,,,,,https://archive.bsi.gov.in/echoHerbarium-Details/en?link=CAL0000003907&column=szBarcode,BSI,SOURCE_ONLY,False,376,
PLANT-0458,Chonemorpha fragrans (Moon) Alston,Murva,APOCYNACEAE,Murva,Ayurveda,,,Root,Climber,AF,,,NMPB,SOURCE_ONLY,False,,233
PLANT-0459,Chrozophora plicata A.Juss.,Neelkanthi (Local name),EUPHORBIACEAE,Neelkanthi (Local name),,,,,,,,https://archive.bsi.gov.in/echoHerbarium-Details/en?link=CAL0000008974&column=szBarcode,BSI,SOURCE_ONLY,False,377,
PLANT-0460,Chrozophora prostrata Dalzell,Neelkanthi,EUPHORBIACEAE,Neelkanthi,Ayurveda,,,Whole Plant,Herb,AU,,,NMPB,SOURCE_ONLY,False,,234
PLANT-0461,Chrozophora rottleri (Geis.) A.Juss.ex Spreng.,"Subali, Khudi-okra (Beng.)",EUPHORBIACEAE,"Subali, Khudi-okra (Beng.)",,,,,,,,https://archive.bsi.gov.in/echoHerbarium-Details/en?link=CAL0000008973&column=szBarcode,BSI,SOURCE_ONLY,False,378,
PLANT-0462,Chrysanthemum cinerariifolium,Pyrethrum,ASTERACEAE,Pyrethrum,,,,Flower,Herb,FW,,,NMPB,SOURCE_ONLY,False,,235
PLANT-0463,Chrysanthemum coronarium L.,Guldaudi,ASTERACEAE,Guldaudi,,,,,,,,https://archive.bsi.gov.in/echoHerbarium-Details/en?link=CAL0000013664&column=szBarcode,BSI,SOURCE_ONLY,False,379,
PLANT-0464,Chrysanthemum indicum L.,Guldaudi,ASTERACEAE,Guldaudi,,,,,,,,https://archive.bsi.gov.in/echoHerbarium-Details/en?link=CAL0000013665&column=szBarcode,BSI,SOURCE_ONLY,False,380,
PLANT-0465,Chrysobalanus icaco L.,Coco Plum (Eng.),ROSACEAE,Coco Plum (Eng.),,,,,,,,https://archive.bsi.gov.in/echoHerbarium-Details/en?link=CAL0000013731&column=szBarcode,BSI,SOURCE_ONLY,False,381,
PLANT-0466,Cicer arietinum L.,"But, Chana",FABACEAE,"But, Chana",,,,,,,,https://archive.bsi.gov.in/echoHerbarium-Details/en?link=CAL0000003665&column=szBarcode,BSI,SOURCE_ONLY,False,382,
PLANT-0467,Cichorium endivia L.,"Kasini, Kashini",ASTERACEAE,"Kasini, Kashini; Kasini, Endive",Ayurveda,,,Fruit (Seed),Herb,A,,https://archive.bsi.gov.in/echoHerbarium-Details/en?link=CAL0000013667&column=szBarcode,BSI+NMPB,HIGH,False,383,236
PLANT-0468,Cichorium intybus L.,"Kasani, Kashini",ASTERACEAE,"Kasani, Kashini; Kasani",Ayurveda,,,"Flower,; Leaf, Root,; Fruit (Seed)",Herb,AFHSUW,,https://archive.bsi.gov.in/echoHerbarium-Details/en?link=CAL0000013666&column=szBarcode,BSI+NMPB,HIGH,False,384,237
PLANT-0469,Cicuta virosa L,Water Hemlock (Eng.),APIACEAE,Water Hemlock (Eng.),,,,,,,,https://archive.bsi.gov.in/echoHerbarium-Details/en?link=CAL0000013753&column=szBarcode,BSI,SOURCE_ONLY,False,385,
PLANT-0470,Cimicifuga foetida L.,Jiunti (Punjab),RANUNCULACEAE,Jiunti (Punjab),,,,,,,,https://archive.bsi.gov.in/echoHerbarium-Details/en?link=CAL0000009924&column=szBarcode,BSI,SOURCE_ONLY,False,386,
PLANT-0471,Cinchona ledgeriana Bern.,Cinchona,RUBIACEAE,Cinchona,,,,Bark (Stem),Tree,FW,,,NMPB,SOURCE_ONLY,False,,238
PLANT-0472,Cinchona officinalis L.f.,Cinchona (Eng.),RUBIACEAE,Cinchona (Eng.); Cinchona bark,Ayurveda,,,Bark (Stem),Tree,AHU,,https://archive.bsi.gov.in/echoHerbarium-Details/en?link=CAL0000013580&column=szBarcode,BSI+NMPB,HIGH,False,387,239
PLANT-0473,Cinnamomum camphora (L.) Sieb.,"Kapur, Karpur",LAURACEAE,"Kapur, Karpur; Kapur",Ayurveda,,,"Stem, Root; (Root-; Crystals)",Tree,AFHS-TUW,,https://archive.bsi.gov.in/echoHerbarium-Details/en?link=CAL0000008861&column=szBarcode,BSI+NMPB,HIGH,False,397,240
PLANT-0474,Cinnamomum cassia Benth.,Chinese Cinnamon (Eng.),LAURACEAE,Chinese Cinnamon (Eng.); Dalchini,Ayurveda,,,Bark (Stem),Tree,ASTU,,https://archive.bsi.gov.in/echoHerbarium-Details/en?link=CAL0000008851&column=szBarcode,BSI+NMPB,HIGH,False,388,241
PLANT-0475,Cinnamomum glanduliferum (Wall.) Meissn.,Gunserai (Assam),LAURACEAE,Gunserai (Assam),,,,,,,,https://archive.bsi.gov.in/echoHerbarium-Details/en?link=CAL0000008859&column=szBarcode,BSI,SOURCE_ONLY,False,389,
PLANT-0476,Cinnamomum glaucenscens (Nees),Sugandhakabila,LAURACEAE,Sugandhakabila,,,,Fruit,Tree,F,,,NMPB,SOURCE_ONLY,False,,242
PLANT-0477,Cinnamomum glausescens (Nees) Hand.-Mazz.,Rohu (Beng.),LAURACEAE,Rohu (Beng.),,,,,,,,https://archive.bsi.gov.in/echoHerbarium-Details/en?link=CAL0000008846&column=szBarcode,BSI,SOURCE_ONLY,False,390,
PLANT-0478,Cinnamomum impressinervium Meissn.,Tejiya (Assamese),LAURACEAE,Tejiya (Assamese),,,,,,,,https://archive.bsi.gov.in/echoHerbarium-Details/en?link=CAL0000008855&column=szBarcode,BSI,SOURCE_ONLY,False,391,
PLANT-0479,Cinnamomum macrocarpum Hook.f.,Tejapatra (Sans.),LAURACEAE,Tejapatra (Sans.); Lavang,Ayurveda,,,Leaf,Tree,AFS,,https://archive.bsi.gov.in/echoHerbarium-Details/en?link=CAL0000008850&column=szBarcode,BSI+NMPB,HIGH,False,392,243
PLANT-0480,Cinnamomum malabathrum (Lam.),"Dalchini,; Tejpatta",LAURACEAE,"Dalchini,; Tejpatta; Names",,,,Bark (Stem),Tree,F**,Names,,NMPB,SOURCE_ONLY,False,,244
PLANT-0481,Cinnamomum obtusifolium (Roxb.) Nees,"Kinton, Ram tezpat (Beng.)",LAURACEAE,"Kinton, Ram tezpat (Beng.)",,,,,,,,https://archive.bsi.gov.in/echoHerbarium-Details/en?link=CAL0000008853&column=szBarcode,BSI,SOURCE_ONLY,False,393,
PLANT-0482,Cinnamomum pauciflorum Nees,Dinglatterdop (Khasi Hills),LAURACEAE,Dinglatterdop (Khasi Hills),,,,,,,,https://archive.bsi.gov.in/echoHerbarium-Details/en?link=CAL0000008858&column=szBarcode,BSI,SOURCE_ONLY,False,394,
PLANT-0483,Cinnamomum sulphuratum Nees,"Dalchini,; Tejpatta",LAURACEAE,"Dalchini,; Tejpatta",,,,Bark (Stem),Tree,F,,,NMPB,SOURCE_ONLY,False,,245
PLANT-0484,Cinnamomum tamala (Buch.-Ham.) T.Nees & C.H.Eberm.,Tejpatra,LAURACEAE,"Tejpatra; Tamal patra,; Tejpatra; Tvakapatra",Ayurveda,,,"Fruit, Leaf,; Bark (Stem)",Tree,AFSTU,Tvakapatra,https://archive.bsi.gov.in/echoHerbarium-Details/en?link=CAL0000008857&column=szBarcode,BSI+NMPB,HIGH,False,395,246
PLANT-0485,Cinnamomum verum J.Presl.,Dalchini,LAURACEAE,Dalchini; Tvak,Ayurveda,,,"Bark (Stem),; Leaf",Tree,AFH,Tvak,https://archive.bsi.gov.in/echoHerbarium-Details/en?link=CAL0000008843&column=szBarcode,BSI+NMPB,HIGH,False,396,247
PLANT-0486,Cinnamomum wightii Meisn.,"Dalchini,; Tejpatta",LAURACEAE,"Dalchini,; Tejpatta",Ayurveda,,,Bark (Stem),Tree,AS,,,NMPB,SOURCE_ONLY,False,,248
PLANT-0487,Cipadessa baccifera (Roth) Miq.,Adusoge soppu,MELIACEAE,Adusoge soppu,,,,Leaf,Shrub,FS,,,NMPB,SOURCE_ONLY,False,,249
PLANT-0488,Cirsium arvense (L.) Scop.,Creeping Thistle (Eng.),ASTERACEAE,Creeping Thistle (Eng.),,,,,,,,https://archive.bsi.gov.in/echoHerbarium-Details/en?link=CAL0000013668&column=szBarcode,BSI,SOURCE_ONLY,False,398,
PLANT-0489,Cissampelos pareira L.,Akanadi,MENISPERMACEAE,Akanadi; Pahad mool; Patha,Ayurveda,,,Root,Climber,AFHSTUW,Patha,https://archive.bsi.gov.in/echoHerbarium-Details/en?link=CAL0000013495&column=szBarcode,BSI+NMPB,HIGH,False,399,250
PLANT-0490,Cissus adnata Roxb.,Nadena (Mar.),VITACEAE,Nadena (Mar.),,,,,,,,https://archive.bsi.gov.in/echoHerbarium-Details/en?link=CAL0000003589&column=szBarcode,BSI,SOURCE_ONLY,False,400,
PLANT-0491,Cissus pallida (Wight & Arn.) Planch.,Kondage (Kan.),VITACEAE,Kondage (Kan.),,,,,,,,https://archive.bsi.gov.in/echoHerbarium-Details/en?link=CAL0000003592&column=szBarcode,BSI,SOURCE_ONLY,False,401,
PLANT-0492,Cissus quadrangularis L.,"Hadjora, Harsankari",VITACEAE,"Hadjora, Harsankari; Pirandai; Asthisamhrta",Ayurveda,,,Stem,Climber,AFS,Asthisamhrta,https://archive.bsi.gov.in/echoHerbarium-Details/en?link=CAL0000003593&column=szBarcode,BSI+NMPB,HIGH,False,402,251
PLANT-0493,Cissus repens Lam.,Nelaboddu (Tel.),VITACEAE,Nelaboddu (Tel.),,,,,,,,https://archive.bsi.gov.in/echoHerbarium-Details/en?link=CAL0000003595&column=szBarcode,BSI,SOURCE_ONLY,False,403,
PLANT-0494,Cistanche tabulosa (Schrenk) Wight,Pilo agio (Gujrati),OROBANCHACEAE,Pilo agio (Gujrati),,,,,,,,https://archive.bsi.gov.in/echoHerbarium-Details/en?link=CAL0000009669&column=szBarcode,BSI,SOURCE_ONLY,False,404,
PLANT-0495,Citrullus colocynthis (L.) Schrad.,"Indrayan, Makal",CUCURBITACEAE,"Indrayan, Makal; Indrayan,; Indravaruni; Indravaruni",Ayurveda,,,"Fruit, Root",Climber,AFHSTU,Indravaruni,https://archive.bsi.gov.in/echoHerbarium-Details/en?link=CAL0000013787&column=szBarcode,BSI+NMPB,HIGH,False,405,252
PLANT-0496,Citrullus lanatus (Thunb.) Matsumara,"Terbuz,; water melon",CUCURBITACEAE,"Terbuz,; water melon",Ayurveda,,,Root,Climber,AH,,,NMPB,SOURCE_ONLY,False,,253
PLANT-0497,Citrus acida Pers.,Limbu,RUTACEAE,Limbu,,,,Fruit,Tree,S,,,NMPB,SOURCE_ONLY,False,,254
PLANT-0498,Citrus aurantifolia (Christm.) Swingle,Kaghzi-nimbu,RUTACEAE,Kaghzi-nimbu; Limbu,Ayurveda,,,"Flower, Fruit; (Fruit, Rind)",Tree,AFSU,,https://archive.bsi.gov.in/echoHerbarium-Details/en?link=CAL0000013474&column=szBarcode,BSI+NMPB,HIGH,False,406,255
PLANT-0499,Citrus aurantium L.,Khatta,RUTACEAE,Khatta; Narangi,Ayurveda,,,Fruit,Tree,AFSU,,https://archive.bsi.gov.in/echoHerbarium-Details/en?link=CAL0000013492&column=szBarcode,BSI+NMPB,HIGH,False,407,256
PLANT-0500,Citrus bergamia Risso.,"Limbu chaal,; Jambeeram",RUTACEAE,"Limbu chaal,; Jambeeram",Ayurveda,,,Fruit,Tree,AU,,,NMPB,SOURCE_ONLY,False,,257
PLANT-0501,Citrus grandis (L.) Osbeck.,"Chakotra, Mahanimbu",RUTACEAE,"Chakotra, Mahanimbu",,,,,,,,https://archive.bsi.gov.in/echoHerbarium-Details/en?link=CAL0000013473&column=szBarcode,BSI,SOURCE_ONLY,False,408,
PLANT-0502,Citrus limon (L.) Burm.f.,Lemon,RUTACEAE,Lemon; Nimbu,Ayurveda,,,Fruit,Tree,AFHTUW,Nimbu,,NMPB,SOURCE_ONLY,False,,258
PLANT-0503,Citrus medica L.,"Bara nimbu, Bijaura",RUTACEAE,"Bara nimbu, Bijaura; Matunga,; Mahnimbu; Bijapura",Ayurveda,,,Fruit,Tree,ASU,Bijapura,https://archive.bsi.gov.in/echoHerbarium-Details/en?link=CAL0000013476&column=szBarcode,BSI+NMPB,HIGH,False,409,259
PLANT-0504,Citrus reticulata Blanco,Santra,RUTACEAE,Santra,Ayurveda,,,Fruit,Tree,ATU,,,NMPB,SOURCE_ONLY,False,,260
PLANT-0505,Citrus sinensis (L.) Osbeck.,"Musambi, Narangi",RUTACEAE,"Musambi, Narangi",,,,,,,,https://archive.bsi.gov.in/echoHerbarium-Details/en?link=CAL0000013472&column=szBarcode,BSI,SOURCE_ONLY,False,410,
PLANT-0506,Claoxylon indicum Hassk.,Laping Budak (Malay),EUPHORBIACEAE,Laping Budak (Malay),,,,,,,,https://archive.bsi.gov.in/echoHerbarium-Details/en?link=CAL0000008972&column=szBarcode,BSI,SOURCE_ONLY,False,411,
PLANT-0507,Clausena dentata (Willd.) Roem.,Mahasindur,RUTACEAE,Mahasindur,,,,Root,Shrub,FS,,,NMPB,SOURCE_ONLY,False,,261
PLANT-0508,Clausena excavata Burm.f.,Cemamar,RUTACEAE,Cemamar,,,,,,,,https://archive.bsi.gov.in/echoHerbarium-Details/en?link=CAL0000009964&column=szBarcode,BSI,SOURCE_ONLY,False,412,
PLANT-0509,Clausena pentaphylla (Roxb.) DC.,Ratanjote,RUTACEAE,Ratanjote,,,,,,,,https://archive.bsi.gov.in/echoHerbarium-Details/en?link=CAL0000009963&column=szBarcode,BSI,SOURCE_ONLY,False,413,
PLANT-0510,Cleistanthus collinus (Roxb.) Benth. ex Hook.f.,Garari,EUPHORBIACEAE,"Garari; Kutaja, Garbar; Names",Ayurveda,,,"Bark (Stem),; Fruit; **",Tree,AS,Names,https://archive.bsi.gov.in/echoHerbarium-Details/en?link=CAL0000008955&column=szBarcode,BSI+NMPB,HIGH,False,414,262
PLANT-0511,Clematis gauriana Roxb. ex DC.,Telejadari (Kan.),RANUNCULACEAE,Telejadari (Kan.),,,,,,,,https://archive.bsi.gov.in/echoHerbarium-Details/en?link=CAL0000009957&column=szBarcode,BSI,SOURCE_ONLY,False,415,
PLANT-0512,Clematis gouriana Roxb. ex DC.,Morvel Climber,RANUNCULACEAE,Morvel Climber,,,,A,W,,,,NMPB,SOURCE_ONLY,False,,263
PLANT-0513,Clematis smilacifolia Wall.,Gurraputige (Tel.),RANUNCULACEAE,Gurraputige (Tel.),,,,,,,,https://archive.bsi.gov.in/echoHerbarium-Details/en?link=CAL0000009959&column=szBarcode,BSI,SOURCE_ONLY,False,416,
PLANT-0514,Clematis triloba B.Heyne ex Roth,Murhari,RANUNCULACEAE,Murhari; Morvel Climber,,,,AFU,W,,,https://archive.bsi.gov.in/echoHerbarium-Details/en?link=CAL0000009958&column=szBarcode,BSI+NMPB,HIGH,False,417,264
PLANT-0515,Cleome chelidoni L.,Gulabi Tilwan (Local names),CAPPARACEAE,Gulabi Tilwan (Local names),,,,,,,,https://archive.bsi.gov.in/echoHerbarium-Details/en?link=CAL0000003742&column=szBarcode,BSI,SOURCE_ONLY,False,418,
PLANT-0516,Cleome gynandra (L.) L.,"Hulul, Churota",CAPPARACEAE,"Hulul, Churota; Cat whiskers, Herb; Ridhi; Ajagandha",,,,AFST,W,,Ajagandha,https://archive.bsi.gov.in/echoHerbarium-Details/en?link=CAL0000003741&column=szBarcode,BSI+NMPB,HIGH,False,419,265
PLANT-0517,Cleome monophylla L.,Velakkeerai (Local name),CAPPARACEAE,Velakkeerai (Local name),,,,,,,,https://archive.bsi.gov.in/echoHerbarium-Details/en?link=CAL0000003747&column=szBarcode,BSI,SOURCE_ONLY,False,420,
PLANT-0518,Cleome vahliana Fresen.,Panwar (Urdu),CAPPARACEAE,Panwar (Urdu),,,,,,,,https://archive.bsi.gov.in/echoHerbarium-Details/en?link=CAL0000003745&column=szBarcode,BSI,SOURCE_ONLY,False,421,
PLANT-0519,Cleome viscosa L.,"Hulhul, Hurhur",CAPPARACEAE,"Hulhul, Hurhur; Nai kadugu Herb",,,,AFSU,W,,,https://archive.bsi.gov.in/echoHerbarium-Details/en?link=CAL0000003743&column=szBarcode,BSI+NMPB,HIGH,False,422,266
PLANT-0520,Clerodendrum indicum (L.) Kuntze,Bharangi Shrub,VERBENACEAE,Bharangi Shrub,,,,AF,W/C,,,,NMPB,SOURCE_ONLY,False,,267
PLANT-0521,Clerodendrum inerme (L.f.) Gaertn.,"Lanjai, Sangkupi",VERBENACEAE,"Lanjai, Sangkupi; Nir-Notsjil, Shrub; Sangan-; Kuppi,; Agnimanth",,,,AFS,C/W,,,https://archive.bsi.gov.in/echoHerbarium-Details/en?link=CAL0000009078&column=szBarcode,BSI+NMPB,HIGH,False,423,268
PLANT-0522,Clerodendrum multiflorum (Burm.f.) Kuntze,Arni,VERBENACEAE,Arni,,,,,,,,https://archive.bsi.gov.in/echoHerbarium-Details/en?link=CAL0000009079&column=szBarcode,BSI,SOURCE_ONLY,False,424,
PLANT-0523,Clerodendrum philippenum Schauer,Satabeli (Beng.),VERBENACEAE,Satabeli (Beng.),,,,,,,,https://archive.bsi.gov.in/echoHerbarium-Details/en?link=CAL0000009077&column=szBarcode,BSI,SOURCE_ONLY,False,425,
PLANT-0524,Clerodendrum phlomidis L.f.,Arnimul Shrub,LAMIACEAE,Arnimul Shrub; Agnimantha,,,,AFSU,W,,Agnimantha,,NMPB,SOURCE_ONLY,False,,269
PLANT-0525,Clerodendrum serratum (L.) Moon,"Barangi, Bamanhati (Beng.)",VERBENACEAE,"Barangi, Bamanhati (Beng.); Bharangi Shrub; Bharangi",,,,AFSTU,W,,Bharangi,https://archive.bsi.gov.in/echoHerbarium-Details/en?link=CAL0000009074&column=szBarcode,BSI+NMPB,HIGH,False,426,270
PLANT-0526,Clerodendrum viscosum Vent.,Bhant,VERBENACEAE,Bhant,,,,,,,,https://archive.bsi.gov.in/echoHerbarium-Details/en?link=CAL0000009076&column=szBarcode,BSI,SOURCE_ONLY,False,427,
PLANT-0527,Clinopodium vulgare L.,Cushion Calamint (Eng.),LAMIACEAE,Cushion Calamint (Eng.),,,,,,,,https://archive.bsi.gov.in/echoHerbarium-Details/en?link=CAL0000008896&column=szBarcode,BSI,SOURCE_ONLY,False,428,
PLANT-0528,Clitoria ternatea L.,Kajli Climber,FABACEAE,Kajli Climber; Aparajita,,,,AFSTU,C/W,,Aparajita,,NMPB,SOURCE_ONLY,False,,271
PLANT-0529,Clitoria ternatia L.,Aparajit,FABACEAE,Aparajit,,,,,,,,https://archive.bsi.gov.in/echoHerbarium-Details/en?link=CAL0000003629&column=szBarcode,BSI,SOURCE_ONLY,False,429,
PLANT-0530,Cocccinia grandis (L.) Voigt.,"Bhimb, Telakucha (Beng.)",CUCURBITACEAE,"Bhimb, Telakucha (Beng.)",,,,,,,,https://archive.bsi.gov.in/echoHerbarium-Details/en?link=CAL0000013789&column=szBarcode,BSI,SOURCE_ONLY,False,430,
PLANT-0531,Coccinia grandis (L.) Voigt; [ = C. indica W. & A.],"Bhrngaraj, Climber; Bimb",CUCURBITACEAE,"Bhrngaraj, Climber; Bimb; Bimbi",,,,AHS,C/W,,Bimbi,,NMPB,SOURCE_ONLY,False,,272
PLANT-0532,Coccoloba uvifera L.,Sea grape (Eng.),POLYGONACEAE,Sea grape (Eng.),,,,,,,,https://archive.bsi.gov.in/echoHerbarium-Details/en?link=CAL0000008878&column=szBarcode,BSI,SOURCE_ONLY,False,431,
PLANT-0533,Cocculus hirsutus (L.) Diels,Jamtikibel,MENISPERMACEAE,Jamtikibel; Vasanvel Climber,,,,AFSU,W,,,https://archive.bsi.gov.in/echoHerbarium-Details/en?link=CAL0000013990&column=szBarcode,BSI+NMPB,HIGH,False,432,273
PLANT-0534,Cocculus laurifolius DC.,Laurel-Leaved Snail Tree (Eng.),MENISPERMACEAE,Laurel-Leaved Snail Tree (Eng.),,,,,,,,https://archive.bsi.gov.in/echoHerbarium-Details/en?link=CAL0000013992&column=szBarcode,BSI,SOURCE_ONLY,False,433,
PLANT-0535,Cocculus pendulus (J.R.Forst. & G.Forst.) Diels,Illarbillar (Punjab),MENISPERMACEAE,Illarbillar (Punjab),,,,,,,,https://archive.bsi.gov.in/echoHerbarium-Details/en?link=CAL0000013989&column=szBarcode,BSI,SOURCE_ONLY,False,434,
PLANT-0536,Cochlospermum religiosum (L.) Alston,"Kumbi, Galgal",COCHLOSPERMACEAE,"Kumbi, Galgal; Katira Tree",,,,AFSU,W/C,,,https://archive.bsi.gov.in/echoHerbarium-Details/en?link=CAL0000003833&column=szBarcode,BSI+NMPB,HIGH,False,435,274
PLANT-0537,Cocos nucifera L.,Nariyal,ARECACEAE,Nariyal; Nariyal Tree; Narikela,,,,AFSTU,C,,Narikela,https://archive.bsi.gov.in/echoHerbarium-Details/en?link=CAL0000003202&column=szBarcode,BSI+NMPB,HIGH,False,436,275
PLANT-0538,Codiaeum variegatum Blume,Patabahari (Beng.),EUPHORBIACEAE,Patabahari (Beng.),,,,,,,,https://archive.bsi.gov.in/echoHerbarium-Details/en?link=CAL0000008975&column=szBarcode,BSI,SOURCE_ONLY,False,437,
PLANT-0539,Codonopsis ovata Benth.,Kashmir Bonnet Bellflower (Eng.),CAMPANULACEAE,Kashmir Bonnet Bellflower (Eng.),,,,,,,,https://archive.bsi.gov.in/echoHerbarium-Details/en?link=CAL0000009232&column=szBarcode,BSI,SOURCE_ONLY,False,438,
PLANT-0540,Coffea arabica L.,Arabian coffee (Eng.),RUBIACEAE,Arabian coffee (Eng.); Coffee Shrub,,,,AFHSUW,C,,,https://archive.bsi.gov.in/echoHerbarium-Details/en?link=CAL0000013572&column=szBarcode,BSI+NMPB,HIGH,False,439,276
PLANT-0541,Coffea travancorensis Wight & Arn.,"Katu-mulla, Shrub; Tsjeru-",RUBIACEAE,"Katu-mulla, Shrub; Tsjeru-",,,,F,W,,,,NMPB,SOURCE_ONLY,False,,277
PLANT-0542,Coix lacryma-jobi L.,Sankru,POACEAE,"Sankru; Sankhlu, Dabhir Herb; Gavedhuka",,,,AFSU,W,,Gavedhuka,https://archive.bsi.gov.in/echoHerbarium-Details/en?link=CAL0000003165&column=szBarcode,BSI+NMPB,HIGH,False,440,278
PLANT-0543,Colchicum luteum Baker,"Suranjana (Guj., Hind. & Mar.)",LILIACEAE,"Suranjana (Guj., Hind. & Mar.); Suranjan Herb",,,,ASU,W,,,https://archive.bsi.gov.in/echoHerbarium-Details/en?link=CAL0000003076&column=szBarcode,BSI+NMPB,HIGH,False,441,279
PLANT-0544,Coldenia procumbens L.,Tripungki,BORAGINACEAE,Tripungki,,,,,,,,https://archive.bsi.gov.in/echoHerbarium-Details/en?link=CAL0000013155&column=szBarcode,BSI,SOURCE_ONLY,False,442,
PLANT-0545,Colebrookea oppositifolia Sm.,"Binda, Pansra",LAMIACEAE,"Binda, Pansra",,,,,,,,https://archive.bsi.gov.in/echoHerbarium-Details/en?link=CAL0000008894&column=szBarcode,BSI,SOURCE_ONLY,False,443,
PLANT-0546,Coleus amboinicus Lour.,Pathorchur,LAMIACEAE,Pathorchur,,,,,,,,https://archive.bsi.gov.in/echoHerbarium-Details/en?link=CAL0000008902&column=szBarcode,BSI,SOURCE_ONLY,False,444,
PLANT-0547,Coleus scutallarioides (L.) Benth.,Coleus (Eng.),LAMIACEAE,Coleus (Eng.),,,,,,,,https://archive.bsi.gov.in/echoHerbarium-Details/en?link=CAL0000008903&column=szBarcode,BSI,SOURCE_ONLY,False,445,
PLANT-0548,Coleus zeylanicus (Benth.) Cramer,Valakah Herb,LAMIACEAE,Valakah Herb,,,,A,W,,,,NMPB,SOURCE_ONLY,False,,280
PLANT-0549,Colocasia esculenta (L.) Schott,"Arvi, Ghuiya",ARACEAE,"Arvi, Ghuiya",,,,,,,,https://archive.bsi.gov.in/echoHerbarium-Details/en?link=CAL0000003215&column=szBarcode,BSI,SOURCE_ONLY,False,446,
PLANT-0550,Combretum decandrum Roxb. non Jacq.,Korakukundi Climber,COMBRETACEAE,Korakukundi Climber; Names,,,,F,W,**,Names,,NMPB,SOURCE_ONLY,False,,281
PLANT-0551,Combretum nanum Buch.-Ham. ex D.Don,Bhuidaudi (Local name),COMBRETACEAE,Bhuidaudi (Local name),,,,,,,,https://archive.bsi.gov.in/echoHerbarium-Details/en?link=CAL0000013717&column=szBarcode,BSI,SOURCE_ONLY,False,447,
PLANT-0552,Combretum pilosum Roxb.,"Bhoree loth, Thoonia loth",COMBRETACEAE,"Bhoree loth, Thoonia loth",,,,,,,,https://archive.bsi.gov.in/echoHerbarium-Details/en?link=CAL0000013718&column=szBarcode,BSI,SOURCE_ONLY,False,448,
PLANT-0553,Combretum roxburghii Spreng.,Punk,COMBRETACEAE,Punk,,,,,,,,https://archive.bsi.gov.in/echoHerbarium-Details/en?link=CAL0000013720&column=szBarcode,BSI,SOURCE_ONLY,False,449,
PLANT-0554,Commelina benghalensis L.,Kanchara,COMMELINACEAE,Kanchara,,,,,,,,https://archive.bsi.gov.in/echoHerbarium-Details/en?link=CAL0000003064&column=szBarcode,BSI,SOURCE_ONLY,False,450,
PLANT-0555,Commelina longifolia Lam.,Jalpipari,COMMELINACEAE,Jalpipari,,,,,,,,https://archive.bsi.gov.in/echoHerbarium-Details/en?link=CAL0000003066&column=szBarcode,BSI,SOURCE_ONLY,False,451,
PLANT-0556,Commelina paludosa Blume,Patugia (Local name),COMMELINACEAE,Patugia (Local name),,,,,,,,https://archive.bsi.gov.in/echoHerbarium-Details/en?link=CAL0000003068&column=szBarcode,BSI,SOURCE_ONLY,False,452,
PLANT-0557,Commiphora caudata (Wight & Arn.),"Kiluvai,; Kondamavu",BURSERACEAE,"Kiluvai,; Kondamavu",,,,Bark (Stem),Tree,FS,,,NMPB,SOURCE_ONLY,False,,282
PLANT-0558,Commiphora myrrha (T.Nees) Engl.,Hirabol,BURSERACEAE,Hirabol,Ayurveda,,,Oleo-Gum; Resin,Tree,ATU,,,NMPB,SOURCE_ONLY,False,,283
PLANT-0559,Commiphora wightii (Arn.) Bhandari; [ = C. mukul (Hook. ex Stocks) Engl.],"Guggul, Guggulu",BURSERACEAE,"Guggul, Guggulu; Guggulu",Ayurveda,,,"Oleo-Gum; Resin, Stem,; Root",Shrub,A,Guggulu,,NMPB,SOURCE_ONLY,False,,284
PLANT-0560,Conium maculatum L.,Poison Hemlock (Eng.),APIACEAE,Poison Hemlock (Eng.),,,,,,,,https://archive.bsi.gov.in/echoHerbarium-Details/en?link=CAL0000013752&column=szBarcode,BSI,SOURCE_ONLY,False,453,
PLANT-0561,Connarus monocarpus L.,Sunder (Mar.),CONNARACEAE,Sunder (Mar.),,,,,,,,https://archive.bsi.gov.in/echoHerbarium-Details/en?link=CAL0000003559&column=szBarcode,BSI,SOURCE_ONLY,False,454,
PLANT-0562,Consolida ambigua (L.) Ball. & Heywood,Rocket Larkspur (Eng.),RANUNCULACEAE,Rocket Larkspur (Eng.),,,,,,,,https://archive.bsi.gov.in/echoHerbarium-Details/en?link=CAL0000009944&column=szBarcode,BSI,SOURCE_ONLY,False,455,
PLANT-0563,Convolvulus arvensis L.,"Beri, Haranpadi",CONVOLVULACEAE,"Beri, Haranpadi; Chandvel; (Prasarni)",Ayurveda,,,Leaf,Climber,AHSU,,https://archive.bsi.gov.in/echoHerbarium-Details/en?link=CAL0000009698&column=szBarcode,BSI+NMPB,HIGH,False,456,285
PLANT-0564,Convolvulus auricomus (A.Rich.) Bhandari,Runchhaliveldi (Guj.),CONVOLVULACEAE,Runchhaliveldi (Guj.),,,,,,,,https://archive.bsi.gov.in/echoHerbarium-Details/en?link=CAL0000009697&column=szBarcode,BSI,SOURCE_ONLY,False,457,
PLANT-0565,Convolvulus microphyllus Sieb.ex Spreng.,"Shankhapushpi, Dodak (Punjab)",CONVOLVULACEAE,"Shankhapushpi, Dodak (Punjab); Shankapushpi; Sankhapuspi",Ayurveda,,,"Flower,; Whole Plant",Herb,A,Sankhapuspi,https://archive.bsi.gov.in/echoHerbarium-Details/en?link=CAL0000009699&column=szBarcode,BSI+NMPB,HIGH,False,458,286
PLANT-0566,Convolvulus scammonia L.,Saqmunia,CONVOLVULACEAE,Saqmunia,,,,Gum Resin,Climber,HSU,,,NMPB,SOURCE_ONLY,False,,287
PLANT-0567,Coptis teeta Wall.,"Mamira, Mamiran",RANUNCULACEAE,"Mamira, Mamiran; Mamira",Ayurveda,,,Root,Herb,ASU,,https://archive.bsi.gov.in/echoHerbarium-Details/en?link=CAL0000009947&column=szBarcode,BSI+NMPB,HIGH,False,459,288
PLANT-0568,Corallocarpus epigaeus (Rottl. & Willd.),"Akasgaddah,; Patalagaruda",CUCURBITACEAE,"Akasgaddah,; Patalagaruda",Ayurveda,,,Root,Climber,AST,,,NMPB,SOURCE_ONLY,False,,289
PLANT-0569,Corchorus aestuans L.,Titapat (Beng.),TILIACEAE,Titapat (Beng.),,,,,,,,https://archive.bsi.gov.in/echoHerbarium-Details/en?link=CAL0000003839&column=szBarcode,BSI,SOURCE_ONLY,False,460,
PLANT-0570,Corchorus capsularis L.,Narcha,TILIACEAE,Narcha,,,,,,,,https://archive.bsi.gov.in/echoHerbarium-Details/en?link=CAL0000003841&column=szBarcode,BSI,SOURCE_ONLY,False,461,
PLANT-0571,Corchorus depressus (L.) Stocks,Baphuli,TILIACEAE,Baphuli; Bahuphali,Ayurveda,,,Aerial Parts,Herb,AU,,https://archive.bsi.gov.in/echoHerbarium-Details/en?link=CAL0000003838&column=szBarcode,BSI+NMPB,HIGH,False,462,290
PLANT-0572,Corchorus fascicularis L.,Bhirupatrika (Sans.),TILIACEAE,Bhirupatrika (Sans.),,,,,,,,https://archive.bsi.gov.in/echoHerbarium-Details/en?link=CAL0000003836&column=szBarcode,BSI,SOURCE_ONLY,False,463,
PLANT-0573,Corchorus olitorius L.,Mithapat (Beng.),TILIACEAE,Mithapat (Beng.),,,,,,,,https://archive.bsi.gov.in/echoHerbarium-Details/en?link=CAL0000003840&column=szBarcode,BSI,SOURCE_ONLY,False,464,
PLANT-0574,Corchorus trilocularis L.,Kadu-chinch (Local name),TILIACEAE,Kadu-chinch (Local name); Arenukam,Ayurveda,,,Whole Plant,Shrub,A,,https://archive.bsi.gov.in/echoHerbarium-Details/en?link=CAL0000003837&column=szBarcode,BSI+NMPB,HIGH,False,465,291
PLANT-0575,Cordia dichotoma Forst.,"Lasora, Chota lasora",BORAGINACEAE,"Lasora, Chota lasora; Lasora",Ayurveda,,,Fruit,Tree,AFSU,,https://archive.bsi.gov.in/echoHerbarium-Details/en?link=CAL0000009717&column=szBarcode,BSI+NMPB,HIGH,False,466,292
PLANT-0576,Cordia gharaf (Forst.) Ehrenb. ex Aschers.,Gondni,BORAGINACEAE,Gondni,,,,,,,,https://archive.bsi.gov.in/echoHerbarium-Details/en?link=CAL0000009715&column=szBarcode,BSI,SOURCE_ONLY,False,467,
PLANT-0577,Cordia monoica Roxb.; var. wallichii (G.Don) C.B.Clarke,Narivari,CORDIACEAE,Narivari,,,,Bark (Stem),Tree,FS,,,NMPB,SOURCE_ONLY,False,,293
PLANT-0578,Cordia myxa Roxb.,"Lasora, Chota lasora",BORAGINACEAE,"Lasora, Chota lasora",,,,,,,,https://archive.bsi.gov.in/echoHerbarium-Details/en?link=CAL0000009713&column=szBarcode,BSI,SOURCE_ONLY,False,468,
PLANT-0579,Cordia obliqua Willd.,"Lasora, Chota lasora",BORAGINACEAE,"Lasora, Chota lasora",,,,,,,,https://archive.bsi.gov.in/echoHerbarium-Details/en?link=CAL0000009711&column=szBarcode,BSI,SOURCE_ONLY,False,470,
PLANT-0580,Cordia vestita (DC) Hook.f. & Thomson,"Kumpaiman, Bairola",BORAGINACEAE,"Kumpaiman, Bairola",,,,,,,,https://archive.bsi.gov.in/echoHerbarium-Details/en?link=CAL0000009719&column=szBarcode,BSI,SOURCE_ONLY,False,471,
PLANT-0581,Cordia wallichii G.Don; [= Cordia obliqua Willd.; var. wallichii (G.Don) C.B.Clarke ],Sapistan,CORDIACEAE,Sapistan; Names,,,,Fruit,Tree,FTag **,Names,,NMPB,SOURCE_ONLY,False,,294
PLANT-0582,Cordyceps sinensis (Berk.) Saac,Yarsa Gomba,CLAVICIPITACEAE,Yarsa Gomba,,,,Whole Plant,Herb,F,,,NMPB,SOURCE_ONLY,False,,295
PLANT-0583,Coriandrum sativum L.,"Dhania, Dhanya",APIACEAE,"Dhania, Dhanya; Dhaniya,; Dhana; Dhanyaka",Ayurveda,,,"Fruit, Leaf",Herb,AFSTU,Dhanyaka,https://archive.bsi.gov.in/echoHerbarium-Details/en?link=CAL0000013740&column=szBarcode,BSI+NMPB,HIGH,False,472,296
PLANT-0584,Coriaria nepalensis Wall.,"Masuri, Makola",CORIARIACEAE,"Masuri, Makola",,,,,,,,https://archive.bsi.gov.in/echoHerbarium-Details/en?link=CAL0000003560&column=szBarcode,BSI,SOURCE_ONLY,False,473,
PLANT-0585,Corydalis govaniana Wall.,Bhutkis,FUMARIACEAE,Bhutkis,,,,,,,,https://archive.bsi.gov.in/echoHerbarium-Details/en?link=CAL0000003769&column=szBarcode,BSI,SOURCE_ONLY,False,474,
PLANT-0586,Corydalis vaginans Royle,Mamiran (Kurra Valley),FUMARIACEAE,Mamiran (Kurra Valley),,,,,,,,https://archive.bsi.gov.in/echoHerbarium-Details/en?link=CAL0000003770&column=szBarcode,BSI,SOURCE_ONLY,False,475,
PLANT-0587,Corylus jacquemontii Decne.,Thangi (Punjab),BETULACEAE,Thangi (Punjab); Findak (Subs.),,,,Fruit,Tree,F,,https://archive.bsi.gov.in/echoHerbarium-Details/en?link=CAL0000008924&column=szBarcode,BSI+NMPB,HIGH,False,476,297
PLANT-0588,Coscinium fenestratum (Gaertn.) Colebr.,"Jhar-i-huldi, Haldigachi",MENISPERMACEAE,"Jhar-i-huldi, Haldigachi; Maramanjal,; Daruharidra; Kaliyaka",Ayurveda,,,Stem,Climber,AFST,Kaliyaka,https://archive.bsi.gov.in/echoHerbarium-Details/en?link=CAL0000013993&column=szBarcode,BSI+NMPB,HIGH,False,477,298
PLANT-0589,Cosmostigma racemosum (Roxb.) Wight,Shendvel (Mar.),ASCLEPIADACEAE,Shendvel (Mar.),,,,,,,,https://archive.bsi.gov.in/echoHerbarium-Details/en?link=CAL0000009240&column=szBarcode,BSI,SOURCE_ONLY,False,478,
PLANT-0590,Costus speciosus (Koen. ex Retz.),"Keu, Kemuka",ZINGIBERACEAE,"Keu, Kemuka; Kustha,; Koshtum, Kuth; Kebuka",Ayurveda,,,Root,Shrub,AFSU,Kebuka,https://archive.bsi.gov.in/echoHerbarium-Details/en?link=CAL0000003136&column=szBarcode,BSI+NMPB,HIGH,False,479,299
PLANT-0591,Cotinus coggygria Scop.,Tunga (Punjab),ANACARDIACEAE,Tunga (Punjab),,,,,,,,https://archive.bsi.gov.in/echoHerbarium-Details/en?link=CAL0000003566&column=szBarcode,BSI,SOURCE_ONLY,False,480,
PLANT-0592,Cotoneaster bacillaris Wall. ex. Lindl.,Ri (Punjab),ROSACEAE,Ri (Punjab),,,,,,,,https://archive.bsi.gov.in/echoHerbarium-Details/en?link=CAL0000013734&column=szBarcode,BSI,SOURCE_ONLY,False,481,
PLANT-0593,Cotoneaster microphylla Wall. ex. Lindl.,Khariz (Kashmir),ROSACEAE,Khariz (Kashmir),,,,,,,,https://archive.bsi.gov.in/echoHerbarium-Details/en?link=CAL0000013735&column=szBarcode,BSI,SOURCE_ONLY,False,482,
PLANT-0594,Cotula anthemoides L.,Babuna (Eng.),ASTERACEAE,Babuna (Eng.),,,,,,,,https://archive.bsi.gov.in/echoHerbarium-Details/en?link=CAL0000013150&column=szBarcode,BSI,SOURCE_ONLY,False,483,
PLANT-0595,Crataegus oxyacantha L.,Hawthorn,ROSACEAE,Hawthorn,,,,"Fruit, Flower",Tree,FH,,,NMPB,SOURCE_ONLY,False,,300
PLANT-0596,Crataeva nurvula Buch-Ham.,"Barna, Bilasi",CAPPARACEAE,"Barna, Bilasi",,,,,,,,https://archive.bsi.gov.in/echoHerbarium-Details/en?link=CAL0000003727&column=szBarcode,BSI,SOURCE_ONLY,False,484,
PLANT-0597,Crataeva religiosa G.Forst.; [ = C. nurvula Buch. - Ham.],"Varun chhal,; Varunah",CAPPARACEAE,"Varun chhal,; Varunah; Varuna",Ayurveda,,,"Bark (Stem),; Leaf, Fruit; (Seed)",Tree,AFS,Varuna,,NMPB,SOURCE_ONLY,False,,301
PLANT-0598,Cratoxylum cochinchinense (Lour.) Blume,Derum Selunchor,HYPERICACEAE,Derum Selunchor,,,,,,,,https://archive.bsi.gov.in/echoHerbarium-Details/en?link=CAL0000003815&column=szBarcode,BSI,SOURCE_ONLY,False,485,
PLANT-0599,Crescentia cujute L.,Bilayati Bel,BIGNONIACEAE,Bilayati Bel,,,,,,,,https://archive.bsi.gov.in/echoHerbarium-Details/en?link=CAL0000009663&column=szBarcode,BSI,SOURCE_ONLY,False,486,
PLANT-0600,Cressa cretica L.,Rudravanti,CONVOLVULACEAE,Rudravanti,,,,,,,,https://archive.bsi.gov.in/echoHerbarium-Details/en?link=CAL0000009704&column=szBarcode,BSI,SOURCE_ONLY,False,487,
PLANT-0601,Crinum asiaticum L.,"Badakanvar, Pindar",AMARYLLIDACEAE,"Badakanvar, Pindar",,,,,,,,https://archive.bsi.gov.in/echoHerbarium-Details/en?link=CAL0000003127&column=szBarcode,BSI,SOURCE_ONLY,False,488,
PLANT-0602,Crinum defixum Ker.-Gawl.,Sukdarshan (Beng.),AMARYLLIDACEAE,Sukdarshan (Beng.),,,,,,,,https://archive.bsi.gov.in/echoHerbarium-Details/en?link=CAL0000003129&column=szBarcode,BSI,SOURCE_ONLY,False,489,
PLANT-0603,Crinum latifolium L.,Sukhdarshan ( Beng.),AMARYLLIDACEAE,Sukhdarshan ( Beng.),,,,,,,,https://archive.bsi.gov.in/echoHerbarium-Details/en?link=CAL0000003251&column=szBarcode,BSI,SOURCE_ONLY,False,490,
PLANT-0604,Crocus sativus L.,"Kesar, Zafran",IRIDACEAE,"Kesar, Zafran; Kesar; Kunkuma",Ayurveda,,,Flower; (Stigma &; upper Style),Herb,AFHSTU,Kunkuma,https://archive.bsi.gov.in/echoHerbarium-Details/en?link=CAL0000003132&column=szBarcode,BSI+NMPB,HIGH,False,491,302
PLANT-0605,Crotalaria albida B.Heyne ex Roth.,Ban-methi,FABACEAE,Ban-methi,,,,,,,,https://archive.bsi.gov.in/echoHerbarium-Details/en?link=CAL0000003623&column=szBarcode,BSI,SOURCE_ONLY,False,492,
PLANT-0606,Crotalaria burhia Buch.-Ham ex Benth.,Ghagari (Mar.),FABACEAE,Ghagari (Mar.),,,,,,,,https://archive.bsi.gov.in/echoHerbarium-Details/en?link=CAL0000003709&column=szBarcode,BSI,SOURCE_ONLY,False,493,
PLANT-0607,Crotalaria juncea L.,Sannai Sunn,FABACEAE,"Sannai Sunn; Dhanahari,; Patashan, Sann; Sana",Ayurveda,,,Fruit (Seed),Herb,AFSU,Sana,https://archive.bsi.gov.in/echoHerbarium-Details/en?link=CAL0000003704&column=szBarcode,BSI+NMPB,HIGH,False,494,303
PLANT-0608,Crotalaria laburnifolia L.,Muna,FABACEAE,Muna,,,,,,,,https://archive.bsi.gov.in/echoHerbarium-Details/en?link=CAL0000003701&column=szBarcode,BSI,SOURCE_ONLY,False,495,
PLANT-0609,Crotalaria pallida Aiton,"Sen, San",FABACEAE,"Sen, San",,,,,,,,https://archive.bsi.gov.in/echoHerbarium-Details/en?link=CAL0000003699&column=szBarcode,BSI,SOURCE_ONLY,False,496,
PLANT-0610,Crotalaria prostrata Rottl. ex Willd.,"Vishnukarni, Chotojhunjhuni (Beng.)",FABACEAE,"Vishnukarni, Chotojhunjhuni (Beng.)",,,,,,,,https://archive.bsi.gov.in/echoHerbarium-Details/en?link=CAL0000003710&column=szBarcode,BSI,SOURCE_ONLY,False,497,
PLANT-0611,Crotalaria retusa L.,Ghunghunian,FABACEAE,Ghunghunian,,,,,,,,https://archive.bsi.gov.in/echoHerbarium-Details/en?link=CAL0000003707&column=szBarcode,BSI,SOURCE_ONLY,False,498,
PLANT-0612,Crotalaria sericea Retz.,Jhunjhunia,FABACEAE,Jhunjhunia,,,,,,,,https://archive.bsi.gov.in/echoHerbarium-Details/en?link=CAL0000003706&column=szBarcode,BSI,SOURCE_ONLY,False,499,
PLANT-0613,Crotalaria verrucosa L.,"Banshana,; San, Sanpushpi",FABACEAE,"Banshana,; San, Sanpushpi",Ayurveda,,,Fruit (Seed),Herb,AFS,,,NMPB,SOURCE_ONLY,False,,304
PLANT-0614,Croton bonplandianum Baill.,Kukka mirapa,EUPHORBIACEAE,Kukka mirapa,,,,,,,,https://archive.bsi.gov.in/echoHerbarium-Details/en?link=CAL0000008993&column=szBarcode,BSI,SOURCE_ONLY,False,500,
PLANT-0615,Croton caudatus Geisel.,Nanbhantur (Beng.),EUPHORBIACEAE,Nanbhantur (Beng.),,,,,,,,https://archive.bsi.gov.in/echoHerbarium-Details/en?link=CAL0000008997&column=szBarcode,BSI,SOURCE_ONLY,False,501,
PLANT-0616,Croton oblongifolius Roxb.,Chucka,EUPHORBIACEAE,Chucka; Bhutankusha,Ayurveda,,,Bark (Root),Tree,AFST,,https://archive.bsi.gov.in/echoHerbarium-Details/en?link=CAL0000008999&column=szBarcode,BSI+NMPB,HIGH,False,502,305
PLANT-0617,Croton tiglium L.,Jamalgota,EUPHORBIACEAE,"Jamalgota; Jamlghota,; Japala; Jayapala",Ayurveda,,,Fruit (Seed),Tree,AFHSTU,Jayapala,https://archive.bsi.gov.in/echoHerbarium-Details/en?link=CAL0000008992&column=szBarcode,BSI+NMPB,HIGH,False,503,306
PLANT-0618,Cryptocarya wightiana Thwaites,Neela Vriksha (Sans.),LAURACEAE,Neela Vriksha (Sans.),,,,,,,,https://archive.bsi.gov.in/echoHerbarium-Details/en?link=CAL0000008863&column=szBarcode,BSI,SOURCE_ONLY,False,504,
PLANT-0619,Cryptocoryne spiralis (Retz.),Natti - ati -; Vasa,ARACEAE,Natti - ati -; Vasa,,,,Root,Herb,FS,,,NMPB,SOURCE_ONLY,False,,307
PLANT-0620,Cryptolepis buchananii R.Br. ex Roem. & Schult.,"Karanta, Kalisar",ASCLEPIADACEAE,"Karanta, Kalisar; Medaksinghi,; Sariva; Krsnasariva",Ayurveda,,,Root,Climber,AFS,Krsnasariva,https://archive.bsi.gov.in/echoHerbarium-Details/en?link=CAL0000009245&column=szBarcode,BSI+NMPB,HIGH,False,505,308
PLANT-0621,Cucubalus bacciferous L.,Berry-bearing Catchfly (Eng.),CARYOPHYLLACEAE,Berry-bearing Catchfly (Eng.),,,,,,,,https://archive.bsi.gov.in/echoHerbarium-Details/en?link=CAL0000003827&column=szBarcode,BSI,SOURCE_ONLY,False,506,
PLANT-0622,Cucumis callosus (Rottl.) Cogn.,Kharbooza,CUCURBITACEAE,Kharbooza,,,,,,,,https://archive.bsi.gov.in/echoHerbarium-Details/en?link=CAL0000013784&column=szBarcode,BSI,SOURCE_ONLY,False,507,
PLANT-0623,Cucumis melo L.,Kharbuja,CUCURBITACEAE,"Kharbuja; Kakadi beej,; Magaj Kharbuja; Ervaru",Ayurveda,,,Fruit (Seed),Climber,AFSTU,Ervaru,https://archive.bsi.gov.in/echoHerbarium-Details/en?link=CAL0000013785&column=szBarcode,BSI+NMPB,HIGH,False,508,309
PLANT-0624,Cucumis prophetarum L.,Khad-Kachar (Rajasthan),CUCURBITACEAE,Khad-Kachar (Rajasthan),,,,,,,,https://archive.bsi.gov.in/echoHerbarium-Details/en?link=CAL0000013783&column=szBarcode,BSI,SOURCE_ONLY,False,509,
PLANT-0625,Cucumis sativus L.,Khira,CUCURBITACEAE,Khira; Beej Kheera; Trapusam; Names,Ayurveda,,,"Fruit; (Fruit, Seed)",Climber,AFSTU**,Trapusam; Names,https://archive.bsi.gov.in/echoHerbarium-Details/en?link=CAL0000013782&column=szBarcode,BSI+NMPB,HIGH,False,510,310
PLANT-0626,Cucumis trigonus Roxb.,Jangli-Indrayan,CUCURBITACEAE,Jangli-Indrayan,Ayurveda,,,"Fruit (Fruit,; Seed), Stem",Climber,AFS,,,NMPB,SOURCE_ONLY,False,,311
PLANT-0627,Cucurbita maxima Duchesne,"Lal kumra, Mitha kumra",CUCURBITACEAE,"Lal kumra, Mitha kumra; Pumpkin",Ayurveda,,,Fruit,Climber,AFSU,,https://archive.bsi.gov.in/echoHerbarium-Details/en?link=CAL0000013778&column=szBarcode,BSI+NMPB,HIGH,False,511,312
PLANT-0628,Cucurbita moschata (Lam.),"Kaddu, Kumrah",CUCURBITACEAE,"Kaddu, Kumrah",,,,Fruit (Seed),Climber,FSU,,,NMPB,SOURCE_ONLY,False,,313
PLANT-0629,Cucurbita pepo L.,"Kumra, Safedkaddu",CUCURBITACEAE,"Kumra, Safedkaddu",,,,,,,,https://archive.bsi.gov.in/echoHerbarium-Details/en?link=CAL0000013779&column=szBarcode,BSI,SOURCE_ONLY,False,512,
PLANT-0630,Cuminum cyminum L.,"Jeera,; Shahjeera",APIACEAE,"Jeera,; Shahjeera; Svetajiraka",Ayurveda,,,Fruit,Herb,AFSTU,Svetajiraka,,NMPB,SOURCE_ONLY,False,,314
PLANT-0631,Cupressus sempervirens L.,"Sara, Saras",CUPRESSACEAE,"Sara, Saras",,,,,,,,https://archive.bsi.gov.in/echoHerbarium-Details/en?link=CAL0000009743&column=szBarcode,BSI,SOURCE_ONLY,False,513,
PLANT-0632,Curculigo orchioides Gaertn.,"Kali musli, Syahmusali",AMARYLLIDACEAE,"Kali musli, Syahmusali; Kali; musali,; Musli; Talamuli",Ayurveda,,,Root,Herb,AFSTU,Talamuli,https://archive.bsi.gov.in/echoHerbarium-Details/en?link=CAL0000003115&column=szBarcode,BSI+NMPB,HIGH,False,514,315
PLANT-0633,Curcuma amada Roxb.,Amba haldi; shiya,ZINGIBERACEAE,Amba haldi; shiya; Amra Haridra,Ayurveda,,,Root; (Rhizome),Herb,AFSU,Amra Haridra,,NMPB,SOURCE_ONLY,False,,316
PLANT-0634,Curcuma angustifolia Roxb.,Tikhur,ZINGIBERACEAE,Tikhur,Ayurveda,,,Root; (Rhizome),Herb,AFSU,,https://archive.bsi.gov.in/echoHerbarium-Details/en?link=CAL0000003145&column=szBarcode,BSI+NMPB,HIGH,False,515,317
PLANT-0635,Curcuma aromatica Salisb.,Jangli-haldi,ZINGIBERACEAE,"Jangli-haldi; Kasturi; manjal,; arishna,",Ayurveda,,,Root; (Rhizome),Herb,AFSU,,https://archive.bsi.gov.in/echoHerbarium-Details/en?link=CAL0000003144&column=szBarcode,BSI+NMPB,HIGH,False,516,318
PLANT-0636,Curcuma caesia Roxb.,"Nar-; Kapu-kachri; kachura,; Kala-haldi",ZINGIBERACEAE,"Nar-; Kapu-kachri; kachura,; Kala-haldi",,,,Root; (Rhizome),Herb,F,,,NMPB,SOURCE_ONLY,False,,319
PLANT-0637,Curcuma leucorrhiza Roxb.,Tikar (Beng.),ZINGIBERACEAE,Tikar (Beng.),,,,,,,,https://archive.bsi.gov.in/echoHerbarium-Details/en?link=CAL0000003147&column=szBarcode,BSI,SOURCE_ONLY,False,517,
PLANT-0638,Curcuma longa L.,"Haldi, Halada",ZINGIBERACEAE,"Haldi, Halada; Arishna, Haldi,; Kari manjal; Haridra",Ayurveda,,,"Root; (Rhizome,; Tuber)",Herb,AFHSTU,Haridra,https://archive.bsi.gov.in/echoHerbarium-Details/en?link=CAL0000003148&column=szBarcode,BSI+NMPB,HIGH,False,518,320
PLANT-0639,Curcuma rubescens Roxb.,Ruby (Eng.),ZINGIBERACEAE,Ruby (Eng.),,,,,,,,https://archive.bsi.gov.in/echoHerbarium-Details/en?link=CAL0000003149&column=szBarcode,BSI,SOURCE_ONLY,False,519,
PLANT-0640,Curcuma zeodoria Roxb.,Kachura,ZINGIBERACEAE,Kachura,,,,,,,,https://archive.bsi.gov.in/echoHerbarium-Details/en?link=CAL0000003146&column=szBarcode,BSI,SOURCE_ONLY,False,520,
PLANT-0641,Curcuma zerumbet Roxb.; [= C. zedoaria (Christm.) Roscoe],"Kachur,; Kachari",ZINGIBERACEAE,"Kachur,; Kachari; Karcura",,,,"Root; (Rhizome),; Stem",Herb,T,Karcura,,NMPB,SOURCE_ONLY,False,,321
PLANT-0642,Cuscuta chinensis Lam.,Dodder (Eng.),CONVOLVULACEAE,Dodder (Eng.),,,,,,,,https://archive.bsi.gov.in/echoHerbarium-Details/en?link=CAL0000009701&column=szBarcode,BSI,SOURCE_ONLY,False,521,
PLANT-0643,Cuscuta hyalina Roth.,Niradhari,CONVOLVULACEAE,Niradhari,,,,,,,,https://archive.bsi.gov.in/echoHerbarium-Details/en?link=CAL0000009702&column=szBarcode,BSI,SOURCE_ONLY,False,522,
PLANT-0644,Cuscuta reflexa Roxb.,"Akasbel, Amarbel",CONVOLVULACEAE,"Akasbel, Amarbel; Aftimoon,; Tukhme-; Kasus",Ayurveda,,,"Fruit (Seed),; Whole Plant",Climber,AFSU,,https://archive.bsi.gov.in/echoHerbarium-Details/en?link=CAL0000009703&column=szBarcode,BSI+NMPB,HIGH,False,523,322
PLANT-0645,Cyathula prostrata Blume,Lal Chirchita,AMARANTHACEAE,Lal Chirchita; Kadalaavanakkin; veru,Ayurveda,,,Root,Herb,AF,,https://archive.bsi.gov.in/echoHerbarium-Details/en?link=CAL0000008909&column=szBarcode,BSI+NMPB,HIGH,False,524,323
PLANT-0646,Cycas circinalis L.,Jangli-madan-mast-ka-phul,CYCADACEAE,Jangli-madan-mast-ka-phul; Madhana; kama poo; Names,Ayurveda,,,"Flower, Pith",Tree,AFS**,Names,https://archive.bsi.gov.in/echoHerbarium-Details/en?link=CAL0000009738&column=szBarcode,BSI+NMPB,HIGH,False,525,324
PLANT-0647,Cycas rumphii Miq.,Kama (Tam.),CYCADACEAE,Kama (Tam.),,,,,,,,https://archive.bsi.gov.in/echoHerbarium-Details/en?link=CAL0000009737&column=szBarcode,BSI,SOURCE_ONLY,False,526,
PLANT-0648,Cyclea peltata Hook.f. & Thomson,Bruhat patha (Sans.),MENISPERMACEAE,Bruhat patha (Sans.); Paada kizhangu,Ayurveda,,,Root,Climber,AFS,,https://archive.bsi.gov.in/echoHerbarium-Details/en?link=CAL0000013498&column=szBarcode,BSI+NMPB,HIGH,False,527,325
PLANT-0649,Cydonia oblonga Mill.,Bihi,ROSACEAE,Bihi,,,,,,,,https://archive.bsi.gov.in/echoHerbarium-Details/en?link=CAL0000013723&column=szBarcode,BSI,SOURCE_ONLY,False,528,
PLANT-0650,Cymbidium simulans Rolfe,Aloe-leafed Cymbidium (Eng.),ORCHIDACEAE,Aloe-leafed Cymbidium (Eng.),,,,,,,,https://archive.bsi.gov.in/echoHerbarium-Details/en?link=CAL0000003913&column=szBarcode,BSI,SOURCE_ONLY,False,529,
PLANT-0651,Cymbopogon citratus (DC.) Stapf,"Serai, Rohisha",POACEAE,"Serai, Rohisha; Kattrna",Ayurveda,,,"Root,; Whole Plant",Herb,AFSU,Kattrna,,NMPB,SOURCE_ONLY,False,,326
PLANT-0652,Cymbopogon flexuosus (Nees ex Steud.) Will.Watson,"Lemongrass (Eng.), Kodi-pullu (Mal.)",POACEAE,"Lemongrass (Eng.), Kodi-pullu (Mal.); Lemon grass",,,,Whole Plant,Herb,F,,https://archive.bsi.gov.in/echoHerbarium-Details/en?link=CAL0000003173&column=szBarcode,BSI+NMPB,HIGH,False,530,327
PLANT-0653,Cymbopogon jwarancusa (Jones) Schult.,Lamajjaka (Sans.),POACEAE,Lamajjaka (Sans.),,,,,,,,https://archive.bsi.gov.in/echoHerbarium-Details/en?link=CAL0000003174&column=szBarcode,BSI,SOURCE_ONLY,False,531,
PLANT-0654,Cymbopogon martinii (Roxb.) Will.Watson,Gandh bel,POACEAE,Gandh bel; Ginger grass; Rohisa,Ayurveda,,,Root,Herb,AST,Rohisa,https://archive.bsi.gov.in/echoHerbarium-Details/en?link=CAL0000003171&column=szBarcode,BSI+NMPB,HIGH,False,532,328
PLANT-0655,Cymbopogon nardus (L.) Rendle,Ganjni,POACEAE,Ganjni,,,,,,,,https://archive.bsi.gov.in/echoHerbarium-Details/en?link=CAL0000003172&column=szBarcode,BSI,SOURCE_ONLY,False,533,
PLANT-0656,Cymbopogon schoenanthus (L.) Spreng.,Rousaghas,POACEAE,Rousaghas,,,,,,,,https://archive.bsi.gov.in/echoHerbarium-Details/en?link=CAL0000003175&column=szBarcode,BSI,SOURCE_ONLY,False,534,
PLANT-0657,Cynara scolymus L.,"Hathichak, Hathi-choke",ASTERACEAE,"Hathichak, Hathi-choke",,,,,,,,https://archive.bsi.gov.in/echoHerbarium-Details/en?link=CAL0000013671&column=szBarcode,BSI,SOURCE_ONLY,False,535,
PLANT-0658,Cynodon dactylon (L.) Pers.,"Dhub, Hariali",POACEAE,"Dhub, Hariali; Durva, Karuka; Durva",Ayurveda,,,Whole Plant,Herb,AFHSTU,Durva,https://archive.bsi.gov.in/echoHerbarium-Details/en?link=CAL0000003247&column=szBarcode,BSI+NMPB,HIGH,False,536,329
PLANT-0659,Cynoglossum glochidiatum Wall. ex Benth.,Dhalabrauisabta (Assam),BORAGINACEAE,Dhalabrauisabta (Assam),,,,,,,,https://archive.bsi.gov.in/echoHerbarium-Details/en?link=CAL0000009726&column=szBarcode,BSI,SOURCE_ONLY,False,537,
PLANT-0660,Cynoglossum lanceolatum Forsk.,Kuro (Nepali),BORAGINACEAE,Kuro (Nepali),,,,,,,,https://archive.bsi.gov.in/echoHerbarium-Details/en?link=CAL0000009725&column=szBarcode,BSI,SOURCE_ONLY,False,538,
PLANT-0661,Cynometra ramiflora L.,Madhuka (Sans.),CAESALPINIACEAE,Madhuka (Sans.),,,,,,,,https://archive.bsi.gov.in/echoHerbarium-Details/en?link=CAL0000003480&column=szBarcode,BSI,SOURCE_ONLY,False,539,
PLANT-0662,Cyperus articulatus L.,Guinea Rush (Eng.),CYPERACEAE,Guinea Rush (Eng.),,,,,,,,https://archive.bsi.gov.in/echoHerbarium-Details/en?link=CAL0000003245&column=szBarcode,BSI,SOURCE_ONLY,False,540,
PLANT-0663,Cyperus esculentus L.,Musta,CYPERACEAE,Musta,Ayurveda,,,Root,Herb,AU,,,NMPB,SOURCE_ONLY,False,,330
PLANT-0664,Cyperus iria L.,Bara chuncha (Beng.),CYPERACEAE,Bara chuncha (Beng.),,,,,,,,https://archive.bsi.gov.in/echoHerbarium-Details/en?link=CAL0000003240&column=szBarcode,BSI,SOURCE_ONLY,False,541,
PLANT-0665,Cyperus rotundus L.,"Motha, Mutha (Beng.)",CYPERACEAE,"Motha, Mutha (Beng.); Nagarmotha,; Mustha; Musta",Ayurveda,,,Root,Herb,ASTU,Musta,https://archive.bsi.gov.in/echoHerbarium-Details/en?link=CAL0000003241&column=szBarcode,BSI+NMPB,HIGH,False,542,331
PLANT-0666,Cyperus scariosus R.Br.,Nagarmotha,CYPERACEAE,Nagarmotha,Ayurveda,,,Root,Herb,AFSU,,,NMPB,SOURCE_ONLY,False,,332
PLANT-0667,Cyperus stoloniferous Retz.,Jatamasi (Mar.),CYPERACEAE,Jatamasi (Mar.),,,,,,,,https://archive.bsi.gov.in/echoHerbarium-Details/en?link=CAL0000003243&column=szBarcode,BSI,SOURCE_ONLY,False,543,
PLANT-0668,Cyperus triceps (Rottb.) Endl.,Nirbisi,CYPERACEAE,Nirbisi,,,,,,,,https://archive.bsi.gov.in/echoHerbarium-Details/en?link=CAL0000003239&column=szBarcode,BSI,SOURCE_ONLY,False,544,
PLANT-0669,Cyrtophyllum peregrinum Blume,Anan (Burma),LOGANIACEAE,Anan (Burma),,,,,,,,https://archive.bsi.gov.in/echoHerbarium-Details/en?link=CAL0000013558&column=szBarcode,BSI,SOURCE_ONLY,False,545,
PLANT-0670,Cytisus scoparius Link.,Scotch broom (Eng.),FABACEAE,Scotch broom (Eng.),,,,,,,,https://archive.bsi.gov.in/echoHerbarium-Details/en?link=CAL0000003697&column=szBarcode,BSI,SOURCE_ONLY,False,546,
PLANT-0671,Dactyloctenium aegyptium (L.) Willd.,"Makra, Makri",POACEAE,"Makra, Makri",,,,,,,,https://archive.bsi.gov.in/echoHerbarium-Details/en?link=CAL0000003192&column=szBarcode,BSI,SOURCE_ONLY,False,547,
PLANT-0672,Dactylorhiza hatagirea (D. Don) Soo,"Salampanja, Salam",ORCHIDACEAE,"Salampanja, Salam; Salampanja",Ayurveda,,,Root,Herb,AFSTU,,https://archive.bsi.gov.in/echoHerbarium-Details/en?link=CAL0000003157&column=szBarcode,BSI+NMPB,HIGH,False,548,333
PLANT-0673,Dalbergia lanceolaria L.f.,"Takoli, Bithua",FABACEAE,"Takoli, Bithua",,,,,,,,https://archive.bsi.gov.in/echoHerbarium-Details/en?link=CAL0000003647&column=szBarcode,BSI,SOURCE_ONLY,False,549,
PLANT-0674,Dalbergia latifolia Roxb.,Shisham,FABACEAE,Shisham; Kala Sheeshan,Ayurveda,,,Bark (Stem),Tree,AFS,,https://archive.bsi.gov.in/echoHerbarium-Details/en?link=CAL0000003649&column=szBarcode,BSI+NMPB,HIGH,False,550,334
PLANT-0675,Dalbergia pinnata (Lour.) Prain.,Keti (Assam),FABACEAE,Keti (Assam),,,,,,,,https://archive.bsi.gov.in/echoHerbarium-Details/en?link=CAL0000003645&column=szBarcode,BSI,SOURCE_ONLY,False,551,
PLANT-0676,Dalbergia sissoo Roxb. ex DC.,"Shisham, Sissu",FABACEAE,"Shisham, Sissu; Shisham; Simsapa",Ayurveda,,,Wood; (Heartwood),Tree,ASTU,Simsapa,https://archive.bsi.gov.in/echoHerbarium-Details/en?link=CAL0000003651&column=szBarcode,BSI+NMPB,HIGH,False,552,335
PLANT-0677,Dalbergia spinosa Roxb.,Chillanki (Tel.),FABACEAE,Chillanki (Tel.),,,,,,,,https://archive.bsi.gov.in/echoHerbarium-Details/en?link=CAL0000003642&column=szBarcode,BSI,SOURCE_ONLY,False,553,
PLANT-0678,Dalbergia stipulacea Roxb.,Tateberi (Nepal),FABACEAE,Tateberi (Nepal),,,,,,,,https://archive.bsi.gov.in/echoHerbarium-Details/en?link=CAL0000003643&column=szBarcode,BSI,SOURCE_ONLY,False,554,
PLANT-0679,Dalbergia volubilis Roxb.,Bhatia,FABACEAE,Bhatia,,,,,,,,https://archive.bsi.gov.in/echoHerbarium-Details/en?link=CAL0000003644&column=szBarcode,BSI,SOURCE_ONLY,False,555,
PLANT-0680,Daphne oleoides Schreb.,Kutilal (Punjab),THYMELAEACEAE,Kutilal (Punjab),,,,,,,,https://archive.bsi.gov.in/echoHerbarium-Details/en?link=CAL0000009032&column=szBarcode,BSI,SOURCE_ONLY,False,556,
PLANT-0681,Daphne papyracea Wall. ex Steud.,Satpura setburwa,THYMELAEACEAE,Satpura setburwa,,,,,,,,https://archive.bsi.gov.in/echoHerbarium-Details/en?link=CAL0000009030&column=szBarcode,BSI,SOURCE_ONLY,False,557,
PLANT-0682,Datisca cannabina L.,Akalbir,DATISCACEAE,Akalbir,,,,,,,,https://archive.bsi.gov.in/echoHerbarium-Details/en?link=CAL0000013773&column=szBarcode,BSI,SOURCE_ONLY,False,558,
PLANT-0683,Datura arborea L.,"Datura,; Umathi",SOLANACEAE,"Datura,; Umathi",,,,Whole Plant,Shrub,H,,,NMPB,SOURCE_ONLY,False,,336
PLANT-0684,Datura innoxia Mill.,Safed Dhatura,SOLANACEAE,Safed Dhatura; Datura,Ayurveda,,,"Leaf,; Flower,; Fruit (Seed)",Herb,A,,https://archive.bsi.gov.in/echoHerbarium-Details/en?link=CAL0000009687&column=szBarcode,BSI+NMPB,HIGH,False,559,337
PLANT-0685,Datura metal L.,Sadahdhatura,SOLANACEAE,Sadahdhatura,,,,,,,,https://archive.bsi.gov.in/echoHerbarium-Details/en?link=CAL0000009684&column=szBarcode,BSI,SOURCE_ONLY,False,560,
PLANT-0686,Datura metel L.,Duttura,SOLANACEAE,Duttura; Dhattura,Ayurveda,,,"Leaf,; Flowering or; Fruiting; Tops, Fruit; (Seed)",Herb,ASW,Dhattura,,NMPB,SOURCE_ONLY,False,,338
PLANT-0687,Datura stramonium L.,Dhatura,SOLANACEAE,"Dhatura; Datura,; Umathi",Ayurveda,,,"Leaf, Fruit; (Seed), Stem",Herb,AFHSU,,https://archive.bsi.gov.in/echoHerbarium-Details/en?link=CAL0000009685&column=szBarcode,BSI+NMPB,HIGH,False,561,339
PLANT-0688,Daucas carota L.,Gajar,APIACEAE,Gajar,,,,,,,,https://archive.bsi.gov.in/echoHerbarium-Details/en?link=CAL0000013739&column=szBarcode,BSI,SOURCE_ONLY,False,562,
PLANT-0689,Daucus carota L. var. sativa DC.,Gaajar Beej,APIACEAE,Gaajar Beej,Ayurveda,,,Fruit (Seed),Herb,AFSU,,,NMPB,SOURCE_ONLY,False,,340
PLANT-0690,Decalepis hamiltonii Wight & Arn.,Mahali kizhangu (Tam.),ASCLEPIADACEAE,Mahali kizhangu (Tam.); Magali,Ayurveda,,,Root,Climber,AFS,,https://archive.bsi.gov.in/echoHerbarium-Details/en?link=CAL0000009242&column=szBarcode,BSI+NMPB,HIGH,False,563,341
PLANT-0691,Deeringia amaranthoides Merill.,Latman,AMARANTHACEAE,Latman,,,,,,,,https://archive.bsi.gov.in/echoHerbarium-Details/en?link=CAL0000008905&column=szBarcode,BSI,SOURCE_ONLY,False,564,
PLANT-0692,Delonix elata (L.) Gamble,Sankasura (Mar.),CAESALPINIACEAE,Sankasura (Mar.); Sanchal; Names,Ayurveda,,,Leaf,Tree,AFS**,Names,https://archive.bsi.gov.in/echoHerbarium-Details/en?link=CAL0000003516&column=szBarcode,BSI+NMPB,HIGH,False,565,342
PLANT-0693,Delphinium brunonianum Royle,Laskar (Punjab),RANUNCULACEAE,Laskar (Punjab),,,,,,,,https://archive.bsi.gov.in/echoHerbarium-Details/en?link=CAL0000009940&column=szBarcode,BSI,SOURCE_ONLY,False,566,
PLANT-0694,Delphinium denudatum Wall. ex Hook.f. & Thomson,"Jadwar, Nirbisi",RANUNCULACEAE,"Jadwar, Nirbisi; Jadwar,; Jadavar kath,; Nirbishi",Ayurveda,,,Root; (Tuber),Herb,AU,,https://archive.bsi.gov.in/echoHerbarium-Details/en?link=CAL0000009939&column=szBarcode,BSI+NMPB,HIGH,False,567,343
PLANT-0695,Delphinium vestitum Wall. ex Royle,"Juha, Kalulu",RANUNCULACEAE,"Juha, Kalulu",,,,,,,,https://archive.bsi.gov.in/echoHerbarium-Details/en?link=CAL0000009942&column=szBarcode,BSI,SOURCE_ONLY,False,568,
PLANT-0696,Dendrobium crumenatum Sw.,Pigeon Orchid (Eng.),ORCHIDACEAE,Pigeon Orchid (Eng.),,,,,,,,https://archive.bsi.gov.in/echoHerbarium-Details/en?link=CAL0000003915&column=szBarcode,BSI,SOURCE_ONLY,False,569,
PLANT-0697,Dendrobium nobile Lindl.,-,ORCHIDACEAE,-,,,,Whole Plant,Herb,F,,,NMPB,SOURCE_ONLY,False,,344
PLANT-0698,Dendrobium ovatum (L.) Kraenzl.,Nagli (Mar.),ORCHIDACEAE,Nagli (Mar.),,,,,,,,https://archive.bsi.gov.in/echoHerbarium-Details/en?link=CAL0000003912&column=szBarcode,BSI,SOURCE_ONLY,False,570,
PLANT-0699,Dendrocalamus strictus (Roxb.) Nees,"Bans kaban, Bans khurd",POACEAE,"Bans kaban, Bans khurd",,,,,,,,https://archive.bsi.gov.in/echoHerbarium-Details/en?link=CAL0000003178&column=szBarcode,BSI,SOURCE_ONLY,False,571,
PLANT-0700,Dendrocnide sinuata (Bl.) Chaw.,"Morange, Utigun",URTICACEAE,"Morange, Utigun",,,,,,,,https://archive.bsi.gov.in/echoHerbarium-Details/en?link=CAL0000009011&column=szBarcode,BSI,SOURCE_ONLY,False,572,
PLANT-0701,Dendrophthoe elastica (Desr.) Danser,Andagan (Tam.),LORANTHACEAE,Andagan (Tam.),,,,,,,,https://archive.bsi.gov.in/echoHerbarium-Details/en?link=CAL0000009019&column=szBarcode,BSI,SOURCE_ONLY,False,573,
PLANT-0702,Dendrophthoe falcata (L.f.) Ettingshausen,Banda,LORANTHACEAE,Banda; Bandaka; Vanda,Ayurveda,,,"Stem,; Whole Plant",Shrub,AF,Vanda,https://archive.bsi.gov.in/echoHerbarium-Details/en?link=CAL0000009018&column=szBarcode,BSI+NMPB,HIGH,False,574,345
PLANT-0703,Derris ferruginea (Roxb.) Benth.,"Ruphang-doukha, Aru (Assam)",FABACEAE,"Ruphang-doukha, Aru (Assam)",,,,,,,,https://archive.bsi.gov.in/echoHerbarium-Details/en?link=CAL0000003636&column=szBarcode,BSI,SOURCE_ONLY,False,575,
PLANT-0704,Derris indica (Lam.) Bennet.,"Karanj, Dithori",FABACEAE,"Karanj, Dithori",,,,,,,,https://archive.bsi.gov.in/echoHerbarium-Details/en?link=CAL0000003635&column=szBarcode,BSI,SOURCE_ONLY,False,576,
PLANT-0705,Derris scandens (Roxb.) ex. Benth.,Gonj,FABACEAE,Gonj,,,,Whole Plant,Climber,FS,,https://archive.bsi.gov.in/echoHerbarium-Details/en?link=CAL0000003640&column=szBarcode,BSI+NMPB,HIGH,False,577,346
PLANT-0706,Derris trifoliata Lour.,Panlata (Beng.),FABACEAE,Panlata (Beng.),,,,,,,,https://archive.bsi.gov.in/echoHerbarium-Details/en?link=CAL0000003638&column=szBarcode,BSI,SOURCE_ONLY,False,578,
PLANT-0707,Descurainia sophia (L.) Webb ex Prantl,Khubkallana,BRASSICACEAE,Khubkallana,,,,,,,,https://archive.bsi.gov.in/echoHerbarium-Details/en?link=CAL0000013868&column=szBarcode,BSI,SOURCE_ONLY,False,579,
PLANT-0708,Desmodium elegans DC.,Sambar,FABACEAE,Sambar,,,,,,,,https://archive.bsi.gov.in/echoHerbarium-Details/en?link=CAL0000003672&column=szBarcode,BSI,SOURCE_ONLY,False,580,
PLANT-0709,Desmodium gangeticum (L.) DC.,"Sarivan, Salpan",FABACEAE,"Sarivan, Salpan; Salparni,; Prasniparni; Salaparni",Ayurveda,,,"Root,; Whole Plant",Herb,AFHSTU,Salaparni,https://archive.bsi.gov.in/echoHerbarium-Details/en?link=CAL0000003682&column=szBarcode,BSI+NMPB,HIGH,False,581,347
PLANT-0710,Desmodium heterocarpon (L.) DC.,Chepputatta (Tel.),FABACEAE,Chepputatta (Tel.),,,,,,,,https://archive.bsi.gov.in/echoHerbarium-Details/en?link=CAL0000003680&column=szBarcode,BSI,SOURCE_ONLY,False,582,
PLANT-0711,Desmodium pulchellum (L.) Benth.,"Chapor, Dheknanadak (Local names)",FABACEAE,"Chapor, Dheknanadak (Local names); Lodhra, Kheri",Ayurveda,,,Root,Shrub,A,,https://archive.bsi.gov.in/echoHerbarium-Details/en?link=CAL0000003679&column=szBarcode,BSI+NMPB,HIGH,False,583,348
PLANT-0712,Desmodium triflorum (L.) DC.,Kudaliya,FABACEAE,Kudaliya; Hamsapapdi,Ayurveda,,,Whole Plant,Herb,AFS,,https://archive.bsi.gov.in/echoHerbarium-Details/en?link=CAL0000003675&column=szBarcode,BSI+NMPB,HIGH,False,584,349
PLANT-0713,Desmodium triquetrum (L.) DC.,Adkhapanal (Mal.),FABACEAE,Adkhapanal (Mal.),,,,,,,,https://archive.bsi.gov.in/echoHerbarium-Details/en?link=CAL0000003676&column=szBarcode,BSI,SOURCE_ONLY,False,585,
PLANT-0714,Desmos chinensis Lour.,Aitaala (Kannada),ANNONACEAE,Aitaala (Kannada),,,,,,,,https://archive.bsi.gov.in/echoHerbarium-Details/en?link=CAL0000013998&column=szBarcode,BSI,SOURCE_ONLY,False,586,
PLANT-0715,Desmos cochinchinensis Lour.,Dwarf ylang-ylang (Eng.),ANNONACEAE,Dwarf ylang-ylang (Eng.),,,,,,,,https://archive.bsi.gov.in/echoHerbarium-Details/en?link=CAL0000013996&column=szBarcode,BSI,SOURCE_ONLY,False,587,
PLANT-0716,Desmostachya bipinnata (L.) Stapf,"Dab, Durva",POACEAE,"Dab, Durva; Dharbha; Kusa",Ayurveda,,,Root,Herb,ASTU,Kusa,https://archive.bsi.gov.in/echoHerbarium-Details/en?link=CAL0000003183&column=szBarcode,BSI+NMPB,HIGH,False,588,350
PLANT-0717,Dianthus anatolicus Boiss.,Kanturiyan (Indian Bazaars),CARYOPHYLLACEAE,Kanturiyan (Indian Bazaars),,,,,,,,https://archive.bsi.gov.in/echoHerbarium-Details/en?link=CAL0000003829&column=szBarcode,BSI,SOURCE_ONLY,False,589,
PLANT-0718,Dianthus caryophyllus L.,Clove pink (Eng.),CARYOPHYLLACEAE,Clove pink (Eng.),,,,,,,,https://archive.bsi.gov.in/echoHerbarium-Details/en?link=CAL0000003830&column=szBarcode,BSI,SOURCE_ONLY,False,590,
PLANT-0719,Dichroa febrifuga Lour.,Basak,SAXIFRAGACEAE,Basak,,,,,,,,https://archive.bsi.gov.in/echoHerbarium-Details/en?link=CAL0000013706&column=szBarcode,BSI,SOURCE_ONLY,False,591,
PLANT-0720,Dichrostachys cinerea (L.) Wight & Arn.,"Kheri, Vartuli",MIMOSACEAE,"Kheri, Vartuli; Virtuli",Ayurveda,,,"Stem, Leaf",Shrub,AFST,,https://archive.bsi.gov.in/echoHerbarium-Details/en?link=CAL0000003476&column=szBarcode,BSI+NMPB,HIGH,False,592,351
PLANT-0721,Dicliptera bupleuroides Nees,Bouna (Simla),ACANTHACEAE,Bouna (Simla),,,,,,,,https://archive.bsi.gov.in/echoHerbarium-Details/en?link=CAL0000009064&column=szBarcode,BSI,SOURCE_ONLY,False,593,
PLANT-0722,Dicoma tomentosa Cass.,Navananjichapala (Mar.),ASTERACEAE,Navananjichapala (Mar.),,,,,,,,https://archive.bsi.gov.in/echoHerbarium-Details/en?link=CAL0000013673&column=szBarcode,BSI,SOURCE_ONLY,False,594,
PLANT-0723,Dictamnus albus L.,Burning Bush (Eng.),RUTACEAE,Burning Bush (Eng.),,,,,,,,https://archive.bsi.gov.in/echoHerbarium-Details/en?link=CAL0000009976&column=szBarcode,BSI,SOURCE_ONLY,False,595,
PLANT-0724,Didymocarpus pedicellata R.Br.,"Shilapushpi,; Pathar phori,; Pasanphodi",GESNERIACEAE,"Shilapushpi,; Pathar phori,; Pasanphodi",Ayurveda,,,Root,Herb,A,,,NMPB,SOURCE_ONLY,False,,352
PLANT-0725,Didymocarpus pedicillatus R.Br.,Pathar phori,GESNERIACEAE,Pathar phori,,,,,,,,https://archive.bsi.gov.in/echoHerbarium-Details/en?link=CAL0000009668&column=szBarcode,BSI,SOURCE_ONLY,False,596,
PLANT-0726,Digera muricata (L.) Mart.,Latmhuria,AMARANTHACEAE,Latmhuria,,,,,,,,https://archive.bsi.gov.in/echoHerbarium-Details/en?link=CAL0000008908&column=szBarcode,BSI,SOURCE_ONLY,False,597,
PLANT-0727,Digitalis lanata Ehrh.,Grecian Foxglobe (Eng.),SCROPHULARIACEAE,Grecian Foxglobe (Eng.),,,,,,,,https://archive.bsi.gov.in/echoHerbarium-Details/en?link=CAL0000009672&column=szBarcode,BSI,SOURCE_ONLY,False,598,
PLANT-0728,Digitalis purpurea L.,Common Foxglove (Eng.),SCROPHULARIACEAE,Common Foxglove (Eng.),,,,,,,,https://archive.bsi.gov.in/echoHerbarium-Details/en?link=CAL0000009673&column=szBarcode,BSI,SOURCE_ONLY,False,599,
PLANT-0729,Dillenia indica L.,Chalta,DILLENIACEAE,Chalta,,,,,,,,https://archive.bsi.gov.in/echoHerbarium-Details/en?link=CAL0000009922&column=szBarcode,BSI,SOURCE_ONLY,False,600,
PLANT-0730,Dillenia pentagyna Roxb.,Nagkesaram,DILLENIACEAE,Nagkesaram,Ayurveda,,,"Fruit, Flower",Tree,AFS,,,NMPB,SOURCE_ONLY,False,,353
PLANT-0731,Dimocarpus longan Lour.,Ashphal (Beng.),SAPINDACEAE,Ashphal (Beng.),,,,,,,,https://archive.bsi.gov.in/echoHerbarium-Details/en?link=CAL0000003576&column=szBarcode,BSI,SOURCE_ONLY,False,601,
PLANT-0732,Dinochloa andamanica Kurz,Baradaha-barat (Andamans),POACEAE,Baradaha-barat (Andamans),,,,,,,,https://archive.bsi.gov.in/echoHerbarium-Details/en?link=CAL0000003177&column=szBarcode,BSI,SOURCE_ONLY,False,602,
PLANT-0733,Dioscorea alata L.,"Chupri alu, Khamalu",DIOSCOREACEAE,"Chupri alu, Khamalu; Sewalli kodi",Ayurveda,,,"Root, Stem",Climber,AFS,,https://archive.bsi.gov.in/echoHerbarium-Details/en?link=CAL0000003102&column=szBarcode,BSI+NMPB,HIGH,False,603,354
PLANT-0734,Dioscorea bulbifera L.,"Ratalu, Suaralu",DIOSCOREACEAE,"Ratalu, Suaralu; Varahi kand; Varahi",Ayurveda,,,Root,Climber,AFSTU,Varahi,https://archive.bsi.gov.in/echoHerbarium-Details/en?link=CAL0000003103&column=szBarcode,BSI+NMPB,HIGH,False,604,355
PLANT-0735,Dioscorea deltoidea Wall. ex Kunth,"Kins (Kash.), Kriss (Punjab)",DIOSCOREACEAE,"Kins (Kash.), Kriss (Punjab); Shingli mingli",,,,Root,Climber,FW,,https://archive.bsi.gov.in/echoHerbarium-Details/en?link=CAL0000003106&column=szBarcode,BSI+NMPB,HIGH,False,605,356
PLANT-0736,Dioscorea esculenta Burkill,"Suthni, Su nialu (Beng.)",DIOSCOREACEAE,"Suthni, Su nialu (Beng.)",,,,,,,,https://archive.bsi.gov.in/echoHerbarium-Details/en?link=CAL0000003107&column=szBarcode,BSI,SOURCE_ONLY,False,606,
PLANT-0737,Dioscorea oppositifolia L.,"Yellagadda, Adairdumpa (Tel.)",DIOSCOREACEAE,"Yellagadda, Adairdumpa (Tel.); Sarpahya",Ayurveda,,,Root,Climber,AFS,,https://archive.bsi.gov.in/echoHerbarium-Details/en?link=CAL0000003110&column=szBarcode,BSI+NMPB,HIGH,False,607,357
PLANT-0738,Dioscorea pentaphylla L.,"Bhusa, Gazaria",DIOSCOREACEAE,"Bhusa, Gazaria; Kanta alu",Ayurveda,,,"Root, Stem",Climber,AFS,,https://archive.bsi.gov.in/echoHerbarium-Details/en?link=CAL0000003111&column=szBarcode,BSI+NMPB,HIGH,False,608,358
PLANT-0739,Diospyros buxifolia (Blume) Hiern,Elichevian,EBENACEAE,Elichevian,,,,Fruit,Tree,F,,,NMPB,SOURCE_ONLY,False,,359
PLANT-0740,Diospyros candolleana Wight,Nila-vriksha (Sans.),EBENACEAE,Nila-vriksha (Sans.),,,,,,,,https://archive.bsi.gov.in/echoHerbarium-Details/en?link=CAL0000009216&column=szBarcode,BSI,SOURCE_ONLY,False,609,
PLANT-0741,Diospyros ebenum Koenig,"Ebans, Abnus",EBENACEAE,"Ebans, Abnus; Abnus",,,,Wood,Tree,FSU,,https://archive.bsi.gov.in/echoHerbarium-Details/en?link=CAL0000009210&column=szBarcode,BSI+NMPB,HIGH,False,610,360
PLANT-0742,Diospyros exsculpta Buch.-Ham.,Coromandel Ebony Persimmon (Eng.),EBENACEAE,Coromandel Ebony Persimmon (Eng.),,,,,,,,https://archive.bsi.gov.in/echoHerbarium-Details/en?link=CAL0000009213&column=szBarcode,BSI,SOURCE_ONLY,False,611,
PLANT-0743,Diospyros kaki L.f.,Halwa tendu,EBENACEAE,Halwa tendu,,,,,,,,https://archive.bsi.gov.in/echoHerbarium-Details/en?link=CAL0000009218&column=szBarcode,BSI,SOURCE_ONLY,False,612,
PLANT-0744,Diospyros lotus L.,Amlok,EBENACEAE,Amlok,,,,Fruit,Tree,F,,,NMPB,SOURCE_ONLY,False,,361
PLANT-0745,Diospyros malabarica (Desr.) Kostel.,Gaab,EBENACEAE,Gaab,,,,,,,,https://archive.bsi.gov.in/echoHerbarium-Details/en?link=CAL0000009208&column=szBarcode,BSI,SOURCE_ONLY,False,613,
PLANT-0746,Diospyros melanoxylon Roxb.,"Tendu, Timburni",EBENACEAE,"Tendu, Timburni; Tendu; Names",Ayurveda,,,Leaf,Tree,AFSUTag **,Names,https://archive.bsi.gov.in/echoHerbarium-Details/en?link=CAL0000009212&column=szBarcode,BSI+NMPB,HIGH,False,614,362
PLANT-0747,Diospyros montana Roxb.,"Bistendu, Tendu",EBENACEAE,"Bistendu, Tendu",,,,,,,,https://archive.bsi.gov.in/echoHerbarium-Details/en?link=CAL0000009207&column=szBarcode,BSI,SOURCE_ONLY,False,615,
PLANT-0748,Diospyros paniculata Dalzell,Thinduka (Sans.),EBENACEAE,Thinduka (Sans.),,,,,,,,https://archive.bsi.gov.in/echoHerbarium-Details/en?link=CAL0000009214&column=szBarcode,BSI,SOURCE_ONLY,False,616,
PLANT-0749,Diospyros toposia Buch.-Ham.,Tapsi (Beng.),EBENACEAE,Tapsi (Beng.),,,,,,,,https://archive.bsi.gov.in/echoHerbarium-Details/en?link=CAL0000009217&column=szBarcode,BSI,SOURCE_ONLY,False,617,
PLANT-0750,Diploclisia glaucescens (Blume) Diels,Vatoli (Mar.),MENISPERMACEAE,Vatoli (Mar.),,,,,,,,https://archive.bsi.gov.in/echoHerbarium-Details/en?link=CAL0000013988&column=szBarcode,BSI,SOURCE_ONLY,False,618,
PLANT-0751,Diplocyclos palmatus (L.) C.Jeffrey,Shivling beej,CUCURBITACEAE,Shivling beej,Ayurveda,,,Fruit (Seed),Climber,AFS,,,NMPB,SOURCE_ONLY,False,,363
PLANT-0752,Dipterocarpus indicus Bedd.,Kakka (Mal.),DIPTEROCARPACEAE,Kakka (Mal.),,,,,,,,https://archive.bsi.gov.in/echoHerbarium-Details/en?link=CAL0000003795&column=szBarcode,BSI,SOURCE_ONLY,False,619,
PLANT-0753,Dipterocarpus turbinatus Gaertn.f.,Teli-gurjun (Beng.),DIPTEROCARPACEAE,Teli-gurjun (Beng.),,,,,,,,https://archive.bsi.gov.in/echoHerbarium-Details/en?link=CAL0000003791&column=szBarcode,BSI,SOURCE_ONLY,False,620,
PLANT-0754,Dodonaea angustifolia (L.f.) Benth.,"Aliar,; jangli-anar",SAPINDACEAE,"Aliar,; jangli-anar",,,,Leaf,Shrub,F,,,NMPB,SOURCE_ONLY,False,,364
PLANT-0755,Dodonaea viscosa (L.) Jacq.,"Sanatta, Sinatha",SAPINDACEAE,"Sanatta, Sinatha",,,,,,,,https://archive.bsi.gov.in/echoHerbarium-Details/en?link=CAL0000003578&column=szBarcode,BSI,SOURCE_ONLY,False,621,
PLANT-0756,Dolichandrone falcata Seem.,Mersingi (Mar.),BIGNONIACEAE,Mersingi (Mar.),,,,,,,,https://archive.bsi.gov.in/echoHerbarium-Details/en?link=CAL0000009664&column=szBarcode,BSI,SOURCE_ONLY,False,622,
PLANT-0757,Dolichandrone spathacea K.Schum.,Gorshingiah (Beng.),BIGNONIACEAE,Gorshingiah (Beng.),,,,,,,,https://archive.bsi.gov.in/echoHerbarium-Details/en?link=CAL0000009902&column=szBarcode,BSI,SOURCE_ONLY,False,623,
PLANT-0758,Dolichos biflorus L.; [= Macrotyloma uniflorum (Lam.),"Kulthi, Muthira",FABACEAE,"Kulthi, Muthira; Kulattha",Ayurveda,,,Fruit (Seed),Herb,AFSTU,Kulattha,,NMPB,SOURCE_ONLY,False,,365
PLANT-0759,Dolichos trilobus L.,Minnikizhangu (Local name),FABACEAE,Minnikizhangu (Local name),,,,,,,,https://archive.bsi.gov.in/echoHerbarium-Details/en?link=CAL0000003624&column=szBarcode,BSI,SOURCE_ONLY,False,624,
PLANT-0760,Dolichos uniflorus Lam.,Kulthi,FABACEAE,Kulthi,,,,,,,,https://archive.bsi.gov.in/echoHerbarium-Details/en?link=CAL0000003625&column=szBarcode,BSI,SOURCE_ONLY,False,625,
PLANT-0761,Dorema ammoniacum D.Don,Ushaq,APIACEAE,Ushaq,Ayurveda,,,Gum,Herb,AHU,,,NMPB,SOURCE_ONLY,False,,366
PLANT-0762,Draba verna L.,Spring Whitlowgrass (Eng.),BRASSICACEAE,Spring Whitlowgrass (Eng.),,,,,,,,https://archive.bsi.gov.in/echoHerbarium-Details/en?link=CAL0000003756&column=szBarcode,BSI,SOURCE_ONLY,False,626,
PLANT-0763,Dracocephalum moldavica L.,Tukhme-ferunjmishk,LAMIACEAE,Tukhme-ferunjmishk,,,,,,,,https://archive.bsi.gov.in/echoHerbarium-Details/en?link=CAL0000008887&column=szBarcode,BSI,SOURCE_ONLY,False,627,
PLANT-0764,Drosera burmanni Vahl,Jalkeshar (Local name),DROSERACEAE,Jalkeshar (Local name),,,,,,,,https://archive.bsi.gov.in/echoHerbarium-Details/en?link=CAL0000013713&column=szBarcode,BSI,SOURCE_ONLY,False,628,
PLANT-0765,Drosera peltata Sm.,Mukhajali,DROSERACEAE,Mukhajali; Drosera,,,,Whole Plant,Herb,FS,,https://archive.bsi.gov.in/echoHerbarium-Details/en?link=CAL0000013712&column=szBarcode,BSI+NMPB,HIGH,False,629,367
PLANT-0766,Drymaria cordata Willd.,"Abijalo, Bat-nongrim (Local names)",CARYOPHYLLACEAE,"Abijalo, Bat-nongrim (Local names)",,,,,,,,https://archive.bsi.gov.in/echoHerbarium-Details/en?link=CAL0000003828&column=szBarcode,BSI,SOURCE_ONLY,False,630,
PLANT-0767,Drynaria quercifolia (L.) J.Sm.,Garur (Beng.),POLYPODIACEAE,Garur (Beng.),,,,,,,,https://archive.bsi.gov.in/echoHerbarium-Details/en?link=CAL0000003277&column=szBarcode,BSI,SOURCE_ONLY,False,631,
PLANT-0768,Dryobalanops aromatica Gaertn.f.,"Bhimsaini-kapur, Barus kapur",DIPTEROCARPACEAE,"Bhimsaini-kapur, Barus kapur; Baraas; (Bhimseni; kapoor)",Ayurveda,,,Exudate,Tree,A,,https://archive.bsi.gov.in/echoHerbarium-Details/en?link=CAL0000003789&column=szBarcode,BSI+NMPB,HIGH,False,632,368
PLANT-0769,Dryopteris filix-mas (L.) Schott.,Sarakhs,DRYOPTERIDACEAE,"Sarakhs; Shield fern,; Hirvi",,,,Root,Herb,HS,,https://archive.bsi.gov.in/echoHerbarium-Details/en?link=CAL0000003255&column=szBarcode,BSI+NMPB,HIGH,False,633,369
PLANT-0770,Dryopteris marginata (Wall. ex Christ.) Christ.,Lai-chankhrang (Manipuri),DRYOPTERIDACEAE,Lai-chankhrang (Manipuri),,,,,,,,https://archive.bsi.gov.in/echoHerbarium-Details/en?link=CAL0000003253&column=szBarcode,BSI,SOURCE_ONLY,False,634,
PLANT-0771,Drypetes roxburghii (Wall.) Hurus.; [= Putranjiva roxburghii Wall.],Putrjivak,EUPHORBIACEAE,Putrjivak,Ayurveda,,,"Bark (Stem),; Fruit",Tree,AFS,,,NMPB,SOURCE_ONLY,False,,370
PLANT-0772,Drypetyes roxburghii (Wall.) Hurus.,"Jiaputa, Juti",EUPHORBIACEAE,"Jiaputa, Juti",,,,,,,,https://archive.bsi.gov.in/echoHerbarium-Details/en?link=CAL0000008966&column=szBarcode,BSI,SOURCE_ONLY,False,635,
PLANT-0773,Durio zibethinus L.,Civet fruit (Eng.),BOMBACACEAE,Civet fruit (Eng.),,,,,,,,https://archive.bsi.gov.in/echoHerbarium-Details/en?link=CAL0000003868&column=szBarcode,BSI,SOURCE_ONLY,False,636,
PLANT-0774,Dysoxylum alliarum (Buch.-Ham.) N.P.Balakr.,Gendheli-poma (Assam),MELIACEAE,Gendheli-poma (Assam),,,,,,,,https://archive.bsi.gov.in/echoHerbarium-Details/en?link=CAL0000009898&column=szBarcode,BSI,SOURCE_ONLY,False,637,
PLANT-0775,Dysoxylum malabaricum Bedd.,Vellaiyagil (Tam.),MELIACEAE,Vellaiyagil (Tam.); Vellakil,Ayurveda,,,Wood; (Heartwood),Tree,AFS,,https://archive.bsi.gov.in/echoHerbarium-Details/en?link=CAL0000009900&column=szBarcode,BSI+NMPB,HIGH,False,638,371
PLANT-0776,Ecballium elaterium L.,Squirting Cucumber (Eng.),CUCURBITACEAE,Squirting Cucumber (Eng.),,,,,,,,https://archive.bsi.gov.in/echoHerbarium-Details/en?link=CAL0000013777&column=szBarcode,BSI,SOURCE_ONLY,False,639,
PLANT-0777,Ecbolium viride (Forsk.) Alston,Udajati,ACANTHACEAE,"Udajati; Udajati,; Sahacarah",Ayurveda,,,Flower,Herb,AF,,https://archive.bsi.gov.in/echoHerbarium-Details/en?link=CAL0000009061&column=szBarcode,BSI+NMPB,HIGH,False,640,372
PLANT-0778,Echinochloa crusgalli (L.) Beauv,"Samak, sanwak",POACEAE,"Samak, sanwak",,,,,,,,https://archive.bsi.gov.in/echoHerbarium-Details/en?link=CAL0000003159&column=szBarcode,BSI,SOURCE_ONLY,False,641,
PLANT-0779,Echinochloa frumentacea (Roxb.) Link.,"Sanwa, Shamula",POACEAE,"Sanwa, Shamula",,,,,,,,https://archive.bsi.gov.in/echoHerbarium-Details/en?link=CAL0000003161&column=szBarcode,BSI,SOURCE_ONLY,False,642,
PLANT-0780,Echinochloa stagnina (Retz.) P.Beauv.,Dul (Beng.),POACEAE,Dul (Beng.),,,,,,,,https://archive.bsi.gov.in/echoHerbarium-Details/en?link=CAL0000003160&column=szBarcode,BSI,SOURCE_ONLY,False,643,
PLANT-0781,Echinops echinatus Roxb.,"Gokru, Utakanta",ASTERACEAE,"Gokru, Utakanta; Utkanta",Ayurveda,,,Whole Plant,Herb,AFSU,,https://archive.bsi.gov.in/echoHerbarium-Details/en?link=CAL0000013678&column=szBarcode,BSI+NMPB,HIGH,False,644,373
PLANT-0782,Eclipta alba (L.) Hassk.,"Bhangra, Babri",ASTERACEAE,"Bhangra, Babri",,,,,,,,https://archive.bsi.gov.in/echoHerbarium-Details/en?link=CAL0000013679&column=szBarcode,BSI,SOURCE_ONLY,False,645,
PLANT-0783,Eclipta prostrata (L.) L.; [= E. alba Hassk.],Bhringaraj,ASTERACEAE,Bhringaraj; Bhrngaraja,Ayurveda,,,Whole Plant,Herb,AFS,Bhrngaraja,,NMPB,SOURCE_ONLY,False,,374
PLANT-0784,Edgeworthia gardneri (Wall.) Meissn.,Dhenok (lepcha),THYMELAEACEAE,Dhenok (lepcha),,,,,,,,https://archive.bsi.gov.in/echoHerbarium-Details/en?link=CAL0000009029&column=szBarcode,BSI,SOURCE_ONLY,False,646,
PLANT-0785,Ehretia aspera Roxb.,Tella juvi (Tel.),BORAGINACEAE,Tella juvi (Tel.),,,,,,,,https://archive.bsi.gov.in/echoHerbarium-Details/en?link=CAL0000009709&column=szBarcode,BSI,SOURCE_ONLY,False,647,
PLANT-0786,Elaeagnus angustifolia L.,Shiulik,ELAEAGNACEAE,Shiulik,,,,,,,,https://archive.bsi.gov.in/echoHerbarium-Details/en?link=CAL0000009022&column=szBarcode,BSI,SOURCE_ONLY,False,648,
PLANT-0787,Elaeagnus latifolia L.,Guara (Beng.),ELAEAGNACEAE,Guara (Beng.),,,,,,,,https://archive.bsi.gov.in/echoHerbarium-Details/en?link=CAL0000009025&column=szBarcode,BSI,SOURCE_ONLY,False,649,
PLANT-0788,Elaeagnus parvifolia Wall. ex Royle,"Giwain, Kankal",ELAEAGNACEAE,"Giwain, Kankal",,,,,,,,https://archive.bsi.gov.in/echoHerbarium-Details/en?link=CAL0000009023&column=szBarcode,BSI,SOURCE_ONLY,False,650,
PLANT-0789,Elaeis guineensis Jacq.,African oil palm (Eng.),ARECACEAE,African oil palm (Eng.),,,,,,,,https://archive.bsi.gov.in/echoHerbarium-Details/en?link=CAL0000003201&column=szBarcode,BSI,SOURCE_ONLY,False,651,
PLANT-0790,Elaeocarpus floribundus Blume,Jalpai (Beng.),ELAEOCARPACEAE,Jalpai (Beng.),,,,,,,,https://archive.bsi.gov.in/echoHerbarium-Details/en?link=CAL0000013469&column=szBarcode,BSI,SOURCE_ONLY,False,652,
PLANT-0791,Elaeocarpus serratus L.,Jalpai (Beng.),ELAEOCARPACEAE,Jalpai (Beng.),,,,,,,,https://archive.bsi.gov.in/echoHerbarium-Details/en?link=CAL0000013468&column=szBarcode,BSI,SOURCE_ONLY,False,653,
PLANT-0792,Elaeocarpus sphaericus (Gaertn.) K.Schum.; [ = E. ganitrus Roxb.],Rudraksh,ELAEOCARPACEAE,Rudraksh; Rudraksa; Names,Ayurveda,,,Fruit,Tree,AF**,Rudraksa; Names,,NMPB,SOURCE_ONLY,False,,375
PLANT-0793,Elaeocarpus tuberculatus Roxb.,Rutthracham (Tam.),ELAEOCARPACEAE,Rutthracham (Tam.),,,,,,,,https://archive.bsi.gov.in/echoHerbarium-Details/en?link=CAL0000013467&column=szBarcode,BSI,SOURCE_ONLY,False,654,
PLANT-0794,Elephantopus scaber L.,"Gobhi, Samudulan",ASTERACEAE,"Gobhi, Samudulan; Gjihiva",Ayurveda,,,Whole Plant,Herb,AFS,,https://archive.bsi.gov.in/echoHerbarium-Details/en?link=CAL0000013685&column=szBarcode,BSI+NMPB,HIGH,False,655,376
PLANT-0795,Elettaria cardamomum Maton,"Elachi Chhoti,; Ilaychi",ZINGIBERACEAE,"Elachi Chhoti,; Ilaychi; Suksmaila",Ayurveda,,,"Fruit; (Fruit, Seed)",Herb,A,Suksmaila,,NMPB,SOURCE_ONLY,False,,377
PLANT-0796,Eleusine coracana L.,"Mandua, Mandal",POACEAE,"Mandua, Mandal",,,,,,,,https://archive.bsi.gov.in/echoHerbarium-Details/en?link=CAL0000003193&column=szBarcode,BSI,SOURCE_ONLY,False,656,
PLANT-0797,Eleusine indica (L.) Gaertn.,Mandla,POACEAE,Mandla,,,,,,,,https://archive.bsi.gov.in/echoHerbarium-Details/en?link=CAL0000003194&column=szBarcode,BSI,SOURCE_ONLY,False,657,
PLANT-0798,Eleutherococcus senticosus,Ginseng,ARALIACEAE,Ginseng,,,,Root,Shrub,W,,,NMPB,SOURCE_ONLY,False,,378
PLANT-0799,Elsholtzia ciliata (Thunb.) Hyl.,Crested Late-Summer Mint (Eng.),LAMIACEAE,Crested Late-Summer Mint (Eng.),,,,,,,,https://archive.bsi.gov.in/echoHerbarium-Details/en?link=CAL0000008895&column=szBarcode,BSI,SOURCE_ONLY,False,658,
PLANT-0800,Embelia ribes Burm.f.,"Vayavidanga, Bhabhiranga",MYRSINACEAE,"Vayavidanga, Bhabhiranga; Vaividang,; Vidanga; Vidanga",Ayurveda,,,Fruit,Climber,AFHSTU,Vidanga,https://archive.bsi.gov.in/echoHerbarium-Details/en?link=CAL0000009226&column=szBarcode,BSI+NMPB,HIGH,False,659,379
PLANT-0801,Embelia tsjeriam-cottam A.DC.,"Babrang, Baibrang",MYRSINACEAE,"Babrang, Baibrang; Vaividang",Ayurveda,,,Fruit,Shrub,AF,,https://archive.bsi.gov.in/echoHerbarium-Details/en?link=CAL0000009228&column=szBarcode,BSI+NMPB,HIGH,False,660,380
PLANT-0802,Emblica officinalis Gaertn.,"Amla, Amlika",EUPHORBIACEAE,"Amla, Amlika; Amla, Anwala; Amalaki",Ayurveda,,,"Fruit (Seed,; Fresh/Dry; Fruit in Sugar; Solution)",Tree,AFSTU,Amalaki,https://archive.bsi.gov.in/echoHerbarium-Details/en?link=CAL0000008791&column=szBarcode,BSI+NMPB,HIGH,False,661,381
PLANT-0803,Emilia sonchifolia (L.) DC.,Hirankhuri,ASTERACEAE,Hirankhuri; Muyalcheviyan,Ayurveda,,,Whole Plant,Herb,AFS,,https://archive.bsi.gov.in/echoHerbarium-Details/en?link=CAL0000013680&column=szBarcode,BSI+NMPB,HIGH,False,662,382
PLANT-0804,Enhydra fluctans Lour.,Harkuch,ASTERACEAE,Harkuch,,,,,,,,https://archive.bsi.gov.in/echoHerbarium-Details/en?link=CAL0000013681&column=szBarcode,BSI,SOURCE_ONLY,False,663,
PLANT-0805,Enicostema hyssopifolium (Willd.) I.Verd.,Chota chirayata,GENTIANACEAE,Chota chirayata,,,,,,,,https://archive.bsi.gov.in/echoHerbarium-Details/en?link=CAL0000013152&column=szBarcode,BSI,SOURCE_ONLY,False,664,
PLANT-0806,Enicostemma axillare (Lam.) Raynal; [ = E. littorale non Blume;,Mamejava,GENTIANACEAE,Mamejava,Ayurveda,,,Whole Plant,Herb,AFS,,,NMPB,SOURCE_ONLY,False,,383
PLANT-0807,Entada pursaetha DC.,African dream herb (Eng.),MIMOSACEAE,African dream herb (Eng.); Yaanai; Kazharchi; Kaai; Names,,,,Fruit (Seed),Climber,F**,Names,https://archive.bsi.gov.in/echoHerbarium-Details/en?link=CAL0000003478&column=szBarcode,BSI+NMPB,HIGH,False,665,384
PLANT-0808,Ephedra equisetina Bunge,Somalatha; (Subs.),EPHEDRACEAE,Somalatha; (Subs.),,,,"Stem, Leaf,; Flower, Fruit",Shrub,F,,,NMPB,SOURCE_ONLY,False,,385
PLANT-0809,Ephedra gerardiana Wall. ex J.A. Mey,Somalatha,EPHEDRACEAE,Somalatha,Ayurveda,,,Whole Plant,Shrub,AH,,,NMPB,SOURCE_ONLY,False,,386
PLANT-0810,Ephedra girardiana Wall. ex Stapf,Asmania (Punjab),EPHEDRACEAE,Asmania (Punjab),,,,,,,,https://archive.bsi.gov.in/echoHerbarium-Details/en?link=CAL0000009871&column=szBarcode,BSI,SOURCE_ONLY,False,666,
PLANT-0811,Ephedra intermedia Schrenk. & Mey,Central-Asian Jointfir (Eng.),EPHEDRACEAE,Central-Asian Jointfir (Eng.); Somalatha,,,,"Stem, Leaf,; Flower, Fruit",Shrub,F,,https://archive.bsi.gov.in/echoHerbarium-Details/en?link=CAL0000009870&column=szBarcode,BSI+NMPB,HIGH,False,667,387
PLANT-0812,Ephedra sinica Stapf,Ephedra,EPHEDRACEAE,Ephedra,,,,"Stem, Leaf,; Fruit (Fruit,; Seed)",Shrub,F,,,NMPB,SOURCE_ONLY,False,,388
PLANT-0813,Ephemerantha macraei (Lindl.) Hunt & Summerh,Jivanti,ORCHIDACEAE,Jivanti,,,,,,,,https://archive.bsi.gov.in/echoHerbarium-Details/en?link=CAL0000003917&column=szBarcode,BSI,SOURCE_ONLY,False,668,
PLANT-0814,Epilobium angustifolium L.,Fireweed (Eng.),ONAGRACEAE,Fireweed (Eng.),,,,,,,,https://archive.bsi.gov.in/echoHerbarium-Details/en?link=CAL0000013805&column=szBarcode,BSI,SOURCE_ONLY,False,669,
PLANT-0815,Epilobium hirsutum L.,Hairy Willow Weed (Eng.),ONAGRACEAE,Hairy Willow Weed (Eng.),,,,,,,,https://archive.bsi.gov.in/echoHerbarium-Details/en?link=CAL0000013806&column=szBarcode,BSI,SOURCE_ONLY,False,670,
PLANT-0816,Equisetum arvense L.,Field Horsetail (Eng.),EQUISETACEAE,"Field Horsetail (Eng.); Bottle brush,; Horse tail",,,,Whole Plant,Herb,FW,,https://archive.bsi.gov.in/echoHerbarium-Details/en?link=CAL0000003273&column=szBarcode,BSI+NMPB,HIGH,False,672,389
PLANT-0817,Equisetum debile Roxb. ex Vaucher,"Trotak, Nari (Punjab)",EQUISETACEAE,"Trotak, Nari (Punjab)",,,,,,,,https://archive.bsi.gov.in/echoHerbarium-Details/en?link=CAL0000003274&column=szBarcode,BSI,SOURCE_ONLY,False,671,
PLANT-0818,Eranthemum roseum R.Br.,Gulsham,ACANTHACEAE,Gulsham,,,,,,,,https://archive.bsi.gov.in/echoHerbarium-Details/en?link=CAL0000009058&column=szBarcode,BSI,SOURCE_ONLY,False,673,
PLANT-0819,Eria pannea Lindl.,Zhu Ye Ni Mao Lan (China),ORCHIDACEAE,Zhu Ye Ni Mao Lan (China),,,,,,,,https://archive.bsi.gov.in/echoHerbarium-Details/en?link=CAL0000003919&column=szBarcode,BSI,SOURCE_ONLY,False,674,
PLANT-0820,Erigeron asteroides Roxb.,"Sonsali, Maredi (Bombay)",ASTERACEAE,"Sonsali, Maredi (Bombay)",,,,,,,,https://archive.bsi.gov.in/echoHerbarium-Details/en?link=CAL0000013682&column=szBarcode,BSI,SOURCE_ONLY,False,675,
PLANT-0821,Erigeron canadensis L.,Jarayupriya (Sans.),ASTERACEAE,Jarayupriya (Sans.),,,,,,,,https://archive.bsi.gov.in/echoHerbarium-Details/en?link=CAL0000013683&column=szBarcode,BSI,SOURCE_ONLY,False,676,
PLANT-0822,Eriobotrya japonica (Thunb.) Lindl.,Logat,ROSACEAE,Logat,,,,,,,,https://archive.bsi.gov.in/echoHerbarium-Details/en?link=CAL0000013732&column=szBarcode,BSI,SOURCE_ONLY,False,677,
PLANT-0823,Eriolaena quinquelocularis Wight,Naiunnam (Tam.),STERCULIACEAE,Naiunnam (Tam.),,,,,,,,https://archive.bsi.gov.in/echoHerbarium-Details/en?link=CAL0000003862&column=szBarcode,BSI,SOURCE_ONLY,False,678,
PLANT-0824,Erodium cicutarium (L.) L'Herit ex Aiton,Red-Stem Filaree (Eng.),GERANIACEAE,Red-Stem Filaree (Eng.),,,,,,,,https://archive.bsi.gov.in/echoHerbarium-Details/en?link=CAL0000009977&column=szBarcode,BSI,SOURCE_ONLY,False,679,
PLANT-0825,Erodium moschatum L.'Herit,Musk-Clover (Eng.),GERANIACEAE,Musk-Clover (Eng.),,,,,,,,https://archive.bsi.gov.in/echoHerbarium-Details/en?link=CAL0000008599&column=szBarcode,BSI,SOURCE_ONLY,False,680,
PLANT-0826,Eruca sativa L.,"Taramira, Seoha",BRASSICACEAE,"Taramira, Seoha",,,,,,,,https://archive.bsi.gov.in/echoHerbarium-Details/en?link=CAL0000003749&column=szBarcode,BSI,SOURCE_ONLY,False,681,
PLANT-0827,Ervatamia heyneana (Wall.) T. Cooke,Kundalapala (Mal.),APOCYNACEAE,Kundalapala (Mal.),,,,,,,,https://archive.bsi.gov.in/echoHerbarium-Details/en?link=CAL0000009274&column=szBarcode,BSI,SOURCE_ONLY,False,682,
PLANT-0828,Erycibe paniculata Roxb.,Puttapalatige (Tel.),CONVOLVULACEAE,Puttapalatige (Tel.),,,,,,,,https://archive.bsi.gov.in/echoHerbarium-Details/en?link=CAL0000009689&column=szBarcode,BSI,SOURCE_ONLY,False,683,
PLANT-0829,Eryngium foetidum L.,"Ban-Dhania, Jongali-memedo (Assam)",APIACEAE,"Ban-Dhania, Jongali-memedo (Assam)",,,,,,,,https://archive.bsi.gov.in/echoHerbarium-Details/en?link=CAL0000013763&column=szBarcode,BSI,SOURCE_ONLY,False,684,
PLANT-0830,Erysimum rependum L.,Hamadan (Kashmir),BRASSICACEAE,Hamadan (Kashmir),,,,,,,,https://archive.bsi.gov.in/echoHerbarium-Details/en?link=CAL0000003754&column=szBarcode,BSI,SOURCE_ONLY,False,685,
PLANT-0831,Erythrina stricta Roxb.,Mura (Sans.),FABACEAE,Mura (Sans.),,,,,,,,https://archive.bsi.gov.in/echoHerbarium-Details/en?link=CAL0000003658&column=szBarcode,BSI,SOURCE_ONLY,False,686,
PLANT-0832,Erythrina suberosa Roxb.,"Dauldhak, Madar",FABACEAE,"Dauldhak, Madar; Pangra,; Vellaimurukku",,,,Bark (Stem),Tree,FS,,https://archive.bsi.gov.in/echoHerbarium-Details/en?link=CAL0000003656&column=szBarcode,BSI+NMPB,HIGH,False,687,390
PLANT-0833,Erythrina variegata L.,"Dadap, Mandara",FABACEAE,"Dadap, Mandara; Murikkila; Paribhadra",Ayurveda,,,"Leaf,; Bark (Stem)",Tree,AFST,Paribhadra,https://archive.bsi.gov.in/echoHerbarium-Details/en?link=CAL0000003657&column=szBarcode,BSI+NMPB,HIGH,False,688,391
PLANT-0834,Erythroxylon coca Lam.,Coca (Eng.),ERYTHROXYLACEAE,Coca (Eng.),,,,,,,,https://archive.bsi.gov.in/echoHerbarium-Details/en?link=CAL0000013461&column=szBarcode,BSI,SOURCE_ONLY,False,689,
PLANT-0835,Erythroxylon monogynum Roxb.,Devadaru (Kan.),ERYTHROXYLACEAE,Devadaru (Kan.),,,,,,,,https://archive.bsi.gov.in/echoHerbarium-Details/en?link=CAL0000013463&column=szBarcode,BSI,SOURCE_ONLY,False,690,
PLANT-0836,Eucalyptus citridora Hook.,Lemon-scented Eucalypt (Eng.),MYRTACEAE,Lemon-scented Eucalypt (Eng.),,,,,,,,https://archive.bsi.gov.in/echoHerbarium-Details/en?link=CAL0000013794&column=szBarcode,BSI,SOURCE_ONLY,False,691,
PLANT-0837,Eucalyptus citriodora Hook.,Eucalyptus,MYRTACEAE,Eucalyptus,,,,Leaf,Tree,F,,,NMPB,SOURCE_ONLY,False,,392
PLANT-0838,Eucalyptus globulus Labill.,"Yukeliptas, Eucalyptus (Beng.)",MYRTACEAE,"Yukeliptas, Eucalyptus (Beng.); Eucalyptus; Tailaparnah",Ayurveda,,,"Bark (Stem),; Leaf",Tree,AFHSW,Tailaparnah,https://archive.bsi.gov.in/echoHerbarium-Details/en?link=CAL0000013795&column=szBarcode,BSI+NMPB,HIGH,False,692,393
PLANT-0839,Eulaliopsis binata (Retz.) C.E.Hubb.,Bal vaja,POACEAE,Bal vaja,Ayurveda,,,Whole Plant,Herb,A,,,NMPB,SOURCE_ONLY,False,,394
PLANT-0840,Eulophia campestris Wall. ex Lindl.,Salam mishri,ORCHIDACEAE,Salam mishri,Ayurveda,,,Root; (Rhizome),Herb,AU,,,NMPB,SOURCE_ONLY,False,,395
PLANT-0841,Eulophia epidendraea C.E.C.Fisch.,Katou-Kaida-Maravara (Malayalam),ORCHIDACEAE,Katou-Kaida-Maravara (Malayalam),,,,,,,,https://archive.bsi.gov.in/echoHerbarium-Details/en?link=CAL0000003920&column=szBarcode,BSI,SOURCE_ONLY,False,693,
PLANT-0842,Eulophia herbacea Lindl.,Kukudkand (Mar.),ORCHIDACEAE,Kukudkand (Mar.),,,,,,,,https://archive.bsi.gov.in/echoHerbarium-Details/en?link=CAL0000003921&column=szBarcode,BSI,SOURCE_ONLY,False,694,
PLANT-0843,Eulophia nuda Lindl.,"Amarkand, Goruma",ORCHIDACEAE,"Amarkand, Goruma",,,,,,,,https://archive.bsi.gov.in/echoHerbarium-Details/en?link=CAL0000003922&column=szBarcode,BSI,SOURCE_ONLY,False,695,
PLANT-0844,Euonymus tingens Wall. ex Roxb.,Kungku,CELASTRACEAE,Kungku,,,,,,,,https://archive.bsi.gov.in/echoHerbarium-Details/en?link=CAL0000003599&column=szBarcode,BSI,SOURCE_ONLY,False,696,
PLANT-0845,Euphorbia antiquorum L.,Tredhara sehund,EUPHORBIACEAE,Tredhara sehund; Kallippalaveru; Names,Ayurveda,,,Stem,Tree,AFSU**,Names,https://archive.bsi.gov.in/echoHerbarium-Details/en?link=CAL0000008934&column=szBarcode,BSI+NMPB,HIGH,False,705,396
PLANT-0846,Euphorbia dracunculoides Lam.,Chagulputputi,EUPHORBIACEAE,Chagulputputi,,,,,,,,https://archive.bsi.gov.in/echoHerbarium-Details/en?link=CAL0000008935&column=szBarcode,BSI,SOURCE_ONLY,False,706,
PLANT-0847,Euphorbia fusiformis Buch.-Ham. ex D. Don,"Banmuli, Khargoni (Local names)",EUPHORBIACEAE,"Banmuli, Khargoni (Local names)",,,,,,,,https://archive.bsi.gov.in/echoHerbarium-Details/en?link=CAL0000008947&column=szBarcode,BSI,SOURCE_ONLY,False,707,
PLANT-0848,Euphorbia granulata Forsk.,Kanthaarak (Santali),EUPHORBIACEAE,Kanthaarak (Santali),,,,,,,,https://archive.bsi.gov.in/echoHerbarium-Details/en?link=CAL0000008942&column=szBarcode,BSI,SOURCE_ONLY,False,708,
PLANT-0849,Euphorbia helioscopia L.,"Hirruseeah, Mahabi",EUPHORBIACEAE,"Hirruseeah, Mahabi",,,,,,,,https://archive.bsi.gov.in/echoHerbarium-Details/en?link=CAL0000008938&column=szBarcode,BSI,SOURCE_ONLY,False,709,
PLANT-0850,Euphorbia hirta L.,Dudhia,EUPHORBIACEAE,"Dudhia; Dudhi, Dudhika; Dugdhika",Ayurveda,,,Whole Plant,Herb,AFSU,Dugdhika,https://archive.bsi.gov.in/echoHerbarium-Details/en?link=CAL0000008949&column=szBarcode,BSI+NMPB,HIGH,False,710,397
PLANT-0851,Euphorbia hypericifolia L.,Hakshardana,EUPHORBIACEAE,Hakshardana,,,,,,,,https://archive.bsi.gov.in/echoHerbarium-Details/en?link=CAL0000008940&column=szBarcode,BSI,SOURCE_ONLY,False,711,
PLANT-0852,Euphorbia microphylla B.Heyne ex Roth,Chota-keruee (Beng.),EUPHORBIACEAE,Chota-keruee (Beng.),,,,,,,,https://archive.bsi.gov.in/echoHerbarium-Details/en?link=CAL0000008943&column=szBarcode,BSI,SOURCE_ONLY,False,697,
PLANT-0853,Euphorbia neriifolia L.,"Sehund, Thohar, Pattonkisend",EUPHORBIACEAE,"Sehund, Thohar, Pattonkisend; Pattankisend,; Nanda; Snuhi",Ayurveda,,,"Exudate,; Latex, Leaf",Shrub,AFSTU,Snuhi,https://archive.bsi.gov.in/echoHerbarium-Details/en?link=CAL0000008937&column=szBarcode,BSI+NMPB,HIGH,False,698,398
PLANT-0854,Euphorbia nivulea Buch.-Ham.,Katathohar,EUPHORBIACEAE,Katathohar,,,,,,,,https://archive.bsi.gov.in/echoHerbarium-Details/en?link=CAL0000008946&column=szBarcode,BSI,SOURCE_ONLY,False,699,
PLANT-0855,Euphorbia nivulia Buch.-Ham.,Sehunda,EUPHORBIACEAE,Sehunda,Ayurveda,,,Stem,Tree,AFS,,,NMPB,SOURCE_ONLY,False,,399
PLANT-0856,Euphorbia pilosa L.,Chounpalu (Chinese),EUPHORBIACEAE,Chounpalu (Chinese),,,,,,,,https://archive.bsi.gov.in/echoHerbarium-Details/en?link=CAL0000008936&column=szBarcode,BSI,SOURCE_ONLY,False,700,
PLANT-0857,Euphorbia rosea Retz.,Chinnamman paccharisi (Tam.),EUPHORBIACEAE,Chinnamman paccharisi (Tam.),,,,,,,,https://archive.bsi.gov.in/echoHerbarium-Details/en?link=CAL0000008950&column=szBarcode,BSI,SOURCE_ONLY,False,701,
PLANT-0858,Euphorbia royleana Boiss.,"Thor, Shakarpitan",EUPHORBIACEAE,"Thor, Shakarpitan",,,,,,,,https://archive.bsi.gov.in/echoHerbarium-Details/en?link=CAL0000008932&column=szBarcode,BSI,SOURCE_ONLY,False,702,
PLANT-0859,Euphorbia thomsoniana Boiss.,Hirtiz (Kashmir),EUPHORBIACEAE,Hirtiz (Kashmir),,,,,,,,https://archive.bsi.gov.in/echoHerbarium-Details/en?link=CAL0000008931&column=szBarcode,BSI,SOURCE_ONLY,False,713,
PLANT-0860,Euphorbia thymifolia L.,Choti-dudhi,EUPHORBIACEAE,Choti-dudhi; Choti - Dudhi,Ayurveda,,,Whole Plant,Herb,AFU,,https://archive.bsi.gov.in/echoHerbarium-Details/en?link=CAL0000008941&column=szBarcode,BSI+NMPB,HIGH,False,703,400
PLANT-0861,Euphorbia tirucalli L.,Konpal sehund,EUPHORBIACEAE,Konpal sehund; Modu kalli,Ayurveda,,,Whole Plant,Shrub,AFSU,,https://archive.bsi.gov.in/echoHerbarium-Details/en?link=CAL0000008930&column=szBarcode,BSI+NMPB,HIGH,False,704,401
PLANT-0862,Euphorbia tortilis Rottler ex Ainslie,"Tirugakalli,; Vajratunda",EUPHORBIACEAE,"Tirugakalli,; Vajratunda",Ayurveda,,,Stem,Shrub,AS,,,NMPB,SOURCE_ONLY,False,,402
PLANT-0863,Euphrasia officinalis L.,Eyebright (Eng.),SCROPHULARIACEAE,Eyebright (Eng.),,,,,,,,https://archive.bsi.gov.in/echoHerbarium-Details/en?link=CAL0000009670&column=szBarcode,BSI,SOURCE_ONLY,False,714,
PLANT-0864,Euploca strigosa (Willd.) Diane & Hilger,"Chitiphal, Safed bhangra",BORAGINACEAE,"Chitiphal, Safed bhangra",,,,,,,,https://archive.bsi.gov.in/echoHerbarium-Details/en?link=CAL0000009730&column=szBarcode,BSI,SOURCE_ONLY,False,715,
PLANT-0865,Euryale ferox Salisb.,Makhana,NYMPHAEACEAE,Makhana; Phoolmakhana,Ayurveda,,,Fruit (Seed),Herb,ASU,,https://archive.bsi.gov.in/echoHerbarium-Details/en?link=CAL0000003781&column=szBarcode,BSI+NMPB,HIGH,False,716,403
PLANT-0866,Eurycoma longifolia Jack,Tongkat ali (Malay),SIMAROUBACEAE,Tongkat ali (Malay),,,,,,,,https://archive.bsi.gov.in/echoHerbarium-Details/en?link=CAL0000013480&column=szBarcode,BSI,SOURCE_ONLY,False,717,
PLANT-0867,Evodia lunu-ankenda (Gaertn.) Merr.,Kanalei (Mal.),RUTACEAE,Kanalei (Mal.),,,,,,,,https://archive.bsi.gov.in/echoHerbarium-Details/en?link=CAL0000009971&column=szBarcode,BSI,SOURCE_ONLY,False,718,
PLANT-0868,Evolvulus alsinoides (L.) L.,"Shyamakranta, Sankhahuli",CONVOLVULACEAE,"Shyamakranta, Sankhahuli; Shankhavali,; Shankhpush",Ayurveda,,,Whole Plant,Herb,AFSTU,,https://archive.bsi.gov.in/echoHerbarium-Details/en?link=CAL0000009700&column=szBarcode,BSI+NMPB,HIGH,False,719,404
PLANT-0869,Exacum bicolor Roxb.,Baracharayata,GENTIANACEAE,Baracharayata,,,,,,,,https://archive.bsi.gov.in/echoHerbarium-Details/en?link=CAL0000013569&column=szBarcode,BSI,SOURCE_ONLY,False,720,
PLANT-0870,Exacum pedunculatum L.,Kana poondu (Tam.),GENTIANACEAE,Kana poondu (Tam.),,,,,,,,https://archive.bsi.gov.in/echoHerbarium-Details/en?link=CAL0000013568&column=szBarcode,BSI,SOURCE_ONLY,False,721,
PLANT-0871,Exacum tetragonum Roxb.,Bara-charayata,GENTIANACEAE,Bara-charayata,,,,,,,,https://archive.bsi.gov.in/echoHerbarium-Details/en?link=CAL0000013570&column=szBarcode,BSI,SOURCE_ONLY,False,722,
PLANT-0872,Excoecaria acerifolia Didr.,Basingh,EUPHORBIACEAE,Basingh,,,,,,,,https://archive.bsi.gov.in/echoHerbarium-Details/en?link=CAL0000008980&column=szBarcode,BSI,SOURCE_ONLY,False,723,
PLANT-0873,Excoecaria agallocha L.,Gengwa (Beng.),EUPHORBIACEAE,"Gengwa (Beng.); Agaru, Tejbala",Ayurveda,,,Bark (Stem),Tree,AFS,,https://archive.bsi.gov.in/echoHerbarium-Details/en?link=CAL0000008979&column=szBarcode,BSI+NMPB,HIGH,False,724,405
PLANT-0874,Fagonia cretica L.,Ustarkhar,ZYGOPHYLLACEAE,Ustarkhar; Dhamasa; Dhanvayasah,Ayurveda,,,Whole Plant,Herb,ATU,Dhanvayasah,https://archive.bsi.gov.in/echoHerbarium-Details/en?link=CAL0000013459&column=szBarcode,BSI+NMPB,HIGH,False,725,406
PLANT-0875,Fagopyrum dibotrys (D. Don) Hara,"Ban ogal, Kanjolya",POLYGONACEAE,"Ban ogal, Kanjolya",,,,,,,,https://archive.bsi.gov.in/echoHerbarium-Details/en?link=CAL0000009911&column=szBarcode,BSI,SOURCE_ONLY,False,726,
PLANT-0876,Fagopyrum esculentum Moench.,"Kotu, Phaphra",POLYGONACEAE,"Kotu, Phaphra",,,,,,,,https://archive.bsi.gov.in/echoHerbarium-Details/en?link=CAL0000009912&column=szBarcode,BSI,SOURCE_ONLY,False,727,
PLANT-0877,Fagopyrum tataricum (L.) Gaertn.,Kaspat,POLYGONACEAE,Kaspat,,,,,,,,https://archive.bsi.gov.in/echoHerbarium-Details/en?link=CAL0000008877&column=szBarcode,BSI,SOURCE_ONLY,False,728,
PLANT-0878,Fagraea racemosa Jack,Thithpaloo (Burma),LOGANIACEAE,Thithpaloo (Burma),,,,,,,,https://archive.bsi.gov.in/echoHerbarium-Details/en?link=CAL0000013559&column=szBarcode,BSI,SOURCE_ONLY,False,729,
PLANT-0879,Farsetia hamiltonii Royle,Faridbuti (Punjab),BRASSICACEAE,Faridbuti (Punjab),,,,,,,,https://archive.bsi.gov.in/echoHerbarium-Details/en?link=CAL0000003761&column=szBarcode,BSI,SOURCE_ONLY,False,730,
PLANT-0880,Farsetia jacquemontii Hook.f. & Thomson,Faridbuti (Punjab),BRASSICACEAE,Faridbuti (Punjab),,,,,,,,https://archive.bsi.gov.in/echoHerbarium-Details/en?link=CAL0000003759&column=szBarcode,BSI,SOURCE_ONLY,False,731,
PLANT-0881,Ferula asa-foetida L.,Hing,APIACEAE,Hing,,,,,,,,https://archive.bsi.gov.in/echoHerbarium-Details/en?link=CAL0000013746&column=szBarcode,BSI,SOURCE_ONLY,False,732,
PLANT-0882,Ferula assa-foetida L.,"Hingu, Hing",APIACEAE,"Hingu, Hing",Ayurveda,,,Oleo-Gum; Resin,Shrub,AFHSU,,,NMPB,SOURCE_ONLY,False,,407
PLANT-0883,Ferula foetida (Bunge) Regel.,Hing hira; (Baandani),APIACEAE,Hing hira; (Baandani); Hingu,Ayurveda,,,Oleo-Gum; Resin,Shrub,ASTU,Hingu,,NMPB,SOURCE_ONLY,False,,408
PLANT-0884,Ferula galbaniflua Boiss. ex Buhse,Galbanum,APIACEAE,Galbanum,,,,,,,,https://archive.bsi.gov.in/echoHerbarium-Details/en?link=CAL0000013986&column=szBarcode,BSI,SOURCE_ONLY,False,733,
PLANT-0885,Ferula jaeschkeana Vatke,"Hingupatri, Hingu",APIACEAE,"Hingupatri, Hingu; Hingupatri,; Hingupatri",Ayurveda,,,Oleo-Gum; Resin,Shrub,A,Hingupatri,https://archive.bsi.gov.in/echoHerbarium-Details/en?link=CAL0000013749&column=szBarcode,BSI+NMPB,HIGH,False,734,409
PLANT-0886,Ferula narthex Boiss.,"Hing, Inguva (Tel.)",APIACEAE,"Hing, Inguva (Tel.); Sahasravedhi",Ayurveda,,,Root,Herb,AFHU,,https://archive.bsi.gov.in/echoHerbarium-Details/en?link=CAL0000013748&column=szBarcode,BSI+NMPB,HIGH,False,735,410
PLANT-0887,Ficus amplissima Sm.,Jari,MORACEAE,Jari,,,,,,,,https://archive.bsi.gov.in/echoHerbarium-Details/en?link=CAL0000009757&column=szBarcode,BSI,SOURCE_ONLY,False,736,
PLANT-0888,Ficus arnottiana (Miq.) Miq.,Paraspipal,MORACEAE,Paraspipal; Kallaltholi; Nandi,Ayurveda,,,Bark (Stem),Tree,AFS,Nandi,https://archive.bsi.gov.in/echoHerbarium-Details/en?link=CAL0000009755&column=szBarcode,BSI+NMPB,HIGH,False,737,411
PLANT-0889,Ficus benghalensis L.,"Bar, Bargad",MORACEAE,"Bar, Bargad; Vadachhal,; Vatathwak; Nayagrodha; jata, Nyagrodha",Ayurveda,,,Bark (Stem),Tree,AFHSTU,"Nayagrodha; jata, Nyagrodha",https://archive.bsi.gov.in/echoHerbarium-Details/en?link=CAL0000009749&column=szBarcode,BSI+NMPB,HIGH,False,738,412
PLANT-0890,Ficus benjamina L.,Pukar (Beng.),MORACEAE,Pukar (Beng.),,,,,,,,https://archive.bsi.gov.in/echoHerbarium-Details/en?link=CAL0000009751&column=szBarcode,BSI,SOURCE_ONLY,False,739,
PLANT-0891,Ficus carica L.,Anjir,MORACEAE,"Anjir; Anjeer,; Anjoora; Names",Ayurveda,,,"Bark (Stem),; Root (Aerial",Tree,AFSU**,Names,https://archive.bsi.gov.in/echoHerbarium-Details/en?link=CAL0000009765&column=szBarcode,BSI+NMPB,HIGH,False,740,413
PLANT-0892,Ficus dalhousiae Miq.,Somavalkhom (Sans.),MORACEAE,Somavalkhom (Sans.),,,,,,,,https://archive.bsi.gov.in/echoHerbarium-Details/en?link=CAL0000009750&column=szBarcode,BSI,SOURCE_ONLY,False,741,
PLANT-0893,Ficus exasperata Vahl,Kalmnor,MORACEAE,Kalmnor,,,,,,,,https://archive.bsi.gov.in/echoHerbarium-Details/en?link=CAL0000009760&column=szBarcode,BSI,SOURCE_ONLY,False,742,
PLANT-0894,Ficus fistulosa Reinw.,Kalapong (Khasi Hills),MORACEAE,Kalapong (Khasi Hills),,,,,,,,https://archive.bsi.gov.in/echoHerbarium-Details/en?link=CAL0000009761&column=szBarcode,BSI,SOURCE_ONLY,False,743,
PLANT-0895,Ficus gibbosa Blume,Ithitholi,MORACEAE,Ithitholi,,,,Bark (Stem),Tree,FS,,,NMPB,SOURCE_ONLY,False,,414
PLANT-0896,Ficus heterophylla L.f.,Trayamana (Sans.),MORACEAE,Trayamana (Sans.),,,,,,,,https://archive.bsi.gov.in/echoHerbarium-Details/en?link=CAL0000009758&column=szBarcode,BSI,SOURCE_ONLY,False,744,
PLANT-0897,Ficus hispida L.f.,"Daduri, Dagurin",MORACEAE,"Daduri, Dagurin",,,,,,,,https://archive.bsi.gov.in/echoHerbarium-Details/en?link=CAL0000009764&column=szBarcode,BSI,SOURCE_ONLY,False,745,
PLANT-0898,Ficus microcarpa L.f.,Kamrup,MORACEAE,Kamrup,,,,,,,,https://archive.bsi.gov.in/echoHerbarium-Details/en?link=CAL0000009752&column=szBarcode,BSI,SOURCE_ONLY,False,746,
PLANT-0899,Ficus mollis Vahl,Kaaduatthi,MORACEAE,Kaaduatthi,,,,Fruit,Tree,F,,,NMPB,SOURCE_ONLY,False,,415
PLANT-0900,Ficus palmata Forsk.,"Anjiri, Bedu",MORACEAE,"Anjiri, Bedu",,,,,,,,https://archive.bsi.gov.in/echoHerbarium-Details/en?link=CAL0000009763&column=szBarcode,BSI,SOURCE_ONLY,False,747,
PLANT-0901,Ficus racemosa L.,"Gular, Umar",MORACEAE,"Gular, Umar; Umbar chal,; Lakh pipal; Udumbara",Ayurveda,,,Aerial Root,Tree,AFSTU,Udumbara,https://archive.bsi.gov.in/echoHerbarium-Details/en?link=CAL0000009766&column=szBarcode,BSI+NMPB,HIGH,False,748,416
PLANT-0902,Ficus religiosa L.,"Pipal, Pipli",MORACEAE,"Pipal, Pipli; Lakh pipal,; Arayaalin tholi; Asvattha",Ayurveda,,,"Bark (Stem),; Leaf",Tree,AFHSTU,Asvattha,https://archive.bsi.gov.in/echoHerbarium-Details/en?link=CAL0000009754&column=szBarcode,BSI+NMPB,HIGH,False,749,417
PLANT-0903,Ficus ribes Reinw. ex Blume,Chhota Jangli Anjur,MORACEAE,Chhota Jangli Anjur,,,,,,,,https://archive.bsi.gov.in/echoHerbarium-Details/en?link=CAL0000006537&column=szBarcode,BSI,SOURCE_ONLY,False,750,
PLANT-0904,Ficus rumphii Blume,"Gagjaira, Ganja",MORACEAE,"Gagjaira, Ganja",,,,,,,,https://archive.bsi.gov.in/echoHerbarium-Details/en?link=CAL0000009756&column=szBarcode,BSI,SOURCE_ONLY,False,751,
PLANT-0905,Ficus semicordata Buch.-Ham. ex Sm.,"Jharphali, Khain",MORACEAE,"Jharphali, Khain",,,,,,,,https://archive.bsi.gov.in/echoHerbarium-Details/en?link=CAL0000009762&column=szBarcode,BSI,SOURCE_ONLY,False,752,
PLANT-0906,Ficus talbotii King,Plaksha (Sans.),MORACEAE,Plaksha (Sans.),,,,,,,,https://archive.bsi.gov.in/echoHerbarium-Details/en?link=CAL0000009753&column=szBarcode,BSI,SOURCE_ONLY,False,753,
PLANT-0907,Ficus tinctoria G.Forst.,Udumber (Sans.),MORACEAE,Udumber (Sans.),,,,,,,,https://archive.bsi.gov.in/echoHerbarium-Details/en?link=CAL0000009903&column=szBarcode,BSI,SOURCE_ONLY,False,754,
PLANT-0908,Ficus tsiela Roxb. ex Buch.-Ham.,Plaksha,MORACEAE,Plaksha,Ayurveda,,,Stembark,Tree,AFS,,,NMPB,SOURCE_ONLY,False,,418
PLANT-0909,Ficus tsjakela Burm.f.,"Pilkhan,; Kapitanah",MORACEAE,"Pilkhan,; Kapitanah",Ayurveda,,,"Bark (Stem),; Exudate",Tree,A,,,NMPB,SOURCE_ONLY,False,,419
PLANT-0910,Ficus virens Aiton,"Pakad, Pakur (Beng.)",MORACEAE,"Pakad, Pakur (Beng.)",,,,,,,,https://archive.bsi.gov.in/echoHerbarium-Details/en?link=CAL0000009759&column=szBarcode,BSI,SOURCE_ONLY,False,755,
PLANT-0911,Fimbristylis falcata (Vahl) Kunth,West Indian Fimbry (Eng.),CYPERACEAE,West Indian Fimbry (Eng.),,,,,,,,https://archive.bsi.gov.in/echoHerbarium-Details/en?link=CAL0000003228&column=szBarcode,BSI,SOURCE_ONLY,False,756,
PLANT-0912,Flacourtia indica (Burm.f.) Merr.,"Gargugal, Kakai (Local names)",FLACOURTIACEAE,"Gargugal, Kakai (Local names); Kattar; Sruvavrksa",Ayurveda,,,Root,Shrub,AFST,Sruvavrksa,https://archive.bsi.gov.in/echoHerbarium-Details/en?link=CAL0000003723&column=szBarcode,BSI+NMPB,HIGH,False,757,420
PLANT-0913,Flacourtia jangomas (Lour.) Raeusch.,Paniala,FLACOURTIACEAE,"Paniala; Talish pattar,; Brahmi; Talispatar",Ayurveda,,,Leaf,Tree,AS,,https://archive.bsi.gov.in/echoHerbarium-Details/en?link=CAL0000003722&column=szBarcode,BSI+NMPB,HIGH,False,758,421
PLANT-0914,Flagellaria indica L.,Bomugra (Oriya),FLAGELLARIACEAE,Bomugra (Oriya),,,,,,,,https://archive.bsi.gov.in/echoHerbarium-Details/en?link=CAL0000003072&column=szBarcode,BSI,SOURCE_ONLY,False,759,
PLANT-0915,Flemingia chappar Buch.-Ham. ex Benth.,Salpan,FABACEAE,Salpan; Salpan (Subs.),,,,Root,Shrub,F,,https://archive.bsi.gov.in/echoHerbarium-Details/en?link=CAL0000003621&column=szBarcode,BSI+NMPB,HIGH,False,760,422
PLANT-0916,Flemingia grahamiana Wight & Arn.,Warrus/ Varus,FABACEAE,Warrus/ Varus,,,,Fruit,Herb,F,,,NMPB,SOURCE_ONLY,False,,423
PLANT-0917,Flemingia macrophylla (Willd.) Prain ex Merill.,"Bara-salpan, Bhalia",FABACEAE,"Bara-salpan, Bhalia; Varrus / Varus",Ayurveda,,,Fruit,Shrub,AF,,https://archive.bsi.gov.in/echoHerbarium-Details/en?link=CAL0000003622&column=szBarcode,BSI+NMPB,HIGH,False,761,424
PLANT-0918,Flemingia nana Roxb.,"Bara-salpan, Bhalia",FABACEAE,"Bara-salpan, Bhalia",,,,,,,,https://archive.bsi.gov.in/echoHerbarium-Details/en?link=CAL0000003614&column=szBarcode,BSI,SOURCE_ONLY,False,762,
PLANT-0919,Flemingia semialata Roxb. ex,Salpan (Subs.),FABACEAE,Salpan (Subs.),,,,Root,Herb,F,,,NMPB,SOURCE_ONLY,False,,425
PLANT-0920,Flemingia strobilifera (L.) W.T.Aiton,Kussunt,FABACEAE,Kussunt,,,,,,,,https://archive.bsi.gov.in/echoHerbarium-Details/en?link=CAL0000003617&column=szBarcode,BSI,SOURCE_ONLY,False,763,
PLANT-0921,Flemingia tuberosa Dalzell,Birmova (Mar.),FABACEAE,Birmova (Mar.),,,,,,,,https://archive.bsi.gov.in/echoHerbarium-Details/en?link=CAL0000003615&column=szBarcode,BSI,SOURCE_ONLY,False,764,
PLANT-0922,Flickingeria fugax (Rchb.f.) Seidenf.,Jivanti,ORCHIDACEAE,Jivanti,,,,Root,Herb,F,,,NMPB,SOURCE_ONLY,False,,426
PLANT-0923,Flickingeria macraei (Lindl.) Seidenf.; [ = Ephemerantha macraei (Lindl.),Jivanti,ORCHIDACEAE,Jivanti,Ayurveda,,,Whole Plant,Herb,AF,,,NMPB,SOURCE_ONLY,False,,427
PLANT-0924,Flickingeria nodosa (Dalz.) Seidenf.; [= Dendrobium macraei,Jivanti,ORCHIDACEAE,Jivanti,Ayurveda,,,Whole Plant,Herb,AF,,,NMPB,SOURCE_ONLY,False,,428
PLANT-0925,Flueggea microcarpa Blume,"Dalme, Patali",EUPHORBIACEAE,"Dalme, Patali; Names",Ayurveda,,,Leaf,Shrub,ATag **,Names,,NMPB,SOURCE_ONLY,False,,429
PLANT-0926,Foeniculum vulgare Mill.,"Saunf, Sonp",APIACEAE,"Saunf, Sonp; Badiyan; Khatal, Saunf; (Variyali); Misreya",Ayurveda,,,"Fruit (Fruit,; Seed)",Herb,AFSTUW,Misreya,https://archive.bsi.gov.in/echoHerbarium-Details/en?link=CAL0000013751&column=szBarcode,BSI+NMPB,HIGH,False,765,430
PLANT-0927,Frankenia pulverulenta L.,Shabnami (Urdu),FRANKENIACEAE,Shabnami (Urdu),,,,,,,,https://archive.bsi.gov.in/echoHerbarium-Details/en?link=CAL0000003832&column=szBarcode,BSI,SOURCE_ONLY,False,766,
PLANT-0928,Fraxinus floribunda Wall. ex Roxb.,Dieng-lavmaheg (Khasi hills),OLEACEAE,Dieng-lavmaheg (Khasi hills),,,,,,,,https://archive.bsi.gov.in/echoHerbarium-Details/en?link=CAL0000009239&column=szBarcode,BSI,SOURCE_ONLY,False,767,
PLANT-0929,Fraxinus hookeri Wenz.,Kum (Kashmir),OLEACEAE,Kum (Kashmir),,,,,,,,https://archive.bsi.gov.in/echoHerbarium-Details/en?link=CAL0000009236&column=szBarcode,BSI,SOURCE_ONLY,False,768,
PLANT-0930,Fraxinus ornus L.,Shirkhist,OLEACEAE,Shirkhist,,,,,,,,https://archive.bsi.gov.in/echoHerbarium-Details/en?link=CAL0000009237&column=szBarcode,BSI,SOURCE_ONLY,False,769,
PLANT-0931,Fritillaria cirrhosa D.Don,Shothkar (Local name),LILIACEAE,Shothkar (Local name),,,,,,,,https://archive.bsi.gov.in/echoHerbarium-Details/en?link=CAL0000003077&column=szBarcode,BSI,SOURCE_ONLY,False,770,
PLANT-0932,Fritillaria imperialis L.,Crown Imperial (Eng.),LILIACEAE,Crown Imperial (Eng.),,,,,,,,https://archive.bsi.gov.in/echoHerbarium-Details/en?link=CAL0000003079&column=szBarcode,BSI,SOURCE_ONLY,False,771,
PLANT-0933,Fritillaria roylei Hook.,Kakoli,LILIACEAE,Kakoli; Ksirakakoli,Ayurveda,,,Root (Bulb),Herb,A,Ksirakakoli,,NMPB,SOURCE_ONLY,False,,431
PLANT-0934,Fucus vesiculosus L.,Bladder wrack (Eng.),FUCACEAE,Bladder wrack (Eng.),,,,,,,,https://archive.bsi.gov.in/echoHerbarium-Details/en?link=CAL0000003906&column=szBarcode,BSI,SOURCE_ONLY,False,772,
PLANT-0935,Fumaria indica (Hausskn.) Pugsley,"Pitpara, Shahterah",FUMARIACEAE,"Pitpara, Shahterah; Shahtara; Parpata",Ayurveda,,,Whole Plant,Herb,A,Parpata,https://archive.bsi.gov.in/echoHerbarium-Details/en?link=CAL0000003767&column=szBarcode,BSI+NMPB,HIGH,False,773,432
PLANT-0936,Fumaria officinalis L.,"Pittapapdo; ghas, Pitpapra",FUMARIACEAE,"Pittapapdo; ghas, Pitpapra",Ayurveda,,,Whole Plant,Herb,AFU,,,NMPB,SOURCE_ONLY,False,,433
PLANT-0937,Fumaria parviflora Lam.,"Pitpara, Shahterah",FUMARIACEAE,"Pitpara, Shahterah",,,,,,,,https://archive.bsi.gov.in/echoHerbarium-Details/en?link=CAL0000003768&column=szBarcode,BSI,SOURCE_ONLY,False,774,
PLANT-0938,Galeopsis tetrahit L.,Common Hempnettle (Eng.),LAMIACEAE,Common Hempnettle (Eng.),,,,,,,,https://archive.bsi.gov.in/echoHerbarium-Details/en?link=CAL0000008892&column=szBarcode,BSI,SOURCE_ONLY,False,775,
PLANT-0939,Galium aparine L.,"Cleavers, Goose grass (Eng.)",RUBIACEAE,"Cleavers, Goose grass (Eng.)",,,,,,,,https://archive.bsi.gov.in/echoHerbarium-Details/en?link=CAL0000013585&column=szBarcode,BSI,SOURCE_ONLY,False,776,
PLANT-0940,Galium elegans Wall.,Lahare kuro (Nep.),RUBIACEAE,Lahare kuro (Nep.),,,,,,,,https://archive.bsi.gov.in/echoHerbarium-Details/en?link=CAL0000013588&column=szBarcode,BSI,SOURCE_ONLY,False,777,
PLANT-0941,Galium verum L.,Cheese Rennet (Eng.),RUBIACEAE,Cheese Rennet (Eng.),,,,,,,,https://archive.bsi.gov.in/echoHerbarium-Details/en?link=CAL0000013587&column=szBarcode,BSI,SOURCE_ONLY,False,778,
PLANT-0942,Garcinia cambogia (Gaertn.) Desr.,Dharambe (Mar.),CLUSIACEAE,Dharambe (Mar.),,,,,,,,https://archive.bsi.gov.in/echoHerbarium-Details/en?link=CAL0000003812&column=szBarcode,BSI,SOURCE_ONLY,False,779,
PLANT-0943,Garcinia cowa Roxb.,Cowa,CLUSIACEAE,Cowa,,,,,,,,https://archive.bsi.gov.in/echoHerbarium-Details/en?link=CAL0000003813&column=szBarcode,BSI,SOURCE_ONLY,False,780,
PLANT-0944,Garcinia gummi-gutta (L.) N.Robson; [ = G. cambogia (Gaertn.) Desr.],"Kokam,; Kodampuli",CLUSIACEAE,"Kokam,; Kodampuli",Ayurveda,,,"Fruit, Resin",Tree,A,,,NMPB,SOURCE_ONLY,False,,434
PLANT-0945,Garcinia indica (Dupetit- Thouars) Chois.,Kokam,CLUSIACEAE,"Kokam; Kokam,; Cambogie",Ayurveda,,,"Fruit; (Fruit, Peel)",Tree,AT,,https://archive.bsi.gov.in/echoHerbarium-Details/en?link=CAL0000003814&column=szBarcode,BSI+NMPB,HIGH,False,781,435
PLANT-0946,Garcinia mangostana L.,"Mangustan, Mangusta",CLUSIACEAE,"Mangustan, Mangusta",,,,,,,,https://archive.bsi.gov.in/echoHerbarium-Details/en?link=CAL0000003807&column=szBarcode,BSI,SOURCE_ONLY,False,782,
PLANT-0947,Garcinia morella (Gaertn.) Desr.,Tamal,CLUSIACEAE,Tamal; Kadukaai puli,Ayurveda,,,"Fruit, Resin",Tree,AFHSTU,,https://archive.bsi.gov.in/echoHerbarium-Details/en?link=CAL0000003810&column=szBarcode,BSI+NMPB,HIGH,False,783,436
PLANT-0948,Garcinia pedunculata Roxb.,Tikul (Beng.),CLUSIACEAE,Tikul (Beng.); Amlavetasa,Ayurveda,,,Fruit,Tree,AT,,https://archive.bsi.gov.in/echoHerbarium-Details/en?link=CAL0000003811&column=szBarcode,BSI+NMPB,HIGH,False,784,437
PLANT-0949,Garcinia tinctoria (DC.) W.Wight,"Dampel, Tamal",CLUSIACEAE,"Dampel, Tamal",,,,,,,,https://archive.bsi.gov.in/echoHerbarium-Details/en?link=CAL0000003809&column=szBarcode,BSI,SOURCE_ONLY,False,785,
PLANT-0950,Gardenia campanulata Roxb.,Bitmara (Assam),RUBIACEAE,Bitmara (Assam),,,,,,,,https://archive.bsi.gov.in/echoHerbarium-Details/en?link=CAL0000013598&column=szBarcode,BSI,SOURCE_ONLY,False,786,
PLANT-0951,Gardenia gummifera L.f.,Dikamali,RUBIACEAE,"Dikamali; Dekamalli,; Dikamali",Ayurveda,,,Resin,Tree,AFSTU,,https://archive.bsi.gov.in/echoHerbarium-Details/en?link=CAL0000013599&column=szBarcode,BSI+NMPB,HIGH,False,787,438
PLANT-0952,Gardenia jasminoides J.Ellis,Gandharaj,RUBIACEAE,Gandharaj,,,,,,,,https://archive.bsi.gov.in/echoHerbarium-Details/en?link=CAL0000013600&column=szBarcode,BSI,SOURCE_ONLY,False,788,
PLANT-0953,Gardenia resinifera Roth,Dikamali,RUBIACEAE,Dikamali,Ayurveda,,,Gum,Tree,AS,,https://archive.bsi.gov.in/echoHerbarium-Details/en?link=CAL0000013603&column=szBarcode,BSI+NMPB,HIGH,False,789,439
PLANT-0954,Gardenia turgida Roxb.,"Thanella, Ghurgia",RUBIACEAE,"Thanella, Ghurgia",,,,,,,,https://archive.bsi.gov.in/echoHerbarium-Details/en?link=CAL0000013601&column=szBarcode,BSI,SOURCE_ONLY,False,790,
PLANT-0955,Garuga pinnata Roxb.,"Kharpat, Ghogar",BURSERACEAE,"Kharpat, Ghogar; Ghoghar,; Kharpat",Ayurveda,,,"Oleo-Gum-; Resin, Root",Tree,AFST,,https://archive.bsi.gov.in/echoHerbarium-Details/en?link=CAL0000009882&column=szBarcode,BSI+NMPB,HIGH,False,791,440
PLANT-0956,Gaultheria fragrantissima Wall.,Kalomba (Lepcha),ERICACEAE,Kalomba (Lepcha),,,,,,,,https://archive.bsi.gov.in/echoHerbarium-Details/en?link=CAL0000009233&column=szBarcode,BSI,SOURCE_ONLY,False,792,
PLANT-0957,Gelonium multiflorum A.Juss.,Ban naringa,EUPHORBIACEAE,Ban naringa,,,,,,,,https://archive.bsi.gov.in/echoHerbarium-Details/en?link=CAL0000008977&column=szBarcode,BSI,SOURCE_ONLY,False,793,
PLANT-0958,Gentiana kurroo Royle,"Trahimaan,; Kadu, Katuki",GENTIANACEAE,"Trahimaan,; Kadu, Katuki",Ayurveda,,,"Root,; Whole Plant",Herb,ATU,,,NMPB,SOURCE_ONLY,False,,441
PLANT-0959,Geophila reniformis D.Don; [ = G. repens (L.) I.M.Johnst],Kakamaci,RUBIACEAE,Kakamaci; Names,,,,Root,Herb,FTag **,Names,,NMPB,SOURCE_ONLY,False,,442
PLANT-0960,Geranium lucidum L.,Shining cranesbill (Eng.),GERANIACEAE,Shining cranesbill (Eng.),,,,,,,,https://archive.bsi.gov.in/echoHerbarium-Details/en?link=CAL0000009978&column=szBarcode,BSI,SOURCE_ONLY,False,794,
PLANT-0961,Geranium mascatense Boiss.,Ragatageri (Nepali),GERANIACEAE,Ragatageri (Nepali),,,,,,,,https://archive.bsi.gov.in/echoHerbarium-Details/en?link=CAL0000009980&column=szBarcode,BSI,SOURCE_ONLY,False,795,
PLANT-0962,Geranium molle L.,Awnless Geranium (Eng.),GERANIACEAE,Awnless Geranium (Eng.),,,,,,,,https://archive.bsi.gov.in/echoHerbarium-Details/en?link=CAL0000009979&column=szBarcode,BSI,SOURCE_ONLY,False,796,
PLANT-0963,Geranium nepalense L.,Bhand,GERANIACEAE,Bhand,,,,,,,,https://archive.bsi.gov.in/echoHerbarium-Details/en?link=CAL0000013451&column=szBarcode,BSI,SOURCE_ONLY,False,797,
PLANT-0964,Geranium pusillum Burm.f.,Small Geranium (Eng.),GERANIACEAE,Small Geranium (Eng.),,,,,,,,https://archive.bsi.gov.in/echoHerbarium-Details/en?link=CAL0000009983&column=szBarcode,BSI,SOURCE_ONLY,False,799,
PLANT-0965,Geranium robertianum L.,Herb-Robert Geranium (Eng.),GERANIACEAE,Herb-Robert Geranium (Eng.),,,,,,,,https://archive.bsi.gov.in/echoHerbarium-Details/en?link=CAL0000009982&column=szBarcode,BSI,SOURCE_ONLY,False,800,
PLANT-0966,Geranium rotundifolium L.,Round-leaved crane's bill (Eng.),GERANIACEAE,Round-leaved crane's bill (Eng.),,,,,,,,https://archive.bsi.gov.in/echoHerbarium-Details/en?link=CAL0000009984&column=szBarcode,BSI,SOURCE_ONLY,False,801,
PLANT-0967,Geranium wallichianum D.Don ex Sweet,Laljhari (U.P. & Punjab),GERANIACEAE,Laljhari (U.P. & Punjab),,,,,,,,https://archive.bsi.gov.in/echoHerbarium-Details/en?link=CAL0000013452&column=szBarcode,BSI,SOURCE_ONLY,False,802,
PLANT-0968,Gerbera piloselloides (L.) Cass.,Hawkweed Gerbera Daisy (Eng.),ASTERACEAE,Hawkweed Gerbera Daisy (Eng.),,,,,,,,https://archive.bsi.gov.in/echoHerbarium-Details/en?link=CAL0000013690&column=szBarcode,BSI,SOURCE_ONLY,False,803,
PLANT-0969,Geum elatum Wall. ex. G.Don,Gogjemul (Kash.),ROSACEAE,Gogjemul (Kash.),,,,,,,,https://archive.bsi.gov.in/echoHerbarium-Details/en?link=CAL0000013727&column=szBarcode,BSI,SOURCE_ONLY,False,804,
PLANT-0970,Girardinia diversifolia (Link.) Friis,Allo Sisnu (Nepali),URTICACEAE,Allo Sisnu (Nepali),,,,,,,,https://archive.bsi.gov.in/echoHerbarium-Details/en?link=CAL0000009010&column=szBarcode,BSI,SOURCE_ONLY,False,805,
PLANT-0971,Girardinia heterophylla Decne.; [ = G. diversifolia (Link) Friis],"Gaddanelli,; Anachoriyan",URTICACEAE,"Gaddanelli,; Anachoriyan",,,,Bark (Stem),Herb,F,,,NMPB,SOURCE_ONLY,False,,443
PLANT-0972,Gironniera cuspidata (Blume) Planch. ex Kurz,Koditani (Tam.),ULMACEAE,Koditani (Tam.),,,,,,,,https://archive.bsi.gov.in/echoHerbarium-Details/en?link=CAL0000009004&column=szBarcode,BSI,SOURCE_ONLY,False,806,
PLANT-0973,Gisekia pharmaceoides L.,Balu-ka-sag,FICOIDEAE,Balu-ka-sag,,,,,,,,https://archive.bsi.gov.in/echoHerbarium-Details/en?link=CAL0000013738&column=szBarcode,BSI,SOURCE_ONLY,False,807,
PLANT-0974,Givotia rottleriformis Griff. ex Wight,Polki,EUPHORBIACEAE,Polki,,,,Bark (Stem),Tree,FS,,,NMPB,SOURCE_ONLY,False,,444
PLANT-0975,Gleditsia triacanthos L.,Common Honeylocust (Eng.),CAESALPINIACEAE,Common Honeylocust (Eng.),,,,,,,,https://archive.bsi.gov.in/echoHerbarium-Details/en?link=CAL0000003712&column=szBarcode,BSI,SOURCE_ONLY,False,808,
PLANT-0976,Glinus lotoides L.,Gandibudi,FICOIDEAE,Gandibudi; Gandhi-Buti,Ayurveda,,,Whole Plant,Herb,AS,,https://archive.bsi.gov.in/echoHerbarium-Details/en?link=CAL0000013185&column=szBarcode,BSI+NMPB,HIGH,False,809,445
PLANT-0977,Glinus oppositifolius (L.) A.DC.,Jima,FICOIDEAE,Jima; Ushnasundara,Ayurveda,,,Whole Plant,Herb,AFS,,https://archive.bsi.gov.in/echoHerbarium-Details/en?link=CAL0000013186&column=szBarcode,BSI+NMPB,HIGH,False,810,446
PLANT-0978,Glochidion hohenackeri Bedd.,Bhoma (Mar.),EUPHORBIACEAE,Bhoma (Mar.),,,,,,,,https://archive.bsi.gov.in/echoHerbarium-Details/en?link=CAL0000008963&column=szBarcode,BSI,SOURCE_ONLY,False,811,
PLANT-0979,Glochidion zeylanicum (Gaertn.) A.Juss.,Itepulla (Tel.),EUPHORBIACEAE,Itepulla (Tel.),,,,,,,,https://archive.bsi.gov.in/echoHerbarium-Details/en?link=CAL0000008961&column=szBarcode,BSI,SOURCE_ONLY,False,812,
PLANT-0980,Gloriosa superba L.,"Karihari, Languli",LILIACEAE,"Karihari, Languli; Kalihari; Langali",Ayurveda,,,"Fruit (Seed),; Root",Climber,AFSTU,Langali,https://archive.bsi.gov.in/echoHerbarium-Details/en?link=CAL0000003074&column=szBarcode,BSI+NMPB,HIGH,False,813,447
PLANT-0981,Glossocardia bosvallea (L.f.) DC.,Parpataka,ASTERACEAE,Parpataka,Ayurveda,,,Whole Plant,Herb,A,,,NMPB,SOURCE_ONLY,False,,448
PLANT-0982,Glossocardia bosvallia (L.f.) DC.,Seri,ASTERACEAE,Seri,,,,,,,,https://archive.bsi.gov.in/echoHerbarium-Details/en?link=CAL0000013691&column=szBarcode,BSI,SOURCE_ONLY,False,814,
PLANT-0983,Glossogyne bidens (Retz.) Alston,Pardeshibhangro (Guj.),ASTERACEAE,Pardeshibhangro (Guj.),,,,,,,,https://archive.bsi.gov.in/echoHerbarium-Details/en?link=CAL0000013692&column=szBarcode,BSI,SOURCE_ONLY,False,815,
PLANT-0984,Glycine max (L.) Merr.,"Bhat, Bhatwar",FABACEAE,"Bhat, Bhatwar",,,,,,,,https://archive.bsi.gov.in/echoHerbarium-Details/en?link=CAL0000003664&column=szBarcode,BSI,SOURCE_ONLY,False,816,
PLANT-0985,Glycirrhiza glabra L.,"Mulhatti, Jethi-madh",FABACEAE,"Mulhatti, Jethi-madh",,,,,,,,https://archive.bsi.gov.in/echoHerbarium-Details/en?link=CAL0000003684&column=szBarcode,BSI,SOURCE_ONLY,False,817,
PLANT-0986,Glycosmis arborea (Roxb.) DC.,Ban-nimbu,RUTACEAE,"Ban-nimbu; Potali,; Kupilah",Ayurveda,,,Root,Shrub,A,,https://archive.bsi.gov.in/echoHerbarium-Details/en?link=CAL0000009966&column=szBarcode,BSI+NMPB,HIGH,False,818,449
PLANT-0987,Glycyrrhiza glabra L.,"Mulathi,; Jeshtimadhu,; Gulegafis",FABACEAE,"Mulathi,; Jeshtimadhu,; Gulegafis; Yasti",Ayurveda,,,Root,Shrub,AFSTUW,Yasti,,NMPB,SOURCE_ONLY,False,,450
PLANT-0988,Glycyrrhiza uralensis DC.,"Mulathi,; Jeshtimadhu,; Gulegafis",FABACEAE,"Mulathi,; Jeshtimadhu,; Gulegafis",,,,Root,Shrub,F,,,NMPB,SOURCE_ONLY,False,,451
PLANT-0989,Gmelina arborea Roxb.,"Gambhar, Gumhar",VERBENACEAE,"Gambhar, Gumhar; Ghambar chal,; Shivan; (Ghambari); (Chal); Gambhari",Ayurveda,,,Bark (Root),Tree,AFST,Gambhari,https://archive.bsi.gov.in/echoHerbarium-Details/en?link=CAL0000009081&column=szBarcode,BSI+NMPB,HIGH,False,819,452
PLANT-0990,Gmelina asiatica L.,"Badhara, Nag-phul",VERBENACEAE,"Badhara, Nag-phul; Kapas Beej",Ayurveda,,,Bark (Root),Shrub,AFS,,https://archive.bsi.gov.in/echoHerbarium-Details/en?link=CAL0000009082&column=szBarcode,BSI+NMPB,HIGH,False,820,453
PLANT-0991,Gnaphalium luteo-album L.,Bal raksha (Punjab),ASTERACEAE,Bal raksha (Punjab),,,,,,,,https://archive.bsi.gov.in/echoHerbarium-Details/en?link=CAL0000013693&column=szBarcode,BSI,SOURCE_ONLY,False,821,
PLANT-0992,Gnidia glauca (Fresen.) Gilg.,Nacchinar (Tam.),THYMELAEACEAE,Nacchinar (Tam.),,,,,,,,https://archive.bsi.gov.in/echoHerbarium-Details/en?link=CAL0000009027&column=szBarcode,BSI,SOURCE_ONLY,False,822,
PLANT-0993,Gordonia obtusa Wall. ex Wight & Arn.,Nagetta (Kan.),THEACEAE,Nagetta (Kan.),,,,,,,,https://archive.bsi.gov.in/echoHerbarium-Details/en?link=CAL0000003796&column=szBarcode,BSI,SOURCE_ONLY,False,823,
PLANT-0994,Gossypium arboreum L.,"Kapas, Rui",MALVACEAE,"Kapas, Rui; Kapas",Ayurveda,,,Flower,Shrub,AFSU,,https://archive.bsi.gov.in/echoHerbarium-Details/en?link=CAL0000003874&column=szBarcode,BSI+NMPB,HIGH,False,824,454
PLANT-0995,Gossypium herbaceum L.,Levant Cotton (Eng.),MALVACEAE,Levant Cotton (Eng.); Kapas; Karpasa,Ayurveda,,,Fruit (Seed),Shrub,AFHSTU,Karpasa,https://archive.bsi.gov.in/echoHerbarium-Details/en?link=CAL0000003877&column=szBarcode,BSI+NMPB,HIGH,False,825,455
PLANT-0996,Gossypium hirsutum L.,Kapas,MALVACEAE,Kapas,Ayurveda,,,Fruit; (Fruit Coat),Shrub,ASW,,,NMPB,SOURCE_ONLY,False,,456
PLANT-0997,Gouania leptostachya DC.,Khanta (Oriya),RHAMNACEAE,Khanta (Oriya),,,,,,,,https://archive.bsi.gov.in/echoHerbarium-Details/en?link=CAL0000003606&column=szBarcode,BSI,SOURCE_ONLY,False,826,
PLANT-0998,Gouania microcarpa DC.,Sinhanbali,RHAMNACEAE,Sinhanbali; Names,,,,Leaf,Climber,F**,Names,,NMPB,SOURCE_ONLY,False,,457
PLANT-0999,Grewia elastica Royle; [= Grewia asiatica L. var. vestita Mast.],Phalsa chhaal,TILIACEAE,Phalsa chhaal,Ayurveda,,,Bark (Stem),Tree,A,,,NMPB,SOURCE_ONLY,False,,458
PLANT-1000,Grewia hirsuta Vahl,"Kakarundah, Kukurbicha",TILIACEAE,"Kakarundah, Kukurbicha",,,,,,,,https://archive.bsi.gov.in/echoHerbarium-Details/en?link=CAL0000003845&column=szBarcode,BSI,SOURCE_ONLY,False,827,
PLANT-1001,Grewia microcos L.,Asolin,TILIACEAE,Asolin,,,,Leaf,Shrub,F,,,NMPB,SOURCE_ONLY,False,,460
PLANT-1002,Grewia sclerophylla Roxb. ex G.Don,Pharsia,TILIACEAE,Pharsia,,,,,,,,https://archive.bsi.gov.in/echoHerbarium-Details/en?link=CAL0000003848&column=szBarcode,BSI,SOURCE_ONLY,False,828,
PLANT-1003,Grewia subinaequalis DC.,"Phalsa, Dhamin",TILIACEAE,"Phalsa, Dhamin; -",Ayurveda,,,Bark (Stem),Tree,AFSTU,,https://archive.bsi.gov.in/echoHerbarium-Details/en?link=CAL0000003850&column=szBarcode,BSI+NMPB,HIGH,False,829,459
PLANT-1004,Grewia tenax (Forsk.) Fiori,Achchu (Tam.),TILIACEAE,Achchu (Tam.),,,,,,,,https://archive.bsi.gov.in/echoHerbarium-Details/en?link=CAL0000003853&column=szBarcode,BSI,SOURCE_ONLY,False,830,
PLANT-1005,Grewia tiliifolia Vahl,"Dhamni, Pharsa",TILIACEAE,"Dhamni, Pharsa",,,,,,,,https://archive.bsi.gov.in/echoHerbarium-Details/en?link=CAL0000003851&column=szBarcode,BSI,SOURCE_ONLY,False,831,
PLANT-1006,Grewia villosa Willd,Padekhado (Guj.),TILIACEAE,Padekhado (Guj.),,,,,,,,https://archive.bsi.gov.in/echoHerbarium-Details/en?link=CAL0000003847&column=szBarcode,BSI,SOURCE_ONLY,False,832,
PLANT-1007,Guaiacum officinale L.,Lignum Vitae (Eng.),ZYGOPHYLLACEAE,Lignum Vitae (Eng.),,,,,,,,https://archive.bsi.gov.in/echoHerbarium-Details/en?link=CAL0000013458&column=szBarcode,BSI,SOURCE_ONLY,False,833,
PLANT-1008,Guazuma ulmifolia Lam.,Nipaltunth (Beng.),STERCULIACEAE,Nipaltunth (Beng.),,,,,,,,https://archive.bsi.gov.in/echoHerbarium-Details/en?link=CAL0000003859&column=szBarcode,BSI,SOURCE_ONLY,False,834,
PLANT-1009,Guettarda speciosa L.,Panniru chettu (Tel.),RUBIACEAE,Panniru chettu (Tel.),,,,,,,,https://archive.bsi.gov.in/echoHerbarium-Details/en?link=CAL0000013605&column=szBarcode,BSI,SOURCE_ONLY,False,835,
PLANT-1010,Gymnema sylvestre (Retz.) Schult.,"Gur-mar, Merasingi",ASCLEPIADACEAE,"Gur-mar, Merasingi; Gudmar,; Sirukurinja; Mesarngi",Ayurveda,,,Leaf,Climber,AFHSTU,Mesarngi,https://archive.bsi.gov.in/echoHerbarium-Details/en?link=CAL0000009251&column=szBarcode,BSI+NMPB,HIGH,False,836,461
PLANT-1011,Gymnopetalum cochinchinensis (Lour.) Kurz,Kaubutkila (Bihar),CUCURBITACEAE,Kaubutkila (Bihar),,,,,,,,https://archive.bsi.gov.in/echoHerbarium-Details/en?link=CAL0000013798&column=szBarcode,BSI,SOURCE_ONLY,False,837,
PLANT-1012,Gymnostachyum febrifugum Benth.,Nelamuchchala (Kan.),ACANTHACEAE,Nelamuchchala (Kan.),,,,,,,,https://archive.bsi.gov.in/echoHerbarium-Details/en?link=CAL0000009047&column=szBarcode,BSI,SOURCE_ONLY,False,838,
PLANT-1013,Gynocardia odorata R.Br.,Lemtem (Assam),FLACOURTIACEAE,Lemtem (Assam),,,,,,,,https://archive.bsi.gov.in/echoHerbarium-Details/en?link=CAL0000003720&column=szBarcode,BSI,SOURCE_ONLY,False,839,
PLANT-1014,Habenaria commelinifolia (Roxb.) Wall. ex Lindl.,"Ankara, Devsunda (Local names)",ORCHIDACEAE,"Ankara, Devsunda (Local names)",,,,,,,,https://archive.bsi.gov.in/echoHerbarium-Details/en?link=CAL0000003158&column=szBarcode,BSI,SOURCE_ONLY,False,840,
PLANT-1015,Habenaria edgeworthii Hook.f.,Riddhi,ORCHIDACEAE,Riddhi,Ayurveda,,,Root (Tuber),Herb,A,Riddhi,,NMPB,SOURCE_ONLY,False,,462
PLANT-1016,Haematoxylum campechianum L.,Patang,MIMOSACEAE,Patang,,,,,,,,https://archive.bsi.gov.in/echoHerbarium-Details/en?link=CAL0000003517&column=szBarcode,BSI,SOURCE_ONLY,False,841,
PLANT-1017,Haldina cordifolia (Rioxb.) Ridsdale,Haldu,RUBIACEAE,Haldu,,,,,,,,https://archive.bsi.gov.in/echoHerbarium-Details/en?link=CAL0000013583&column=szBarcode,BSI,SOURCE_ONLY,False,842,
PLANT-1018,Haloxylon griffithii DC.,Taghaz,AMARANTHACEAE,Taghaz,,,,,,,,https://archive.bsi.gov.in/echoHerbarium-Details/en?link=BSIS000000001&column=szBarcode,BSI,SOURCE_ONLY,False,843,
PLANT-1019,Haloxylon recurvum (Moq.) Bunge ex. Boiss.,Saxaul (Eng.),CHENOPODIACEAE,Saxaul (Eng.),,,,,,,,https://archive.bsi.gov.in/echoHerbarium-Details/en?link=CAL0000008835&column=szBarcode,BSI,SOURCE_ONLY,False,844,
PLANT-1020,Haloxylon salicornicum(Moq.) Bunge ex. Boiss.,Rimth Saltbush (Eng.),CHENOPODIACEAE,Rimth Saltbush (Eng.),,,,,,,,https://archive.bsi.gov.in/echoHerbarium-Details/en?link=CAL0000008836&column=szBarcode,BSI,SOURCE_ONLY,False,845,
PLANT-1021,Haplanthus tentaculatus Nees,Nila Jakara (Mar.),ACANTHACEAE,Nila Jakara (Mar.),,,,,,,,https://archive.bsi.gov.in/echoHerbarium-Details/en?link=CAL0000009050&column=szBarcode,BSI,SOURCE_ONLY,False,846,
PLANT-1022,Haplanthus vericillatus Nees,Kastula,ACANTHACEAE,Kastula,,,,,,,,https://archive.bsi.gov.in/echoHerbarium-Details/en?link=CAL0000009049&column=szBarcode,BSI,SOURCE_ONLY,False,847,
PLANT-1023,Harpullia arborea (Blanco) Radlk.,Nei-kottei (Tam.),SAPINDACEAE,Nei-kottei (Tam.),,,,,,,,https://archive.bsi.gov.in/echoHerbarium-Details/en?link=CAL0000003577&column=szBarcode,BSI,SOURCE_ONLY,False,848,
PLANT-1024,Hedychium acuminatum Roscoe,Kantapalci,ZINGIBERACEAE,Kantapalci,,,,Root; (Rhizome),Herb,F,,,NMPB,SOURCE_ONLY,False,,463
PLANT-1025,Hedychium coronarium Koenig. ex Retz.,Common Ginger Lily (Eng.),ZINGIBERACEAE,"Common Ginger Lily (Eng.); Garland; flower,; Common; Ginger Lily",,,,Flower,Herb,S,,https://archive.bsi.gov.in/echoHerbarium-Details/en?link=CAL0000003155&column=szBarcode,BSI+NMPB,HIGH,False,849,464
PLANT-1026,Hedychium spicatum Sm.; [ = Oldenlandia corymbosa L.],Kapoor kachri,ZINGIBERACEAE,Kapoor kachri; Sati,Ayurveda,,,Root,Herb,AFTU,Sati,,NMPB,SOURCE_ONLY,False,,465
PLANT-1027,Hedyotis corymbosa (L.) Lam.,Pitpapra,RUBIACEAE,Pitpapra,Ayurveda,,,Whole Plant,Herb,AF,,,NMPB,SOURCE_ONLY,False,,466
PLANT-1028,Hedyotis herbacea L.,Pippapada,RUBIACEAE,Pippapada,Ayurveda,,,Whole Plant,Herb,AFH,,,NMPB,SOURCE_ONLY,False,,467
PLANT-1029,Hedyotis puberula (G.Don) Arn.; [ = Oldenlandia umbellata L.],Impural,RUBIACEAE,Impural,Ayurveda,,,Whole Plant,Herb,AF,,,NMPB,SOURCE_ONLY,False,,468
PLANT-1030,Hedyotis scandens Roxb. ex D.Don,Bhedeli (Assam),RUBIACEAE,Bhedeli (Assam),,,,,,,,https://archive.bsi.gov.in/echoHerbarium-Details/en?link=CAL0000013618&column=szBarcode,BSI,SOURCE_ONLY,False,850,
PLANT-1031,Hedyotis umbellata (L.) Lam.,Chirval,RUBIACEAE,Chirval,,,,,,,,https://archive.bsi.gov.in/echoHerbarium-Details/en?link=CAL0000013615&column=szBarcode,BSI,SOURCE_ONLY,False,851,
PLANT-1032,Hedyotis verticillata (L.) Lam.,Ronder (Local name),RUBIACEAE,Ronder (Local name),,,,,,,,https://archive.bsi.gov.in/echoHerbarium-Details/en?link=CAL0000013611&column=szBarcode,BSI,SOURCE_ONLY,False,852,
PLANT-1033,Helianthus annuus L.,Surajmukhi,ASTERACEAE,Surajmukhi; Sunflower,Ayurveda,,,Fruit (Seed),Shrub,AHSU,,https://archive.bsi.gov.in/echoHerbarium-Details/en?link=CAL0000013697&column=szBarcode,BSI+NMPB,HIGH,False,853,469
PLANT-1034,Helianthus tuberosus L.,Hatichuk,ASTERACEAE,Hatichuk,,,,,,,,https://archive.bsi.gov.in/echoHerbarium-Details/en?link=CAL0000013698&column=szBarcode,BSI,SOURCE_ONLY,False,854,
PLANT-1035,Helicteres isora L.,"Maroraphali, Marodaphali",STERCULIACEAE,"Maroraphali, Marodaphali; Murudshing; ,; Marodphali",Ayurveda,,,Fruit,Shrub,AFSU,,https://archive.bsi.gov.in/echoHerbarium-Details/en?link=CAL0000003864&column=szBarcode,BSI+NMPB,HIGH,False,855,470
PLANT-1036,Heliotropium bacciferum Forsk.,Jatimisak (Punjab),BORAGINACEAE,Jatimisak (Punjab),,,,,,,,https://archive.bsi.gov.in/echoHerbarium-Details/en?link=CAL0000009731&column=szBarcode,BSI,SOURCE_ONLY,False,856,
PLANT-1037,Heliotropium curassavicum L.,Salt heliotrope (Eng.),BORAGINACEAE,Salt heliotrope (Eng.),,,,,,,,https://archive.bsi.gov.in/echoHerbarium-Details/en?link=CAL0000009733&column=szBarcode,BSI,SOURCE_ONLY,False,857,
PLANT-1038,Heliotropium ellipticum Ledeb.,Bithua (Punjab),BORAGINACEAE,Bithua (Punjab),,,,,,,,https://archive.bsi.gov.in/echoHerbarium-Details/en?link=CAL0000009732&column=szBarcode,BSI,SOURCE_ONLY,False,858,
PLANT-1039,Heliotropium indicum L.,"Hatta-juri, Hatta-sura",BORAGINACEAE,"Hatta-juri, Hatta-sura; Thekkada",Ayurveda,,,Root,Herb,AFSU,,https://archive.bsi.gov.in/echoHerbarium-Details/en?link=CAL0000009728&column=szBarcode,BSI+NMPB,HIGH,False,859,471
PLANT-1040,Heliotropium ovalifolium Forsk.,Nag-phuli,BORAGINACEAE,Nag-phuli,,,,,,,,https://archive.bsi.gov.in/echoHerbarium-Details/en?link=CAL0000009708&column=szBarcode,BSI,SOURCE_ONLY,False,860,
PLANT-1041,Heliotropium strigosum Willd.,Chitiphul,BORAGINACEAE,Chitiphul,,,,,,,,https://archive.bsi.gov.in/echoHerbarium-Details/en?link=CAL0000009734&column=szBarcode,BSI,SOURCE_ONLY,False,861,
PLANT-1042,Helleborus niger L.,Katuka Rohini,RANUNCULACEAE,Katuka Rohini,Ayurveda,,,Root,Herb,AFHSU,,,NMPB,SOURCE_ONLY,False,,472
PLANT-1043,Hemerocallis fulva L.,Tawny Day-Lily (Eng.),LILIACEAE,Tawny Day-Lily (Eng.),,,,,,,,https://archive.bsi.gov.in/echoHerbarium-Details/en?link=CAL0000003908&column=szBarcode,BSI,SOURCE_ONLY,False,862,
PLANT-1044,Hemidesmus indicus (L.) R.Br.,"Anantamul, Kapuri",ASCLEPIADACEAE,"Anantamul, Kapuri; Anatmool,; Sariwa,; Sveta sariva; Names",Ayurveda,,,Root,Climber,AFSTUTag **,Sveta sariva; Names,https://archive.bsi.gov.in/echoHerbarium-Details/en?link=CAL0000009254&column=szBarcode,BSI+NMPB,HIGH,False,863,473
PLANT-1045,Hemionitis arifolia (Burm.) Moore,"Akhukarni,; Pattsjivi-; Maravara",HEMIONITIDACEAE,"Akhukarni,; Pattsjivi-; Maravara",Ayurveda,,,Leaf,Herb,AF,,,NMPB,SOURCE_ONLY,False,,474
PLANT-1046,Heracleum candolleanum (Wight &,Kattumalli; (Subs.),APIACEAE,Kattumalli; (Subs.),,,,Fruit (Seed),Herb,F,,,NMPB,SOURCE_ONLY,False,,475
PLANT-1047,Heracleum lanatum Michx.,Chhataya,APIACEAE,Chhataya; Krandel,,,,Whole Plant,Herb,F,,https://archive.bsi.gov.in/echoHerbarium-Details/en?link=CAL0000013745&column=szBarcode,BSI+NMPB,HIGH,False,864,476
PLANT-1048,Heracleum rigens DC.,Cittrelam,APIACEAE,Cittrelam,,,,Fruit (Seed),Herb,FS,,,NMPB,SOURCE_ONLY,False,,477
PLANT-1049,Heritiera littoralis L.,Mukuram (Mal.),STERCULIACEAE,Mukuram (Mal.),,,,,,,,https://archive.bsi.gov.in/echoHerbarium-Details/en?link=CAL0000003866&column=szBarcode,BSI,SOURCE_ONLY,False,865,
PLANT-1050,Herniaria glabra L.,Smooth Rupturewort (Eng.),ILLECEBRACEAE,Smooth Rupturewort (Eng.),,,,,,,,https://archive.bsi.gov.in/echoHerbarium-Details/en?link=CAL0000003821&column=szBarcode,BSI,SOURCE_ONLY,False,866,
PLANT-1051,Herniaria hirsuta L.,Hairy Rupturedwort (Eng.),ILLECEBRACEAE,Hairy Rupturedwort (Eng.),,,,,,,,https://archive.bsi.gov.in/echoHerbarium-Details/en?link=CAL0000003822&column=szBarcode,BSI,SOURCE_ONLY,False,867,
PLANT-1052,Heterophragma quadriloculare (Roxb.) Schum.,"Warras, Pullung",BIGNONIACEAE,"Warras, Pullung",,,,,,,,https://archive.bsi.gov.in/echoHerbarium-Details/en?link=CAL0000009665&column=szBarcode,BSI,SOURCE_ONLY,False,868,
PLANT-1053,Heteropogon contortus (L.) P.Beauv. ex Roem. & Schult.,"Kher, Kumeria",POACEAE,"Kher, Kumeria",,,,,,,,https://archive.bsi.gov.in/echoHerbarium-Details/en?link=CAL0000003168&column=szBarcode,BSI,SOURCE_ONLY,False,869,
PLANT-1054,Hibiscus cannabinus L.,"Ambari, Patsan",MALVACEAE,"Ambari, Patsan",,,,,,,,https://archive.bsi.gov.in/echoHerbarium-Details/en?link=CAL0000003884&column=szBarcode,BSI,SOURCE_ONLY,False,870,
PLANT-1055,Hibiscus furcatus Willd.,"Adavi gogu, Konda gogu (Tel.)",MALVACEAE,"Adavi gogu, Konda gogu (Tel.)",,,,,,,,https://archive.bsi.gov.in/echoHerbarium-Details/en?link=CAL0000003885&column=szBarcode,BSI,SOURCE_ONLY,False,871,
PLANT-1056,Hibiscus mutabilis L.,"Shalapara, Sthal kamal",MALVACEAE,"Shalapara, Sthal kamal",,,,,,,,https://archive.bsi.gov.in/echoHerbarium-Details/en?link=CAL0000003886&column=szBarcode,BSI,SOURCE_ONLY,False,872,
PLANT-1057,Hibiscus ovalifolius (Forsk.) Vahl,Tiny Flower Hibiscus (Eng.),MALVACEAE,Tiny Flower Hibiscus (Eng.),,,,,,,,https://archive.bsi.gov.in/echoHerbarium-Details/en?link=CAL0000003883&column=szBarcode,BSI,SOURCE_ONLY,False,873,
PLANT-1058,Hibiscus rosa-sinensis L.,"Jasut, Jasum",MALVACEAE,"Jasut, Jasum; Jashwanti,; Jaswand, Japa",Ayurveda,,,Flower,Shrub,AFSU,,https://archive.bsi.gov.in/echoHerbarium-Details/en?link=CAL0000003887&column=szBarcode,BSI+NMPB,HIGH,False,874,478
PLANT-1059,Hibiscus sabdariffa L.,"Lal-ambari, Patwa",MALVACEAE,"Lal-ambari, Patwa",,,,,,,,https://archive.bsi.gov.in/echoHerbarium-Details/en?link=CAL0000003888&column=szBarcode,BSI,SOURCE_ONLY,False,875,
PLANT-1060,Hibiscus surattensis L.,Mullu gogu (Tel.),MALVACEAE,Mullu gogu (Tel.); Ranbhindi,,,,"Stem, Leaf",Shrub,FS,,https://archive.bsi.gov.in/echoHerbarium-Details/en?link=CAL0000003889&column=szBarcode,BSI+NMPB,HIGH,False,876,479
PLANT-1061,Hibiscus syriacus L.,Swet jaba (Beng.),MALVACEAE,Swet jaba (Beng.),,,,,,,,https://archive.bsi.gov.in/echoHerbarium-Details/en?link=CAL0000003891&column=szBarcode,BSI,SOURCE_ONLY,False,877,
PLANT-1062,Hibiscus tiliaceus L.,"Bola, Chelwa",MALVACEAE,"Bola, Chelwa; Parutti",Ayurveda,,,Root,Herb,AFS,,https://archive.bsi.gov.in/echoHerbarium-Details/en?link=CAL0000003892&column=szBarcode,BSI+NMPB,HIGH,False,878,480
PLANT-1063,Hibiscus trionum L.,Trailing Holyhock (Eng.),MALVACEAE,Trailing Holyhock (Eng.),,,,,,,,https://archive.bsi.gov.in/echoHerbarium-Details/en?link=CAL0000003893&column=szBarcode,BSI,SOURCE_ONLY,False,879,
PLANT-1064,Hieracium vulgatum Fr.,Yellow Hackwood (Eng.),ASTERACEAE,Yellow Hackwood (Eng.),,,,,,,,https://archive.bsi.gov.in/echoHerbarium-Details/en?link=CAL0000013147&column=szBarcode,BSI,SOURCE_ONLY,False,880,
PLANT-1065,Hierochloe laxa R.Br.,Lax sweet grass (Eng.),POACEAE,Lax sweet grass (Eng.),,,,,,,,https://archive.bsi.gov.in/echoHerbarium-Details/en?link=CAL0000003249&column=szBarcode,BSI,SOURCE_ONLY,False,881,
PLANT-1066,Hippohae tibetana Schlecht.,Tsermang (Ladakhi),ELAEAGNACEAE,Tsermang (Ladakhi),,,,,,,,https://archive.bsi.gov.in/echoHerbarium-Details/en?link=CAL0000009020&column=szBarcode,BSI,SOURCE_ONLY,False,882,
PLANT-1067,Hippophae rhamnoides L.,Sea Buckthorn,ELAEAGNACEAE,Sea Buckthorn,,,,Fruit,Shrub,F,,,NMPB,SOURCE_ONLY,False,,481
PLANT-1068,Hippophae salicifolia D.Don,Sea Buckthorn,ELAEAGNACEAE,Sea Buckthorn,,,,Fruit,Shrub,F,,,NMPB,SOURCE_ONLY,False,,482
PLANT-1069,Hiptage benghalensis (L.) Kurz,"Madhavilata, Madhmalti",MALPIGHIACEAE,"Madhavilata, Madhmalti",,,,,,,,https://archive.bsi.gov.in/echoHerbarium-Details/en?link=CAL0000013460&column=szBarcode,BSI,SOURCE_ONLY,False,883,
PLANT-1070,Holarrhena antudysentrica (Roth) DC.,"Kurchi, Karchi",APOCYNACEAE,"Kurchi, Karchi",,,,,,,,https://archive.bsi.gov.in/echoHerbarium-Details/en?link=CAL0000009276&column=szBarcode,BSI,SOURCE_ONLY,False,884,
PLANT-1071,Holarrhena mitis R.Br.,Kiri-mawara (Tam.),APOCYNACEAE,Kiri-mawara (Tam.),,,,,,,,https://archive.bsi.gov.in/echoHerbarium-Details/en?link=CAL0000009275&column=szBarcode,BSI,SOURCE_ONLY,False,886,
PLANT-1072,Holarrhena pubescens (Buch.-Ham.),"Inderjao; Kadwa,; Kudacha; l, Kutja",APOCYNACEAE,"Inderjao; Kadwa,; Kudacha; l, Kutja; Indrayava,; Kutaja",Ayurveda,,,"Fruit (Seed),; Bark (Stem)",Shrub,AFH,"Indrayava,; Kutaja",,NMPB,SOURCE_ONLY,False,,483
PLANT-1073,Holigrana arnottiana Hook.f.,Chera (Mal.),ANACARDIACEAE,Chera (Mal.),,,,,,,,https://archive.bsi.gov.in/echoHerbarium-Details/en?link=CAL0000003563&column=szBarcode,BSI,SOURCE_ONLY,False,887,
PLANT-1074,Holigrana longifolia Buch.-Ham. ex Roxb.,Kherai (Manipur),ANACARDIACEAE,Kherai (Manipur),,,,,,,,https://archive.bsi.gov.in/echoHerbarium-Details/en?link=CAL0000003565&column=szBarcode,BSI,SOURCE_ONLY,False,888,
PLANT-1075,Holoptelea integrifolia (Roxb.) Planch,"Chilbil, Papari",ULMACEAE,"Chilbil, Papari; Aavitholi; Cirabilva",Ayurveda,,,Bark (Stem),Tree,AFS,Cirabilva,https://archive.bsi.gov.in/echoHerbarium-Details/en?link=CAL0000013154&column=szBarcode,BSI+NMPB,HIGH,False,889,484
PLANT-1076,Holostemma ada-kodien Schult.,Arkapushpi,ASCLEPIADACEAE,Arkapushpi; Jeevanti; Names,Ayurveda,,,"Root; (Tuber),",Climber,AFTag **,Names,https://archive.bsi.gov.in/echoHerbarium-Details/en?link=CAL0000009256&column=szBarcode,BSI+NMPB,HIGH,False,890,485
PLANT-1077,Holostemma rheedii Wall.,Chhirvel,ASCLEPIADACEAE,Chhirvel,,,,,,,,https://archive.bsi.gov.in/echoHerbarium-Details/en?link=CAL0000009255&column=szBarcode,BSI,SOURCE_ONLY,False,891,
PLANT-1078,Holosteum umbellatum L.,Jagged Chickweed (Eng.),CARYOPHYLLACEAE,Jagged Chickweed (Eng.),,,,,,,,https://archive.bsi.gov.in/echoHerbarium-Details/en?link=CAL0000003826&column=szBarcode,BSI,SOURCE_ONLY,False,892,
PLANT-1079,Homalomena aromatica Schott,Kuchu gundubi (Beng.),ARACEAE,Kuchu gundubi (Beng.),,,,,,,,https://archive.bsi.gov.in/echoHerbarium-Details/en?link=CAL0000003218&column=szBarcode,BSI,SOURCE_ONLY,False,893,
PLANT-1080,Homonoia riparia Lour.,"Serna,; Pashanbheda; ka",EUPHORBIACEAE,"Serna,; Pashanbheda; ka",Ayurveda,,,Root,Shrub,AS,,,NMPB,SOURCE_ONLY,False,,486
PLANT-1081,Homonoia riperia Lour.,Pashanabhedaka (Sans.),EUPHORBIACEAE,Pashanabhedaka (Sans.),,,,,,,,https://archive.bsi.gov.in/echoHerbarium-Details/en?link=CAL0000008984&column=szBarcode,BSI,SOURCE_ONLY,False,894,
PLANT-1082,Hopea odorata Roxb.,Urappuppicin (Tam.),DIPTEROCARPACEAE,Urappuppicin (Tam.),,,,,,,,https://archive.bsi.gov.in/echoHerbarium-Details/en?link=CAL0000003790&column=szBarcode,BSI,SOURCE_ONLY,False,895,
PLANT-1083,Hoppea dichotoma Hayne ex Willd.,Ram jeeta,GENTIANACEAE,Ram jeeta,,,,,,,,https://archive.bsi.gov.in/echoHerbarium-Details/en?link=CAL0000013567&column=szBarcode,BSI,SOURCE_ONLY,False,896,
PLANT-1084,Hordeum vulgare L.,"Jau, Jav",POACEAE,"Jau, Jav; Jaw; Yava",Ayurveda,,,Fruit (Seed),Herb,AFSTU,Yava,https://archive.bsi.gov.in/echoHerbarium-Details/en?link=CAL0000003246&column=szBarcode,BSI+NMPB,HIGH,False,897,487
PLANT-1085,Horsfieldia irya (Gaertn.) Warb.,"Chooglum, Mutwinda (Andamans)",MYRISTICACEAE,"Chooglum, Mutwinda (Andamans)",,,,,,,,https://archive.bsi.gov.in/echoHerbarium-Details/en?link=CAL0000008866&column=szBarcode,BSI,SOURCE_ONLY,False,898,
PLANT-1086,Horsfieldia kingii (Hook.f.) Warb.,Amol (Assam),MYRISTICACEAE,Amol (Assam),,,,,,,,https://archive.bsi.gov.in/echoHerbarium-Details/en?link=CAL0000008864&column=szBarcode,BSI,SOURCE_ONLY,False,899,
PLANT-1087,Houttuynia cordata Thunb.,"Alimoli, Hellijhar (Local names)",SAURURACEAE,"Alimoli, Hellijhar (Local names)",,,,,,,,https://archive.bsi.gov.in/echoHerbarium-Details/en?link=CAL0000008870&column=szBarcode,BSI,SOURCE_ONLY,False,900,
PLANT-1088,Hovenia acerba Lindl.,Sicka,RHAMNACEAE,Sicka,,,,,,,,https://archive.bsi.gov.in/echoHerbarium-Details/en?link=CAL0000003608&column=szBarcode,BSI,SOURCE_ONLY,False,901,
PLANT-1089,Hugonia mystax L.,Chulijinka (Oriya),LINACEAE,Chulijinka (Oriya); Kamsamrah,Ayurveda,,,Root,Shrub,AFS,,https://archive.bsi.gov.in/echoHerbarium-Details/en?link=CAL0000013464&column=szBarcode,BSI+NMPB,HIGH,False,902,488
PLANT-1090,Humboldtia vahliana Wight,Arruvanci (Tam.),CAESALPINIACEAE,Arruvanci (Tam.),,,,,,,,https://archive.bsi.gov.in/echoHerbarium-Details/en?link=CAL0000003481&column=szBarcode,BSI,SOURCE_ONLY,False,903,
PLANT-1091,Hura crepitans L.,Simaburuga (Tel.),EUPHORBIACEAE,Simaburuga (Tel.),,,,,,,,https://archive.bsi.gov.in/echoHerbarium-Details/en?link=CAL0000008981&column=szBarcode,BSI,SOURCE_ONLY,False,904,
PLANT-1092,Hybanthus enneaspermus (L.) F.Muell.,Ratanpurus,VIOLACEAE,"Ratanpurus; Ratanpurus,; Padmacarini",Ayurveda,,,Whole Plant,Herb,AFS,,https://archive.bsi.gov.in/echoHerbarium-Details/en?link=CAL0000003726&column=szBarcode,BSI+NMPB,HIGH,False,905,489
PLANT-1093,Hydnocarpus kurzii (King) Warb.,Dalmurgi,FLACOURTIACEAE,"Dalmurgi; Nirati,; Chaulmoogra",Ayurveda,,,Fruit (Seed),Tree,AFS,,https://archive.bsi.gov.in/echoHerbarium-Details/en?link=CAL0000003716&column=szBarcode,BSI+NMPB,HIGH,False,906,490
PLANT-1094,Hydnocarpus pentandra (Buch.-Ham.) Oken,Chaulmoogra (Hindi),FLACOURTIACEAE,Chaulmoogra (Hindi),,,,,,,,https://archive.bsi.gov.in/echoHerbarium-Details/en?link=CAL0000003719&column=szBarcode,BSI,SOURCE_ONLY,False,907,
PLANT-1095,Hydnocarpus pentandrus,Marotti,FLACOURTIACEAE,Marotti,Ayurveda,,,Fruit (Seed),Tree,AFS,,,NMPB,SOURCE_ONLY,False,,491
PLANT-1096,Hydrangea aspera Buch.-Ham ex. D.Don,Phirphire ghans (Nepali),SAXIFRAGACEAE,Phirphire ghans (Nepali),,,,,,,,https://archive.bsi.gov.in/echoHerbarium-Details/en?link=CAL0000013703&column=szBarcode,BSI,SOURCE_ONLY,False,908,
PLANT-1097,Hydrangea macrophylla (Thunb.) Ser.,Thamapansapi lei (Manipuri),SAXIFRAGACEAE,Thamapansapi lei (Manipuri),,,,,,,,https://archive.bsi.gov.in/echoHerbarium-Details/en?link=CAL0000013704&column=szBarcode,BSI,SOURCE_ONLY,False,909,
PLANT-1098,Hydrocharis dubia (Blume) Backer,Frogbit (Eng.),HYDROCHARITACEAE,Frogbit (Eng.),,,,,,,,https://archive.bsi.gov.in/echoHerbarium-Details/en?link=CAL0000003918&column=szBarcode,BSI,SOURCE_ONLY,False,910,
PLANT-1099,Hydrocotyl javanica Thunb.,Mahagotukola,APIACEAE,Mahagotukola,,,,,,,,https://archive.bsi.gov.in/echoHerbarium-Details/en?link=CAL0000013766&column=szBarcode,BSI,SOURCE_ONLY,False,911,
PLANT-1100,Hydrocotyl sibthorpioides Lam.,Kulkhuri,APIACEAE,Kulkhuri,,,,,,,,https://archive.bsi.gov.in/echoHerbarium-Details/en?link=CAL0000013764&column=szBarcode,BSI,SOURCE_ONLY,False,912,
PLANT-1101,Hydrocotyle javanica Thunb.,Brahma; manduki,APIACEAE,Brahma; manduki,,,,Whole Plant,Herb,F,,,NMPB,SOURCE_ONLY,False,,492
PLANT-1102,Hydrolea zeylanica Vahl,Langali (Sans.),HYDROPHYLLACEAE,Langali (Sans.),,,,,,,,https://archive.bsi.gov.in/echoHerbarium-Details/en?link=CAL0000009705&column=szBarcode,BSI,SOURCE_ONLY,False,913,
PLANT-1103,Hygrophila auriculata (K. Schum.) Heine,"Talmakhana, Kulaka",ACANTHACEAE,"Talmakhana, Kulaka",,,,,,,,https://archive.bsi.gov.in/echoHerbarium-Details/en?link=CAL0000009052&column=szBarcode,BSI,SOURCE_ONLY,False,914,
PLANT-1104,Hygrophila salicifolia (Vahl) Nees,Matham arak (Bihar),ACANTHACEAE,Matham arak (Bihar),,,,,,,,https://archive.bsi.gov.in/echoHerbarium-Details/en?link=CAL0000009051&column=szBarcode,BSI,SOURCE_ONLY,False,915,
PLANT-1105,Hygrophila schulli (Buch.-Ham.); [= H. auriculata (Schumach.) Heine;,Tal makhana,ACANTHACEAE,Tal makhana; Kokilaksa,Ayurveda,,,"Root,; Fruit (Seed),; Whole Plant",Herb,AF,Kokilaksa,,NMPB,SOURCE_ONLY,False,,493
PLANT-1106,Hygroryza aristata (Retz.) Nees ex Wight & Arn.,Janglidal,POACEAE,Janglidal; Janli dal,Ayurveda,,,Root,Herb,AF,,https://archive.bsi.gov.in/echoHerbarium-Details/en?link=CAL0000003166&column=szBarcode,BSI+NMPB,HIGH,False,916,494
PLANT-1107,Hymenodictyon excelsum (Roxb.) Wall.,Kuthan,RUBIACEAE,Kuthan,Ayurveda,,,Bark (Stem),Tree,AF,,,NMPB,SOURCE_ONLY,False,,495
PLANT-1108,Hymenodictyon orixense (Roxb.) Mabberley,"Bhaulan, Kukurkat",RUBIACEAE,"Bhaulan, Kukurkat",,,,,,,,https://archive.bsi.gov.in/echoHerbarium-Details/en?link=CAL0000013576&column=szBarcode,BSI,SOURCE_ONLY,False,917,
PLANT-1109,Hyoscyamus muticus L.,Parasikaya,SOLANACEAE,Parasikaya,Ayurveda,,,Fruit (Seed),Herb,A,,,NMPB,SOURCE_ONLY,False,,496
PLANT-1110,Hyoscyamus niger L.,Khurasaniajvayan (Hindi),SOLANACEAE,Khurasaniajvayan (Hindi); Khursani; Ajwain; Parasi-; kayavani,Ayurveda,,,Fruit (Seed),Herb,AHSUW,Parasi-; kayavani,https://archive.bsi.gov.in/echoHerbarium-Details/en?link=CAL0000009677&column=szBarcode,BSI+NMPB,HIGH,False,918,497
PLANT-1111,Hypericum laxum (Blume) Koidzumi,Pikari-char (Local name),HYPERICACEAE,Pikari-char (Local name),,,,,,,,https://archive.bsi.gov.in/echoHerbarium-Details/en?link=CAL0000003816&column=szBarcode,BSI,SOURCE_ONLY,False,919,
PLANT-1112,Hypericum perforatum L.,"Bassant, Dendhu",HYPERICACEAE,"Bassant, Dendhu; St. John’s; wart",,,,Flower,Herb,HW,,https://archive.bsi.gov.in/echoHerbarium-Details/en?link=CAL0000003818&column=szBarcode,BSI+NMPB,HIGH,False,920,498
PLANT-1113,Hypericum uralum Buch.- Ham. ex D.Don,Tumbhul (Bihar),HYPERICACEAE,Tumbhul (Bihar),,,,,,,,https://archive.bsi.gov.in/echoHerbarium-Details/en?link=CAL0000003820&column=szBarcode,BSI,SOURCE_ONLY,False,921,
PLANT-1114,Hypoxis aurea Lour.,"Bhuin khajur, Dinda kinda (Bihar)",AMARYLLIDACEAE,"Bhuin khajur, Dinda kinda (Bihar)",,,,,,,,https://archive.bsi.gov.in/echoHerbarium-Details/en?link=CAL0000003116&column=szBarcode,BSI,SOURCE_ONLY,False,922,
PLANT-1115,Hyptis capitata Jacq.,False Ironwort (Eng.),LAMIACEAE,False Ironwort (Eng.),,,,,,,,https://archive.bsi.gov.in/echoHerbarium-Details/en?link=CAL0000008897&column=szBarcode,BSI,SOURCE_ONLY,False,923,
PLANT-1116,Hyptis suaveolens (L.) Poit.,Wilayati Tulsi,LAMIACEAE,Wilayati Tulsi,,,,,,,,https://archive.bsi.gov.in/echoHerbarium-Details/en?link=CAL0000008899&column=szBarcode,BSI,SOURCE_ONLY,False,924,
PLANT-1117,Hyssopus officinalis Lam.,Hyssop (Eng.),LAMIACEAE,"Hyssop (Eng.); Zoofa, Jupha; Names",,,,"Fruit (Seed),; Whole Plant",Shrub,FUTag **,Names,https://archive.bsi.gov.in/echoHerbarium-Details/en?link=CAL0000008880&column=szBarcode,BSI+NMPB,HIGH,False,925,499
PLANT-1118,Iberis amara L.,Rocket candytuft (Eng.),BRASSICACEAE,Rocket candytuft (Eng.),,,,,,,,https://archive.bsi.gov.in/echoHerbarium-Details/en?link=CAL0000003748&column=szBarcode,BSI,SOURCE_ONLY,False,926,
PLANT-1119,Ichnocarpus frutescens R.Br.,"Kalidudhi, Siamalata",APOCYNACEAE,"Kalidudhi, Siamalata; Dudhi, Sariva",Ayurveda,,,Root,Climber,AFST,,https://archive.bsi.gov.in/echoHerbarium-Details/en?link=CAL0000009280&column=szBarcode,BSI+NMPB,HIGH,False,927,500
PLANT-1120,Ilex paraguariensis A.St.-Hil.,Mate (Eng.),AQUIFOLIACEAE,Mate (Eng.),,,,,,,,https://archive.bsi.gov.in/echoHerbarium-Details/en?link=CAL0000003598&column=szBarcode,BSI,SOURCE_ONLY,False,928,
PLANT-1121,Illicium griffithii Hook.f. & Thomson,Star; Anise; (Subs.),MAGNOLIACEAE,Star; Anise; (Subs.),Ayurveda,,,Fruit,Tree,AS,,,NMPB,SOURCE_ONLY,False,,501
PLANT-1122,Illicium verum Hook.f.,Star Anise,MAGNOLIACEAE,Star Anise,Ayurveda,,,Fruit,Tree,AS,,,NMPB,SOURCE_ONLY,False,,502
PLANT-1123,Impatiens balsamina L.,Gul-mendhi,BALSAMINACEAE,Gul-mendhi,,,,,,,,https://archive.bsi.gov.in/echoHerbarium-Details/en?link=CAL0000013947&column=szBarcode,BSI,SOURCE_ONLY,False,929,
PLANT-1124,Impatiens chinensis L.,Vashtla (Tam.),BALSAMINACEAE,Vashtla (Tam.),,,,,,,,https://archive.bsi.gov.in/echoHerbarium-Details/en?link=CAL0000013948&column=szBarcode,BSI,SOURCE_ONLY,False,930,
PLANT-1125,Impatiens tripetala Roxb. ex DC.,Karya bijal (Lakhimpur),BALSAMINACEAE,Karya bijal (Lakhimpur),,,,,,,,https://archive.bsi.gov.in/echoHerbarium-Details/en?link=CAL0000013946&column=szBarcode,BSI,SOURCE_ONLY,False,931,
PLANT-1126,Imperata cylindrica (L.) Raeusch.,Thatch grass,POACEAE,Thatch grass; Darbha,Ayurveda,,,Root,Herb,AFS,Darbha,,NMPB,SOURCE_ONLY,False,,503
PLANT-1127,Indigofera aspalathoides Vahl ex DC.,Ratakohomba (Sans.),FABACEAE,Ratakohomba (Sans.),,,,,,,,https://archive.bsi.gov.in/echoHerbarium-Details/en?link=CAL0000013058&column=szBarcode,BSI,SOURCE_ONLY,False,932,
PLANT-1128,Indigofera astragalina DC.,Andhi-neel,FABACEAE,Andhi-neel,,,,,,,,https://archive.bsi.gov.in/echoHerbarium-Details/en?link=CAL0000003417&column=szBarcode,BSI,SOURCE_ONLY,False,933,
PLANT-1129,Indigofera cassioides Rottl. ex DC.,"Pharsi ghas, Hakanu",FABACEAE,"Pharsi ghas, Hakanu",,,,,,,,https://archive.bsi.gov.in/echoHerbarium-Details/en?link=CAL0000003414&column=szBarcode,BSI,SOURCE_ONLY,False,934,
PLANT-1130,Indigofera coerulea Roxb.,Gujarat Indigo (Eng.),FABACEAE,Gujarat Indigo (Eng.),,,,,,,,https://archive.bsi.gov.in/echoHerbarium-Details/en?link=CAL0000003416&column=szBarcode,BSI,SOURCE_ONLY,False,935,
PLANT-1131,Indigofera glabra L.,Pukhintaku (Local name),FABACEAE,Pukhintaku (Local name),,,,,,,,https://archive.bsi.gov.in/echoHerbarium-Details/en?link=CAL0000003426&column=szBarcode,BSI,SOURCE_ONLY,False,936,
PLANT-1132,Indigofera glandulosa Willd.,Vekhariyo (Guj.),FABACEAE,Vekhariyo (Guj.),,,,,,,,https://archive.bsi.gov.in/echoHerbarium-Details/en?link=CAL0000003422&column=szBarcode,BSI,SOURCE_ONLY,False,937,
PLANT-1133,Indigofera linifolia (L.f.) Retz.,Torki,FABACEAE,Torki,,,,,,,,https://archive.bsi.gov.in/echoHerbarium-Details/en?link=CAL0000003423&column=szBarcode,BSI,SOURCE_ONLY,False,938,
PLANT-1134,Indigofera linnaei Ali,Pandarphali,FABACEAE,Pandarphali,,,,,,,,https://archive.bsi.gov.in/echoHerbarium-Details/en?link=CAL0000003424&column=szBarcode,BSI,SOURCE_ONLY,False,939,
PLANT-1135,Indigofera oblongifolia Forsk.,Jhillan (Sans.),FABACEAE,Jhillan (Sans.),,,,,,,,https://archive.bsi.gov.in/echoHerbarium-Details/en?link=CAL0000003425&column=szBarcode,BSI,SOURCE_ONLY,False,940,
PLANT-1136,Indigofera suffruticosa Mill.,Vilaiti Nil,FABACEAE,Vilaiti Nil,,,,,,,,https://archive.bsi.gov.in/echoHerbarium-Details/en?link=CAL0000003412&column=szBarcode,BSI,SOURCE_ONLY,False,941,
PLANT-1137,Indigofera tinctoria L.,"Nil, Nilika",FABACEAE,"Nil, Nilika; Akika, Avuri; Nili",Ayurveda,,,"Fruit, Leaf,; Root",Shrub,AFHSTU,Nili,https://archive.bsi.gov.in/echoHerbarium-Details/en?link=CAL0000003415&column=szBarcode,BSI+NMPB,HIGH,False,942,504
PLANT-1138,Indigofera trifoliata L.,Jangli-methi,FABACEAE,Jangli-methi,,,,,,,,https://archive.bsi.gov.in/echoHerbarium-Details/en?link=CAL0000008592&column=szBarcode,BSI,SOURCE_ONLY,False,943,
PLANT-1139,Indigofera trita L.f.,Vekhario (Guj.),FABACEAE,Vekhario (Guj.),,,,,,,,https://archive.bsi.gov.in/echoHerbarium-Details/en?link=CAL0000003427&column=szBarcode,BSI,SOURCE_ONLY,False,944,
PLANT-1140,Inula graveolens Desf.,Stinkwort (Eng.),ASTERACEAE,Stinkwort (Eng.),,,,,,,,https://archive.bsi.gov.in/echoHerbarium-Details/en?link=CAL0000009300&column=szBarcode,BSI,SOURCE_ONLY,False,945,
PLANT-1141,Inula racemosa Hook.f.,"Pushkarmool,; Pokharmool",ASTERACEAE,"Pushkarmool,; Pokharmool; Puskara",Ayurveda,,,Root,Herb,AFT,Puskara,,NMPB,SOURCE_ONLY,False,,505
PLANT-1142,Inula recemosa Hook.f.,Poshkar (Kashmir),ASTERACEAE,Poshkar (Kashmir),,,,,,,,https://archive.bsi.gov.in/echoHerbarium-Details/en?link=CAL0000009370&column=szBarcode,BSI,SOURCE_ONLY,False,946,
PLANT-1143,Inula royleana DC.,Pushkarmool,ASTERACEAE,Pushkarmool,Ayurveda,,,Root,Herb,A,,,NMPB,SOURCE_ONLY,False,,506
PLANT-1144,Ipomoea alba L.,Dudhiakalmi,CONVOLVULACEAE,Dudhiakalmi,,,,,,,,https://archive.bsi.gov.in/echoHerbarium-Details/en?link=CAL0000009810&column=szBarcode,BSI,SOURCE_ONLY,False,947,
PLANT-1145,Ipomoea aquatica Forsk.,"Kalmisag, Karmi",CONVOLVULACEAE,"Kalmisag, Karmi",,,,,,,,https://archive.bsi.gov.in/echoHerbarium-Details/en?link=CAL0000009825&column=szBarcode,BSI,SOURCE_ONLY,False,948,
PLANT-1146,Ipomoea batatas (L.) Lam.,Mitha alu,CONVOLVULACEAE,Mitha alu,,,,,,,,https://archive.bsi.gov.in/echoHerbarium-Details/en?link=CAL0000009808&column=szBarcode,BSI,SOURCE_ONLY,False,949,
PLANT-1147,Ipomoea cairica (L.) Sweet,Neeli Bel,CONVOLVULACEAE,Neeli Bel,,,,,,,,https://archive.bsi.gov.in/echoHerbarium-Details/en?link=CAL0000009801&column=szBarcode,BSI,SOURCE_ONLY,False,950,
PLANT-1148,Ipomoea coptica (L.) Roth,Ipomoea coptica (Tam.),CONVOLVULACEAE,Ipomoea coptica (Tam.),,,,,,,,https://archive.bsi.gov.in/echoHerbarium-Details/en?link=CAL0000009799&column=szBarcode,BSI,SOURCE_ONLY,False,951,
PLANT-1149,Ipomoea dasysperma Jacq.,Dipdavel (Guj),CONVOLVULACEAE,Dipdavel (Guj),,,,,,,,https://archive.bsi.gov.in/echoHerbarium-Details/en?link=CAL0000009797&column=szBarcode,BSI,SOURCE_ONLY,False,952,
PLANT-1150,Ipomoea eriocarpa R.Br.,Nakhari,CONVOLVULACEAE,Nakhari,,,,,,,,https://archive.bsi.gov.in/echoHerbarium-Details/en?link=CAL0000009794&column=szBarcode,BSI,SOURCE_ONLY,False,953,
PLANT-1151,Ipomoea hederifolia L.,Lal pungli (Mar.),CONVOLVULACEAE,Lal pungli (Mar.),,,,,,,,https://archive.bsi.gov.in/echoHerbarium-Details/en?link=CAL0000009789&column=szBarcode,BSI,SOURCE_ONLY,False,954,
PLANT-1152,Ipomoea mauritiana Jacq.; [ = I. digitata L.],Palmudhukkan; kizhangu,CONVOLVULACEAE,Palmudhukkan; kizhangu; Kshiravidari,Ayurveda,,,"Stem, Root; (Tuber),",Climber,AF,Kshiravidari,,NMPB,SOURCE_ONLY,False,,507
PLANT-1153,Ipomoea muricata (L.) Jacq.,Michai,CONVOLVULACEAE,Michai,,,,,,,,https://archive.bsi.gov.in/echoHerbarium-Details/en?link=CAL0000009788&column=szBarcode,BSI,SOURCE_ONLY,False,955,
PLANT-1154,Ipomoea nil (L.) Roth.,"Kaladana, Mirchai",CONVOLVULACEAE,"Kaladana, Mirchai; Kaladana",Ayurveda,,,Fruit (Seed),Climber,AFS,,https://archive.bsi.gov.in/echoHerbarium-Details/en?link=CAL0000009791&column=szBarcode,BSI+NMPB,HIGH,False,956,508
PLANT-1155,Ipomoea obscura(L.) Ker-Gawl.,Vachagandha,CONVOLVULACEAE,Vachagandha; Laksmana,Ayurveda,,,Whole Plant,Climber,AFS,,https://archive.bsi.gov.in/echoHerbarium-Details/en?link=CAL0000009786&column=szBarcode,BSI+NMPB,HIGH,False,957,509
PLANT-1156,Ipomoea paniculata R.Br.,Bilaikand,CONVOLVULACEAE,Bilaikand,,,,,,,,https://archive.bsi.gov.in/echoHerbarium-Details/en?link=CAL0000009795&column=szBarcode,BSI,SOURCE_ONLY,False,958,
PLANT-1157,Ipomoea pes-caprae (L.) Roth,Dopatilata,CONVOLVULACEAE,Dopatilata,Ayurveda,,,"Root,; Whole Plant",Climber,AFS,,https://archive.bsi.gov.in/echoHerbarium-Details/en?link=CAL0000009805&column=szBarcode,BSI+NMPB,HIGH,False,959,510
PLANT-1158,Ipomoea petaloidea Choisy,Vrddhadaru,CONVOLVULACEAE,Vrddhadaru,,,,Root,Herb,F,,,NMPB,SOURCE_ONLY,False,,512
PLANT-1159,Ipomoea purga Hayne,Jalap,CONVOLVULACEAE,Jalap,,,,,,,,https://archive.bsi.gov.in/echoHerbarium-Details/en?link=CAL0000009784&column=szBarcode,BSI,SOURCE_ONLY,False,961,
PLANT-1160,Ipomoea purpurea (L.) Roth.,Morning Glory (Eng.),CONVOLVULACEAE,Morning Glory (Eng.),,,,,,,,https://archive.bsi.gov.in/echoHerbarium-Details/en?link=CAL0000009783&column=szBarcode,BSI,SOURCE_ONLY,False,962,
PLANT-1161,Ipomoea quamoclit L.,Kamalata,CONVOLVULACEAE,Kamalata,,,,,,,,https://archive.bsi.gov.in/echoHerbarium-Details/en?link=CAL0000009780&column=szBarcode,BSI,SOURCE_ONLY,False,963,
PLANT-1162,Ipomoea reptans Poir.,Kalashaka,CONVOLVULACEAE,Kalashaka,Ayurveda,,,Leaf,Herb,A,,,NMPB,SOURCE_ONLY,False,,513
PLANT-1163,Ipomoea sepiaria Roxb. ex Koen.,Bankalmi,CONVOLVULACEAE,Bankalmi; Thiruthaali,Ayurveda,,,Whole Plant,Climber,AFS,,https://archive.bsi.gov.in/echoHerbarium-Details/en?link=CAL0000009779&column=szBarcode,BSI+NMPB,HIGH,False,964,514
PLANT-1164,Ipomoea tuberosa L.,Spanish Arbour-vine (Eng.),CONVOLVULACEAE,Spanish Arbour-vine (Eng.),,,,,,,,https://archive.bsi.gov.in/echoHerbarium-Details/en?link=CAL0000009813&column=szBarcode,BSI,SOURCE_ONLY,False,965,
PLANT-1165,Ipomoea violacea L.,Kinarwel (Mar.),CONVOLVULACEAE,Kinarwel (Mar.),,,,,,,,https://archive.bsi.gov.in/echoHerbarium-Details/en?link=CAL0000009777&column=szBarcode,BSI,SOURCE_ONLY,False,966,
PLANT-1166,Iris domestica (L.) Goldblatt & Mabb.,Leopard lily (Eng.),IRIDACEAE,Leopard lily (Eng.),,,,,,,,https://archive.bsi.gov.in/echoHerbarium-Details/en?link=CAL0000003130&column=szBarcode,BSI,SOURCE_ONLY,False,967,
PLANT-1167,Iris germanica L.,Puskaramulam Herb,IRIDACEAE,Puskaramulam Herb,Ayurveda,,,Root,,AHTU,,,NMPB,SOURCE_ONLY,False,,515
PLANT-1168,Ixora arborea Roxb. ex Sm.,"Kota-gandhal, Nevari",RUBIACEAE,"Kota-gandhal, Nevari",,,,,,,,https://archive.bsi.gov.in/echoHerbarium-Details/en?link=CAL0000009384&column=szBarcode,BSI,SOURCE_ONLY,False,968,
PLANT-1169,Ixora coccinea L.,"Rangan, Rookmini",RUBIACEAE,"Rangan, Rookmini; Thechippoovu",Ayurveda,,,Root,Shrub,AFS,,https://archive.bsi.gov.in/echoHerbarium-Details/en?link=CAL0000009382&column=szBarcode,BSI+NMPB,HIGH,False,969,516
PLANT-1170,Ixora nigricans R.Br. ex Wight & Arn.,Katkura (Mar.),RUBIACEAE,Katkura (Mar.),,,,,,,,https://archive.bsi.gov.in/echoHerbarium-Details/en?link=CAL0000009383&column=szBarcode,BSI,SOURCE_ONLY,False,970,
PLANT-1171,Jasminum angustifolium Vahl.,"Banmallica, Mwari",OLEACEAE,"Banmallica, Mwari; Ban-mallika",Ayurveda,,,"Flower, Root",Climber,AFS,,https://archive.bsi.gov.in/echoHerbarium-Details/en?link=CAL0000009581&column=szBarcode,BSI+NMPB,HIGH,False,971,517
PLANT-1172,Jasminum arborescens Roxb.,"Bela, Chameli",OLEACEAE,"Bela, Chameli",,,,,,,,https://archive.bsi.gov.in/echoHerbarium-Details/en?link=CAL0000009579&column=szBarcode,BSI,SOURCE_ONLY,False,972,
PLANT-1173,Jasminum azoricum L.,Malati (Beng.),OLEACEAE,Malati (Beng.),,,,,,,,https://archive.bsi.gov.in/echoHerbarium-Details/en?link=CAL0000009582&column=szBarcode,BSI,SOURCE_ONLY,False,973,
PLANT-1174,Jasminum grandiflorum L.,"Chameli, Jati",OLEACEAE,"Chameli, Jati; Chameliphool; Names",Ayurveda,,,"Flower,; Leaf, Root",Climber,AFSTUTag **,Names,https://archive.bsi.gov.in/echoHerbarium-Details/en?link=CAL0000009577&column=szBarcode,BSI+NMPB,HIGH,False,974,518
PLANT-1175,Jasminum multiflorum (Burm.f.) Andrews,"Chameli, Kunda",OLEACEAE,"Chameli, Kunda",,,,,,,,https://archive.bsi.gov.in/echoHerbarium-Details/en?link=CAL0000009584&column=szBarcode,BSI,SOURCE_ONLY,False,975,
PLANT-1176,Jasminum officinale L.,"Chameli, Jati",OLEACEAE,"Chameli, Jati; Ban chameli; Jati",Ayurveda,,,Flower,Climber,AFHU,Jati,https://archive.bsi.gov.in/echoHerbarium-Details/en?link=CAL0000009586&column=szBarcode,BSI+NMPB,HIGH,False,976,519
PLANT-1177,Jasminum ritchiei C.B.Clarke,Karumullai (Tam.),OLEACEAE,Karumullai (Tam.),,,,,,,,https://archive.bsi.gov.in/echoHerbarium-Details/en?link=CAL0000009575&column=szBarcode,BSI,SOURCE_ONLY,False,977,
PLANT-1178,Jasminum rottlerianum Wall. ex A.DC.,Vanamalliga (Sans.),OLEACEAE,Vanamalliga (Sans.),,,,,,,,https://archive.bsi.gov.in/echoHerbarium-Details/en?link=CAL0000009578&column=szBarcode,BSI,SOURCE_ONLY,False,978,
PLANT-1179,Jasminum sambac (L.) Aiton,"Banmallika, Chamba",OLEACEAE,"Banmallika, Chamba; Mallika,; Mogra",Ayurveda,,,Flower,Climber,AFSTU,,https://archive.bsi.gov.in/echoHerbarium-Details/en?link=CAL0000009585&column=szBarcode,BSI+NMPB,HIGH,False,979,520
PLANT-1180,Jasminum scandens Vahl,Hare lahara (Nepal),OLEACEAE,Hare lahara (Nepal),,,,,,,,https://archive.bsi.gov.in/echoHerbarium-Details/en?link=CAL0000009580&column=szBarcode,BSI,SOURCE_ONLY,False,980,
PLANT-1181,Jateorhiza palmata Miers,Kalamb-ki-jar,MENISPERMACEAE,Kalamb-ki-jar,,,,,,,,https://archive.bsi.gov.in/echoHerbarium-Details/en?link=CAL0000006536&column=szBarcode,BSI,SOURCE_ONLY,False,981,
PLANT-1182,Jatropha curcas L.,"Bagbherenda, Jangli-arandi",EUPHORBIACEAE,"Bagbherenda, Jangli-arandi; Nepalam seed",Ayurveda,,,"Bark (Stem),; Fruit (Seed),; Whole Plant",Shrub,AFHSU,,https://archive.bsi.gov.in/echoHerbarium-Details/en?link=CAL0000008823&column=szBarcode,BSI+NMPB,HIGH,False,982,521
PLANT-1183,Jatropha glandulifera Roxb.,"Janglie-randi, Undarbibi",EUPHORBIACEAE,"Janglie-randi, Undarbibi",,,,,,,,https://archive.bsi.gov.in/echoHerbarium-Details/en?link=CAL0000008830&column=szBarcode,BSI,SOURCE_ONLY,False,983,
PLANT-1184,Jatropha gossypifolia Roxb.,"Bherenda, Verenda",EUPHORBIACEAE,"Bherenda, Verenda",,,,,,,,https://archive.bsi.gov.in/echoHerbarium-Details/en?link=CAL0000008825&column=szBarcode,BSI,SOURCE_ONLY,False,984,
PLANT-1185,Jatropha multifida L.,Bhadradanti (Sans.),EUPHORBIACEAE,Bhadradanti (Sans.),,,,,,,,https://archive.bsi.gov.in/echoHerbarium-Details/en?link=CAL0000008827&column=szBarcode,BSI,SOURCE_ONLY,False,985,
PLANT-1186,Jatropha nana Dalzell & A.Gibson,Kirkundi (Mar.),EUPHORBIACEAE,Kirkundi (Mar.),,,,,,,,https://archive.bsi.gov.in/echoHerbarium-Details/en?link=CAL0000008829&column=szBarcode,BSI,SOURCE_ONLY,False,986,
PLANT-1187,Juglans regia L.,"Akhrot, Akrut (Trade)",JUGLANDACEAE,"Akhrot, Akrut (Trade); Akhrot; Aksoda",Ayurveda,,,"Bark (Stem),; Fruit (Seed)",Tree,AFHSTU,Aksoda,https://archive.bsi.gov.in/echoHerbarium-Details/en?link=CAL0000013381&column=szBarcode,BSI+NMPB,HIGH,False,987,522
PLANT-1188,Juncellus inundatus (Roxb.) C.B.Clarke,Pati,CYPERACEAE,Pati,,,,,,,,https://archive.bsi.gov.in/echoHerbarium-Details/en?link=CAL0000003242&column=szBarcode,BSI,SOURCE_ONLY,False,988,
PLANT-1189,Juncus effusus L.,Matting Rush (Eng.),JUNCACEAE,Matting Rush (Eng.),,,,,,,,https://archive.bsi.gov.in/echoHerbarium-Details/en?link=CAL0000013141&column=szBarcode,BSI,SOURCE_ONLY,False,989,
PLANT-1190,Juniperus communis L.,"Aaraar, Haubera",CUPRESSACEAE,"Aaraar, Haubera; Hauber; Hapusa",Ayurveda,,,Fruit,Tree,AHTUW,Hapusa,https://archive.bsi.gov.in/echoHerbarium-Details/en?link=CAL0000008581&column=szBarcode,BSI+NMPB,HIGH,False,990,523
PLANT-1191,Juniperus macropoda Boiss.,Hapusa,CUPRESSACEAE,Hapusa,Ayurveda,,,Mature Fruit,Tree,A,,,NMPB,SOURCE_ONLY,False,,524
PLANT-1192,Juniperus polycarpus C.Koch,Dhup,CUPRESSACEAE,Dhup,,,,,,,,https://archive.bsi.gov.in/echoHerbarium-Details/en?link=CAL0000009158&column=szBarcode,BSI,SOURCE_ONLY,False,991,
PLANT-1193,Juniperus recurva Buch.-Ham. ex D.Don,Chukboo (Sikkim),CUPRESSACEAE,Chukboo (Sikkim),,,,,,,,https://archive.bsi.gov.in/echoHerbarium-Details/en?link=CAL0000009159&column=szBarcode,BSI,SOURCE_ONLY,False,992,
PLANT-1194,Jurinea dolomiaea Boiss.,Dhoop Lakkad,ASTERACEAE,Dhoop Lakkad,,,,,,,,https://archive.bsi.gov.in/echoHerbarium-Details/en?link=CAL0000009356&column=szBarcode,BSI,SOURCE_ONLY,False,993,
PLANT-1195,Jurinea macrocephala DC.; [ = J. dolomiaea Boiss.],Dhoop,ASTERACEAE,Dhoop,Ayurveda,,,Root,Herb,AF,,,NMPB,SOURCE_ONLY,False,,525
PLANT-1196,Justicia adhatoda L.,Arusha,ACANTHACEAE,Arusha,,,,,,,,https://archive.bsi.gov.in/echoHerbarium-Details/en?link=CAL0000009062&column=szBarcode,BSI,SOURCE_ONLY,False,994,
PLANT-1197,Justicia betonica L.,Tellarantu (Tel.),ACANTHACEAE,Tellarantu (Tel.),,,,,,,,https://archive.bsi.gov.in/echoHerbarium-Details/en?link=CAL0000013321&column=szBarcode,BSI,SOURCE_ONLY,False,995,
PLANT-1198,Justicia gendarussa Burm.f.,"Udisanbhalu, Nilinargandi",ACANTHACEAE,"Udisanbhalu, Nilinargandi; Nilanirgundi",Ayurveda,,,"Leaf, Root",Shrub,AFSU,,https://archive.bsi.gov.in/echoHerbarium-Details/en?link=CAL0000009066&column=szBarcode,BSI+NMPB,HIGH,False,996,526
PLANT-1199,Justicia procumbens L.,Karambal (Mar.),ACANTHACEAE,Karambal (Mar.),,,,,,,,https://archive.bsi.gov.in/echoHerbarium-Details/en?link=CAL0000013319&column=szBarcode,BSI,SOURCE_ONLY,False,997,
PLANT-1200,Kaempferia galanga L.,"Kachora,; Narkachur,; Kapoor Kachri; No 1",ZINGIBERACEAE,"Kachora,; Narkachur,; Kapoor Kachri; No 1",Ayurveda,,,Root,Herb,AFS,,,NMPB,SOURCE_ONLY,False,,527
PLANT-1201,Kaempferia rotunda L.,Bhui-champa,ZINGIBERACEAE,Bhui-champa; Bhuichampa,Ayurveda,,,Root; (Rhizome),Herb,AFS,,https://archive.bsi.gov.in/echoHerbarium-Details/en?link=CAL0000003028&column=szBarcode,BSI+NMPB,HIGH,False,998,528
PLANT-1202,Kalanchoe integra (Medik.) Kuntze,"Haiza, Rungru",CRASSULACEAE,"Haiza, Rungru",,,,,,,,https://archive.bsi.gov.in/echoHerbarium-Details/en?link=CAL0000009438&column=szBarcode,BSI,SOURCE_ONLY,False,999,
PLANT-1203,Kalanchoe laciniata (L.) Pers.,Hamsagar,CRASSULACEAE,Hamsagar; Hemsagara,Ayurveda,,,Leaf,Herb,AS,,https://archive.bsi.gov.in/echoHerbarium-Details/en?link=CAL0000009437&column=szBarcode,BSI+NMPB,HIGH,False,1000,529
PLANT-1204,Kedrostis rostrata (Rottl.) Cogn.,Kukumadunda (Tel.),CUCURBITACEAE,Kukumadunda (Tel.); Arunkovai,,,,Whole Plant,Climber,FS,,https://archive.bsi.gov.in/echoHerbarium-Details/en?link=CAL0000009425&column=szBarcode,BSI+NMPB,HIGH,False,1001,530
PLANT-1205,Kendelia rheedii Wight & Arn.,Goria (Beng.),RHIZOPHORACEAE,Goria (Beng.),,,,,,,,https://archive.bsi.gov.in/echoHerbarium-Details/en?link=CAL0000009442&column=szBarcode,BSI,SOURCE_ONLY,False,1002,
PLANT-1206,Kickxia ramosissima (Wall.) Janch.,Bhintgalodi (Guj.),SCROPHULARIACEAE,Bhintgalodi (Guj.),,,,,,,,https://archive.bsi.gov.in/echoHerbarium-Details/en?link=CAL0000013273&column=szBarcode,BSI,SOURCE_ONLY,False,1003,
PLANT-1207,Kigelia pinnata (Jacq.) DC.,Common Sausage Tree (Eng.),BIGNONIACEAE,Common Sausage Tree (Eng.),,,,,,,,https://archive.bsi.gov.in/echoHerbarium-Details/en?link=CAL0000009134&column=szBarcode,BSI,SOURCE_ONLY,False,1004,
PLANT-1208,Kingiodendron pinnatum (Roxb. ex DC.) Harms.,Madayan samprani (Tam.),CAESALPINIACEAE,Madayan samprani (Tam.),,,,,,,,https://archive.bsi.gov.in/echoHerbarium-Details/en?link=CAL0000003288&column=szBarcode,BSI,SOURCE_ONLY,False,1005,
PLANT-1209,Kirganelia reticulata (Poir.) Baill.,"Panjuli, Makhi",EUPHORBIACEAE,"Panjuli, Makhi",,,,,,,,https://archive.bsi.gov.in/echoHerbarium-Details/en?link=CAL0000008809&column=szBarcode,BSI,SOURCE_ONLY,False,1006,
PLANT-1210,Kleinhovia hospita L.,Bola (Beng.),STERCULIACEAE,Bola (Beng.),,,,,,,,https://archive.bsi.gov.in/echoHerbarium-Details/en?link=CAL0000013940&column=szBarcode,BSI,SOURCE_ONLY,False,1007,
PLANT-1211,Knema angustifolia (Roxb.) Warb.,Mota-pasuti (Assam),MYRISTICACEAE,Mota-pasuti (Assam),,,,,,,,https://archive.bsi.gov.in/echoHerbarium-Details/en?link=CAL0000008537&column=szBarcode,BSI,SOURCE_ONLY,False,1008,
PLANT-1212,Kochia indica Wight,Kaura-ro (Punjab),CHENOPODIACEAE,Kaura-ro (Punjab),,,,,,,,https://archive.bsi.gov.in/echoHerbarium-Details/en?link=CAL0000013365&column=szBarcode,BSI,SOURCE_ONLY,False,1009,
PLANT-1213,Kochia scoparia (L.) Schrad.,Ti Fu (Chinese),CHENOPODIACEAE,Ti Fu (Chinese),,,,,,,,https://archive.bsi.gov.in/echoHerbarium-Details/en?link=CAL0000013367&column=szBarcode,BSI,SOURCE_ONLY,False,1010,
PLANT-1214,Kokoona zeylanica Thwaites,Kokum (Ceylon),CELASTRACEAE,Kokum (Ceylon),,,,,,,,https://archive.bsi.gov.in/echoHerbarium-Details/en?link=CAL0000003367&column=szBarcode,BSI,SOURCE_ONLY,False,1011,
PLANT-1215,Krameria triandra Ruiz & Pav.,Ratanya (Malay),POLYGALACEAE,Ratanya (Malay),,,,,,,,https://archive.bsi.gov.in/echoHerbarium-Details/en?link=CAL0000013086&column=szBarcode,BSI,SOURCE_ONLY,False,1012,
PLANT-1216,Kydia calycina Roxb.,"Pula, Choupultea",MALVACEAE,"Pula, Choupultea",,,,,,,,https://archive.bsi.gov.in/echoHerbarium-Details/en?link=CAL0000013840&column=szBarcode,BSI,SOURCE_ONLY,False,1013,
PLANT-1217,Kyllinga brevifolia Rottb.,Nirbisi,CYPERACEAE,Nirbisi,,,,,,,,https://archive.bsi.gov.in/echoHerbarium-Details/en?link=CAL0000003237&column=szBarcode,BSI,SOURCE_ONLY,False,1014,
PLANT-1218,Kyllinga nemoralis (Forst.) Dandy ex Hutcins. & Dalziel,White water sedge (Eng.),CYPERACEAE,White water sedge (Eng.),,,,,,,,https://archive.bsi.gov.in/echoHerbarium-Details/en?link=CAL0000003238&column=szBarcode,BSI,SOURCE_ONLY,False,1015,
PLANT-1219,Lablab purpureus (L.) Sweet,"Bhatvas, Shimi",FABACEAE,"Bhatvas, Shimi",,,,,,,,https://archive.bsi.gov.in/echoHerbarium-Details/en?link=CAL0000003294&column=szBarcode,BSI,SOURCE_ONLY,False,1016,
PLANT-1220,Lactuca indica L.,Salad,ASTERACEAE,Salad,,,,,,,,https://archive.bsi.gov.in/echoHerbarium-Details/en?link=CAL0000009363&column=szBarcode,BSI,SOURCE_ONLY,False,1017,
PLANT-1221,Lactuca remotiflora DC.,Undirachakan (Mar.),ASTERACEAE,Undirachakan (Mar.),,,,,,,,https://archive.bsi.gov.in/echoHerbarium-Details/en?link=CAL0000009360&column=szBarcode,BSI,SOURCE_ONLY,False,1018,
PLANT-1222,Lactuca runcinata DC.,Undirachakan (Mar.),ASTERACEAE,Undirachakan (Mar.),,,,,,,,https://archive.bsi.gov.in/echoHerbarium-Details/en?link=CAL0000009364&column=szBarcode,BSI,SOURCE_ONLY,False,1019,
PLANT-1223,Lactuca sativa L.,"Kahu, Salad",ASTERACEAE,"Kahu, Salad",,,,,,,,https://archive.bsi.gov.in/echoHerbarium-Details/en?link=CAL0000009362&column=szBarcode,BSI,SOURCE_ONLY,False,1020,
PLANT-1224,Lactuca scariola L.,Kahu,ASTERACEAE,Kahu,,,,,,,,https://archive.bsi.gov.in/echoHerbarium-Details/en?link=CAL0000009361&column=szBarcode,BSI,SOURCE_ONLY,False,1021,
PLANT-1225,Lagenandra toxicaria Dalzell,Maravara tsjembu (Tam.),ARACEAE,Maravara tsjembu (Tam.),,,,,,,,https://archive.bsi.gov.in/echoHerbarium-Details/en?link=CAL0000002992&column=szBarcode,BSI,SOURCE_ONLY,False,1022,
PLANT-1226,Lagenaria siceraria (Molina) Standl.,"Kaddu, Lauki",CUCURBITACEAE,"Kaddu, Lauki; Bottlegourd; Tumbini",Ayurveda,,,"Fruit, Leaf",Climber,AFSTU,Tumbini,https://archive.bsi.gov.in/echoHerbarium-Details/en?link=CAL0000009410&column=szBarcode,BSI+NMPB,HIGH,False,1023,531
PLANT-1227,Lagerstroemia indica L.,"Pharash, Telingachina",LYTHRACEAE,"Pharash, Telingachina",,,,,,,,https://archive.bsi.gov.in/echoHerbarium-Details/en?link=CAL0000009444&column=szBarcode,BSI,SOURCE_ONLY,False,1024,
PLANT-1228,Lagerstroemia speciosa (L.) Pers.,Jarul,LYTHRACEAE,Jarul; Names,Ayurveda,,,Bark (Stem),Tree,AFTag **,Names,https://archive.bsi.gov.in/echoHerbarium-Details/en?link=CAL0000009443&column=szBarcode,BSI+NMPB,HIGH,False,1025,532
PLANT-1229,Lagotis glauca Gaertn.,Kutki; (Adulterant),SCROPHULARIACEAE,Kutki; (Adulterant),,,,Root,Herb,F,,,NMPB,SOURCE_ONLY,False,,533
PLANT-1230,Lallemantia royleana (Wall. ex Benth.) Benth.,"Gharei, Kashmalu",LAMIACEAE,"Gharei, Kashmalu; Tukhm; e-; Balanga",,,,Fruit (Seed),Herb,FU,,https://archive.bsi.gov.in/echoHerbarium-Details/en?link=CAL0000013217&column=szBarcode,BSI+NMPB,HIGH,False,1026,534
PLANT-1231,Laminaria saccharina Lam.,Sea belt (Eng.),PHAEOPHYCEAE,Sea belt (Eng.),,,,,,,,https://archive.bsi.gov.in/echoHerbarium-Details/en?link=CAL0000008572&column=szBarcode,BSI,SOURCE_ONLY,False,1027,
PLANT-1232,Lamium album L.,White Deadnettle (Eng.),LAMIACEAE,White Deadnettle (Eng.),,,,,,,,https://archive.bsi.gov.in/echoHerbarium-Details/en?link=CAL0000008645&column=szBarcode,BSI,SOURCE_ONLY,False,1028,
PLANT-1233,Lamium amplexicaule L.,Henbit (Eng.),LAMIACEAE,Henbit (Eng.),,,,,,,,https://archive.bsi.gov.in/echoHerbarium-Details/en?link=CAL0000008646&column=szBarcode,BSI,SOURCE_ONLY,False,1029,
PLANT-1234,Lamprachaenium microcephalum Benth.,Brahma-dandi (Bombay),ASTERACEAE,Brahma-dandi (Bombay),,,,,,,,https://archive.bsi.gov.in/echoHerbarium-Details/en?link=CAL0000009316&column=szBarcode,BSI,SOURCE_ONLY,False,1030,
PLANT-1235,Lannea coromandelica (Houtt.) Merr.,"Jhingan, Kaimil",ASTERACEAE,"Jhingan, Kaimil; Jingini",Ayurveda,,,Bark (Stem),Tree,AF,,https://archive.bsi.gov.in/echoHerbarium-Details/en?link=CAL0000003380&column=szBarcode,BSI+NMPB,HIGH,False,1031,535
PLANT-1236,Lantana camara L.,Lantana,VERBENACEAE,Lantana,Ayurveda,,,Leaf,Shrub,A,,,NMPB,SOURCE_ONLY,False,,536
PLANT-1237,Lasia spinosa (L.) Thwaites,Kanta kachu (Beng.),ARACEAE,Kanta kachu (Beng.),,,,,,,,https://archive.bsi.gov.in/echoHerbarium-Details/en?link=CAL0000013134&column=szBarcode,BSI,SOURCE_ONLY,False,1032,
PLANT-1238,Lathyrus aphaca L.,Janglimatar,FABACEAE,Janglimatar,,,,,,,,https://archive.bsi.gov.in/echoHerbarium-Details/en?link=CAL0000003326&column=szBarcode,BSI,SOURCE_ONLY,False,1033,
PLANT-1239,Lathyrus odoratus L.,Sweet Pea (Eng.),FABACEAE,Sweet Pea (Eng.),,,,,,,,https://archive.bsi.gov.in/echoHerbarium-Details/en?link=CAL0000003322&column=szBarcode,BSI,SOURCE_ONLY,False,1034,
PLANT-1240,Lathyrus pratensis L.,Meadow vetchling (Eng.),FABACEAE,Meadow vetchling (Eng.),,,,,,,,https://archive.bsi.gov.in/echoHerbarium-Details/en?link=CAL0000003325&column=szBarcode,BSI,SOURCE_ONLY,False,1035,
PLANT-1241,Lathyrus sativus L.,"Khesari, Latri",FABACEAE,"Khesari, Latri; Lakh, Khesari",Ayurveda,,,Fruit (Seed),Climber,AHU,,https://archive.bsi.gov.in/echoHerbarium-Details/en?link=CAL0000003324&column=szBarcode,BSI+NMPB,HIGH,False,1036,537
PLANT-1242,Lathyrus sphaericus Retz.,Red grass pea (Eng.),FABACEAE,Red grass pea (Eng.),,,,,,,,https://archive.bsi.gov.in/echoHerbarium-Details/en?link=CAL0000003323&column=szBarcode,BSI,SOURCE_ONLY,False,1037,
PLANT-1243,Launaea asplenifolia (Willd.) Hook.f.,Titlia,ASTERACEAE,Titlia,,,,,,,,https://archive.bsi.gov.in/echoHerbarium-Details/en?link=CAL0000009359&column=szBarcode,BSI,SOURCE_ONLY,False,1038,
PLANT-1244,Launaea resedifolia (L.) Kuntze,Divided-leaved Sow Thistle (eng.),ASTERACEAE,Divided-leaved Sow Thistle (eng.),,,,,,,,https://archive.bsi.gov.in/echoHerbarium-Details/en?link=CAL0000009355&column=szBarcode,BSI,SOURCE_ONLY,False,1039,
PLANT-1245,Launaea sarmentosa (Willd.) Alston,Sagar pathari (Mar.),ASTERACEAE,Sagar pathari (Mar.),,,,,,,,https://archive.bsi.gov.in/echoHerbarium-Details/en?link=CAL0000009357&column=szBarcode,BSI,SOURCE_ONLY,False,1040,
PLANT-1246,Laurentia longiflora (L.) Endl.,Madam Fate (Eng.),CAMPANULACEAE,Madam Fate (Eng.),,,,,,,,https://archive.bsi.gov.in/echoHerbarium-Details/en?link=CAL0000009656&column=szBarcode,BSI,SOURCE_ONLY,False,1041,
PLANT-1247,Laurus nobilis L.,Hub-ul-ghar,LAURACEAE,Hub-ul-ghar,,,,Fruit,Tree,FU,,,NMPB,SOURCE_ONLY,False,,538
PLANT-1248,Lavandula bipinnata (Roth) Kuntze,"Sarpnocharo, Aasmanifalgoto (Guj.)",LAMIACEAE,"Sarpnocharo, Aasmanifalgoto (Guj.)",,,,,,,,https://archive.bsi.gov.in/echoHerbarium-Details/en?link=CAL0000008736&column=szBarcode,BSI,SOURCE_ONLY,False,1042,
PLANT-1249,Lavandula stoechas L.,Dharu,LAMIACEAE,Dharu; Ustakuthus,,,,Flower,Herb,U,,https://archive.bsi.gov.in/echoHerbarium-Details/en?link=CAL0000008738&column=szBarcode,BSI+NMPB,HIGH,False,1043,539
PLANT-1250,Lavandula vera DC.,True Lavender (Eng.),LAMIACEAE,True Lavender (Eng.),,,,,,,,https://archive.bsi.gov.in/echoHerbarium-Details/en?link=CAL0000008674&column=szBarcode,BSI,SOURCE_ONLY,False,1044,
PLANT-1251,Lawsonia inermis L.,Mehndi,LYTHRACEAE,"Mehndi; Henna,; Mehndi; Madaynati",Ayurveda,,,Leaf,Shrub,AFSTU,Madaynati,https://archive.bsi.gov.in/echoHerbarium-Details/en?link=CAL0000009446&column=szBarcode,BSI+NMPB,HIGH,False,1045,540
PLANT-1252,Leea aequata L.,Kakajangha,LEEACEAE,Kakajangha,,,,,,,,https://archive.bsi.gov.in/echoHerbarium-Details/en?link=CAL0000003390&column=szBarcode,BSI,SOURCE_ONLY,False,1046,
PLANT-1253,Leea crispa L.,Banchalita (Beng.),LEEACEAE,Banchalita (Beng.),,,,,,,,https://archive.bsi.gov.in/echoHerbarium-Details/en?link=CAL0000003391&column=szBarcode,BSI,SOURCE_ONLY,False,1047,
PLANT-1254,Leea indica (Burm.f.) Merr.,Kukur-jihwa,LEEACEAE,Kukur-jihwa,,,,,,,,https://archive.bsi.gov.in/echoHerbarium-Details/en?link=CAL0000003389&column=szBarcode,BSI,SOURCE_ONLY,False,1048,
PLANT-1255,Leea macrophylla Roxb. ex Hornem.,Dholsamudra,LEEACEAE,Dholsamudra,,,,,,,,https://archive.bsi.gov.in/echoHerbarium-Details/en?link=CAL0000003392&column=szBarcode,BSI,SOURCE_ONLY,False,1049,
PLANT-1256,Lens culinaris Medik.,"Masur, Masser",FABACEAE,"Masur, Masser",,,,,,,,https://archive.bsi.gov.in/echoHerbarium-Details/en?link=CAL0000003411&column=szBarcode,BSI,SOURCE_ONLY,False,1050,
PLANT-1257,Leonotis nepetaiefolia R.Br.,Hejurchei,LAMIACEAE,Hejurchei,,,,,,,,https://archive.bsi.gov.in/echoHerbarium-Details/en?link=CAL0000008727&column=szBarcode,BSI,SOURCE_ONLY,False,1051,
PLANT-1258,Leonurus cardiaca L.,Common Motherwort (Eng.),LAMIACEAE,Common Motherwort (Eng.),,,,,,,,https://archive.bsi.gov.in/echoHerbarium-Details/en?link=CAL0000008650&column=szBarcode,BSI,SOURCE_ONLY,False,1052,
PLANT-1259,Leonurus sibiricus L.,Halkusha,LAMIACEAE,Halkusha,,,,,,,,https://archive.bsi.gov.in/echoHerbarium-Details/en?link=CAL0000008648&column=szBarcode,BSI,SOURCE_ONLY,False,1053,
PLANT-1260,Lepidagathis cristata Willd.,Bhuiterada (Mar.),ACANTHACEAE,Bhuiterada (Mar.),,,,,,,,https://archive.bsi.gov.in/echoHerbarium-Details/en?link=CAL0000013327&column=szBarcode,BSI,SOURCE_ONLY,False,1054,
PLANT-1261,Lepidagathis hamiltoniana Wall.,Agnikhair (Mundari),ACANTHACEAE,Agnikhair (Mundari),,,,,,,,https://archive.bsi.gov.in/echoHerbarium-Details/en?link=CAL0000013325&column=szBarcode,BSI,SOURCE_ONLY,False,1055,
PLANT-1262,Lepidagathis incurva Buch.-Ham. ex D.Don,Vangvattur (Mizoram),ACANTHACEAE,Vangvattur (Mizoram),,,,,,,,https://archive.bsi.gov.in/echoHerbarium-Details/en?link=CAL0000013323&column=szBarcode,BSI,SOURCE_ONLY,False,1056,
PLANT-1263,Lepidagathis trinervis Nees,Harancharo (Guj.),ACANTHACEAE,Harancharo (Guj.),,,,,,,,https://archive.bsi.gov.in/echoHerbarium-Details/en?link=CAL0000013305&column=szBarcode,BSI,SOURCE_ONLY,False,1057,
PLANT-1264,Lepidium iberis L.,Safed towdri,BRASSICACEAE,Safed towdri,,,,,,,,https://archive.bsi.gov.in/echoHerbarium-Details/en?link=CAL0000013862&column=szBarcode,BSI,SOURCE_ONLY,False,1058,
PLANT-1265,Lepidium latifolium L.,Gonyuch (Ladhak),BRASSICACEAE,Gonyuch (Ladhak),,,,,,,,https://archive.bsi.gov.in/echoHerbarium-Details/en?link=CAL0000013866&column=szBarcode,BSI,SOURCE_ONLY,False,1059,
PLANT-1266,Lepidium sativum L.,"Halim, Harf",BRASSICACEAE,"Halim, Harf; Kurassaan; i, Halam; Candrasura",Ayurveda,,,"Leaf, Root,; Fruit (Seed)",Herb,AFSU,Candrasura,https://archive.bsi.gov.in/echoHerbarium-Details/en?link=CAL0000013867&column=szBarcode,BSI+NMPB,HIGH,False,1060,541
PLANT-1267,Leptadenia reticulata (Retz.) Wight & Arn.,Dodi,ASCLEPIADACEAE,Dodi; Jivanti,Ayurveda,,,"Root, Stem,; Whole Plant",Climber,AFST,,https://archive.bsi.gov.in/echoHerbarium-Details/en?link=CAL0000009477&column=szBarcode,BSI+NMPB,HIGH,False,1061,542
PLANT-1268,Leucaena glauca (L.) Benth.,Lasobaval (Guj.),MIMOSACEAE,Lasobaval (Guj.),,,,,,,,https://archive.bsi.gov.in/echoHerbarium-Details/en?link=CAL0000003460&column=szBarcode,BSI,SOURCE_ONLY,False,1062,
PLANT-1269,Leucas aspera (Willd.) Link,Safed Halkusa,LAMIACEAE,"Safed Halkusa; Dronpushpi,; Dharanpushpi; Dronapuspi",Ayurveda,,,"Root, Leaf,; Flower",Herb,AFHS,Dronapuspi,https://archive.bsi.gov.in/echoHerbarium-Details/en?link=CAL0000008725&column=szBarcode,BSI+NMPB,HIGH,False,1063,543
PLANT-1270,Leucas cephalotus (Roth.) Spreng.,"Dhurpi sag, Deldona",LAMIACEAE,"Dhurpi sag, Deldona",,,,,,,,https://archive.bsi.gov.in/echoHerbarium-Details/en?link=CAL0000013343&column=szBarcode,BSI,SOURCE_ONLY,False,1064,
PLANT-1271,Leucas lavandulifolia Sm.,"Guma, Halkusa",LAMIACEAE,"Guma, Halkusa",,,,,,,,https://archive.bsi.gov.in/echoHerbarium-Details/en?link=CAL0000008718&column=szBarcode,BSI,SOURCE_ONLY,False,1065,
PLANT-1272,Leucas stelligera Wall.,Barumbi (Mar.),LAMIACEAE,Barumbi (Mar.),,,,,,,,https://archive.bsi.gov.in/echoHerbarium-Details/en?link=CAL0000013345&column=szBarcode,BSI,SOURCE_ONLY,False,1066,
PLANT-1273,Leucas zeylanica R.Br.,Mudittumbei (Ceylon),LAMIACEAE,Mudittumbei (Ceylon),,,,,,,,https://archive.bsi.gov.in/echoHerbarium-Details/en?link=CAL0000008723&column=szBarcode,BSI,SOURCE_ONLY,False,1067,
PLANT-1274,Licuala spinosa Wurmb.,Jungli selai,ARECACEAE,Jungli selai,,,,,,,,https://archive.bsi.gov.in/echoHerbarium-Details/en?link=CAL0000002946&column=szBarcode,BSI,SOURCE_ONLY,False,1068,
PLANT-1275,Lilium giganteum Wall.,Jaunsar-Giotra,LILIACEAE,Jaunsar-Giotra,,,,,,,,https://archive.bsi.gov.in/echoHerbarium-Details/en?link=CAL0000002958&column=szBarcode,BSI,SOURCE_ONLY,False,1069,
PLANT-1276,Lilium martagon L.,Turk's Cap Lily (Eng.),LILIACEAE,Turk's Cap Lily (Eng.),,,,,,,,https://archive.bsi.gov.in/echoHerbarium-Details/en?link=CAL0000013138&column=szBarcode,BSI,SOURCE_ONLY,False,1070,
PLANT-1277,Lilium polyphyllum D.Don,Kakoli,LILIACEAE,Kakoli,Ayurveda,,,Root,Herb,A,Kakoli,,NMPB,SOURCE_ONLY,False,,544
PLANT-1278,Lilium tigrinum Ker Gawl.,Tiger Lily (Eng.),LILIACEAE,Tiger Lily (Eng.),,,,,,,,https://archive.bsi.gov.in/echoHerbarium-Details/en?link=CAL0000013137&column=szBarcode,BSI,SOURCE_ONLY,False,1071,
PLANT-1279,Lilium wallichianum Schult.f.,Findora,LILIACEAE,Findora,,,,,,,,https://archive.bsi.gov.in/echoHerbarium-Details/en?link=CAL0000013139&column=szBarcode,BSI,SOURCE_ONLY,False,1072,
PLANT-1280,Limnophila aromatica (Lam.) Merr.,Kuttra,SCROPHULARIACEAE,Kuttra,,,,,,,,https://archive.bsi.gov.in/echoHerbarium-Details/en?link=CAL0000013258&column=szBarcode,BSI,SOURCE_ONLY,False,1073,
PLANT-1281,Limnophila indica (L.) Druce,Kuttra,SCROPHULARIACEAE,Kuttra,,,,,,,,https://archive.bsi.gov.in/echoHerbarium-Details/en?link=CAL0000013264&column=szBarcode,BSI,SOURCE_ONLY,False,1074,
PLANT-1282,Limnophila rugosa (Roth) Merr.,Kala karpur (Beng.),SCROPHULARIACEAE,Kala karpur (Beng.),,,,,,,,https://archive.bsi.gov.in/echoHerbarium-Details/en?link=CAL0000013257&column=szBarcode,BSI,SOURCE_ONLY,False,1075,
PLANT-1283,Limonia acidissima L.,"Kavat, Kadbel (Beng.)",RUTACEAE,"Kavat, Kadbel (Beng.); Wood apple; Kapittha",Ayurveda,,,"Fruit,; Whole Plant",Tree,AFSU,Kapittha,https://archive.bsi.gov.in/echoHerbarium-Details/en?link=CAL0000013490&column=szBarcode,BSI+NMPB,HIGH,False,1076,545
PLANT-1284,Lindera caudata Benth.,Dieng-soh-orthai-dieng-brau-salu(Khasi Hills),LAURACEAE,Dieng-soh-orthai-dieng-brau-salu(Khasi Hills),,,,,,,,https://archive.bsi.gov.in/echoHerbarium-Details/en?link=CAL0000009149&column=szBarcode,BSI,SOURCE_ONLY,False,1077,
PLANT-1285,Lindera neesiana (Nees) Kurz,Siltimur (Nepal),LAURACEAE,Siltimur (Nepal),,,,,,,,https://archive.bsi.gov.in/echoHerbarium-Details/en?link=CAL0000009151&column=szBarcode,BSI,SOURCE_ONLY,False,1078,
PLANT-1286,Linderbergia indica (L.) Vatke,Haldi basanto (Beng.),SCROPHULARIACEAE,Haldi basanto (Beng.),,,,,,,,https://archive.bsi.gov.in/echoHerbarium-Details/en?link=CAL0000013266&column=szBarcode,BSI,SOURCE_ONLY,False,1079,
PLANT-1287,Lindernia anagallis (Burm.f.) Pennell,Gadagvel (Mar.),SCROPHULARIACEAE,Gadagvel (Mar.),,,,,,,,https://archive.bsi.gov.in/echoHerbarium-Details/en?link=CAL0000008762&column=szBarcode,BSI,SOURCE_ONLY,False,1080,
PLANT-1288,Lindernia crustacea (L.) F.Muell.,Malaysian false pimpernel (Eng.),SCROPHULARIACEAE,Malaysian false pimpernel (Eng.),,,,,,,,https://archive.bsi.gov.in/echoHerbarium-Details/en?link=CAL0000008769&column=szBarcode,BSI,SOURCE_ONLY,False,1081,
PLANT-1289,Lindernia oppositifolia (Retz.) Mukerjee,Hendegel ba (Mundari),SCROPHULARIACEAE,Hendegel ba (Mundari),,,,,,,,https://archive.bsi.gov.in/echoHerbarium-Details/en?link=CAL0000008767&column=szBarcode,BSI,SOURCE_ONLY,False,1082,
PLANT-1290,Lindernia procumbens (Krock.) Philcox,Vakapushpi (Mar.),SCROPHULARIACEAE,Vakapushpi (Mar.),,,,,,,,https://archive.bsi.gov.in/echoHerbarium-Details/en?link=CAL0000008764&column=szBarcode,BSI,SOURCE_ONLY,False,1083,
PLANT-1291,Lindernia ruelloides (Colsm.) Mukherjee,Sam-tham-lang (Garo),SCROPHULARIACEAE,Sam-tham-lang (Garo),,,,,,,,https://archive.bsi.gov.in/echoHerbarium-Details/en?link=CAL0000008766&column=szBarcode,BSI,SOURCE_ONLY,False,1084,
PLANT-1292,Linum usitatissimum L.,"Tisi, Alsi",LINACEAE,"Tisi, Alsi; Alsi; Atasi",Ayurveda,,,Fruit (Seed),Herb,AFHSTUW,Atasi,https://archive.bsi.gov.in/echoHerbarium-Details/en?link=CAL0000013824&column=szBarcode,BSI+NMPB,HIGH,False,1085,546
PLANT-1293,Liriodendron tulipifera L.,Yellow popler (Eng.),MAGNOLIACEAE,Yellow popler (Eng.),,,,,,,,https://archive.bsi.gov.in/echoHerbarium-Details/en?link=CAL0000013910&column=szBarcode,BSI,SOURCE_ONLY,False,1086,
PLANT-1294,Litchi chinensis Sonn.,Lichi,SAPINDACEAE,Lichi,,,,,,,,https://archive.bsi.gov.in/echoHerbarium-Details/en?link=CAL0000003386&column=szBarcode,BSI,SOURCE_ONLY,False,1087,
PLANT-1295,Lithospermum arvensis L.,Corn Gromwell,BORAGINACEAE,Corn Gromwell,,,,,,,,https://archive.bsi.gov.in/echoHerbarium-Details/en?link=CAL0000009140&column=szBarcode,BSI,SOURCE_ONLY,False,1088,
PLANT-1296,Lithospermum officinale L.,Gromwell,BORAGINACEAE,Gromwell,,,,,,,,https://archive.bsi.gov.in/echoHerbarium-Details/en?link=CAL0000009139&column=szBarcode,BSI,SOURCE_ONLY,False,1089,
PLANT-1297,Litsea cubeba (Lour.) Pers.,Mejankeri (Assam),LAURACEAE,Mejankeri (Assam),,,,,,,,https://archive.bsi.gov.in/echoHerbarium-Details/en?link=CAL0000009157&column=szBarcode,BSI,SOURCE_ONLY,False,1090,
PLANT-1298,Litsea glutinosa (Lour.) C.B.Rob.; [ = L. chinensis Lam.],"Menda Lakadi,; Naramamidi,; Maidachal",LAURACEAE,"Menda Lakadi,; Naramamidi,; Maidachal; Medasakah",Ayurveda,,,"Leaf, Bark; (Stem)",Tree,AFS,Medasakah,,NMPB,SOURCE_ONLY,False,,547
PLANT-1299,Litsea lancifolia Hook.f.,Kali Pahenle (Nepal),LAURACEAE,Kali Pahenle (Nepal),,,,,,,,https://archive.bsi.gov.in/echoHerbarium-Details/en?link=CAL0000009148&column=szBarcode,BSI,SOURCE_ONLY,False,1091,
PLANT-1300,Litsea monopetala (Roxb.) Pers.,"Meda, Katmarra",LAURACEAE,"Meda, Katmarra",,,,,,,,https://archive.bsi.gov.in/echoHerbarium-Details/en?link=CAL0000009147&column=szBarcode,BSI,SOURCE_ONLY,False,1092,
PLANT-1301,Litsea stocksii Hook.f.,"Pisi, Posha (Mar.)",LAURACEAE,"Pisi, Posha (Mar.)",,,,,,,,https://archive.bsi.gov.in/echoHerbarium-Details/en?link=CAL0000009156&column=szBarcode,BSI,SOURCE_ONLY,False,1093,
PLANT-1302,Lobelia inflata L.,Puke weed (Eng.),LOBELIACEAE,Puke weed (Eng.),,,,,,,,https://archive.bsi.gov.in/echoHerbarium-Details/en?link=CAL0000009655&column=szBarcode,BSI,SOURCE_ONLY,False,1094,
PLANT-1303,Lobelia leschenaultiana (Presl.) Skottsh.,Kadu hogesoppu (Kan.),LOBELIACEAE,Kadu hogesoppu (Kan.),,,,,,,,https://archive.bsi.gov.in/echoHerbarium-Details/en?link=CAL0000009540&column=szBarcode,BSI,SOURCE_ONLY,False,1095,
PLANT-1304,Lobelia nicotianaefolia Roth ex,Lobelia leaves,LOBELIACEAE,Lobelia leaves,Ayurveda,,,Leaf,Shrub,AFS,,,NMPB,SOURCE_ONLY,False,,548
PLANT-1305,Lobelia nicotianifolia Roth ex Roem. & Schult.,"Nala, Narasala",LOBELIACEAE,"Nala, Narasala",,,,,,,,https://archive.bsi.gov.in/echoHerbarium-Details/en?link=CAL0000009534&column=szBarcode,BSI,SOURCE_ONLY,False,1096,
PLANT-1306,Lobelia pyramidalis Wall.,Berawchal (Lushai),LOBELIACEAE,Berawchal (Lushai),,,,,,,,https://archive.bsi.gov.in/echoHerbarium-Details/en?link=CAL0000009526&column=szBarcode,BSI,SOURCE_ONLY,False,1097,
PLANT-1307,Lodoicea maldivica (J.F.Gmel.),Dariai narial,ARECACEAE,Dariai narial; Aklari,Ayurveda,,,Fruit,Tree,AFU,Aklari,,NMPB,SOURCE_ONLY,False,,549
PLANT-1308,Lolium temulentum L.,Mochni,POACEAE,Mochni,,,,,,,,https://archive.bsi.gov.in/echoHerbarium-Details/en?link=CAL0000013132&column=szBarcode,BSI,SOURCE_ONLY,False,1098,
PLANT-1309,Lonicera japonica Thunb.,Leihruisen (Lushai),CAPRIFOLIACEAE,Leihruisen (Lushai),,,,,,,,https://archive.bsi.gov.in/echoHerbarium-Details/en?link=CAL0000013192&column=szBarcode,BSI,SOURCE_ONLY,False,1099,
PLANT-1310,Lonicera periclymenum L.,Woodbine Honeysuckle (Eng.),CAPRIFOLIACEAE,Woodbine Honeysuckle (Eng.),,,,,,,,https://archive.bsi.gov.in/echoHerbarium-Details/en?link=CAL0000013191&column=szBarcode,BSI,SOURCE_ONLY,False,1100,
PLANT-1311,Lonicera semenovii Regel.,"Shea, Sheva",CAPRIFOLIACEAE,"Shea, Sheva",,,,,,,,https://archive.bsi.gov.in/echoHerbarium-Details/en?link=CAL0000009653&column=szBarcode,BSI,SOURCE_ONLY,False,1101,
PLANT-1312,Loxococcus rupicola Wendl. & Drude,Dothalu (Tam.),ARECACEAE,Dothalu (Tam.),,,,,,,,https://archive.bsi.gov.in/echoHerbarium-Details/en?link=CAL0000002951&column=szBarcode,BSI,SOURCE_ONLY,False,1102,
PLANT-1313,Ludwigia adscendens (L.) Hara,Kesara-dam,ONAGRACEAE,Kesara-dam,,,,,,,,https://archive.bsi.gov.in/echoHerbarium-Details/en?link=CAL0000009432&column=szBarcode,BSI,SOURCE_ONLY,False,1103,
PLANT-1314,Ludwigia octovalvis (Jacq.) P.H.Raven,Banlunga,ONAGRACEAE,Banlunga,,,,,,,,https://archive.bsi.gov.in/echoHerbarium-Details/en?link=CAL0000009434&column=szBarcode,BSI,SOURCE_ONLY,False,1104,
PLANT-1315,Ludwigia perennis L.,"Sukuri pota, Gara sirgiti (Mundari)",ONAGRACEAE,"Sukuri pota, Gara sirgiti (Mundari)",,,,,,,,https://archive.bsi.gov.in/echoHerbarium-Details/en?link=CAL0000009435&column=szBarcode,BSI,SOURCE_ONLY,False,1105,
PLANT-1316,Ludwigia prostrata Roxb.,Huring Rangaini (Mundari),ONAGRACEAE,Huring Rangaini (Mundari),,,,,,,,https://archive.bsi.gov.in/echoHerbarium-Details/en?link=CAL0000009433&column=szBarcode,BSI,SOURCE_ONLY,False,1106,
PLANT-1317,Luffa acutangula (L.) Roxb.,"Kali tori, Jhinga tori",CUCURBITACEAE,"Kali tori, Jhinga tori; Tori; Kosataki; Names",Ayurveda,,,"Leaf, Fruit; (Fruit, Seed)",Climber,AFHSTUTag **,Kosataki; Names,https://archive.bsi.gov.in/echoHerbarium-Details/en?link=CAL0000009413&column=szBarcode,BSI+NMPB,HIGH,False,1107,550
PLANT-1318,Luffa aegyptiaca Mill.,Ghia- tori,CUCURBITACEAE,Ghia- tori,Ayurveda,,,Fruit,Climber,AFU,,,NMPB,SOURCE_ONLY,False,,551
PLANT-1319,Luffa cylindrica(L.) M.Roem.,Ghiya tori,CUCURBITACEAE,Ghiya tori,,,,,,,,https://archive.bsi.gov.in/echoHerbarium-Details/en?link=CAL0000009411&column=szBarcode,BSI,SOURCE_ONLY,False,1108,
PLANT-1320,Luffa echinata Roxb.,Bindal,CUCURBITACEAE,Bindal; Loofah,Ayurveda,,,Fruit (Seed),Climber,AFHST,,https://archive.bsi.gov.in/echoHerbarium-Details/en?link=CAL0000009415&column=szBarcode,BSI+NMPB,HIGH,False,1109,552
PLANT-1321,Luisia tenuifolia Blume,Amb-keli (Marathi),CUCURBITACEAE,Amb-keli (Marathi),,,,,,,,https://archive.bsi.gov.in/echoHerbarium-Details/en?link=CAL0000002974&column=szBarcode,BSI,SOURCE_ONLY,False,1110,
PLANT-1322,Lumnitzera racemosa Willd.,Kripa (Beng.),COMBRETACEAE,Kripa (Beng.),,,,,,,,https://archive.bsi.gov.in/echoHerbarium-Details/en?link=CAL0000009553&column=szBarcode,BSI,SOURCE_ONLY,False,1111,
PLANT-1323,Lupinus albus L.,Turmas,FABACEAE,Turmas,,,,,,,,https://archive.bsi.gov.in/echoHerbarium-Details/en?link=CAL0000013062&column=szBarcode,BSI,SOURCE_ONLY,False,1112,
PLANT-1324,Lupinus angustifolius L.,Blue Lupine (Eng.),FABACEAE,Blue Lupine (Eng.),,,,,,,,https://archive.bsi.gov.in/echoHerbarium-Details/en?link=CAL0000003293&column=szBarcode,BSI,SOURCE_ONLY,False,1113,
PLANT-1325,Lupinus luteus L.,Yellow Lupine (Eng.),FABACEAE,Yellow Lupine (Eng.),,,,,,,,https://archive.bsi.gov.in/echoHerbarium-Details/en?link=CAL0000003292&column=szBarcode,BSI,SOURCE_ONLY,False,1114,
PLANT-1326,Luvunga scandens (Roxb.) Buch.-Ham. ex Wight,Kakoli (Sans.),RUTACEAE,Kakoli (Sans.); Sugandh-; kokila,Ayurveda,,,Fruit,Shrub,A,,https://archive.bsi.gov.in/echoHerbarium-Details/en?link=CAL0000009830&column=szBarcode,BSI+NMPB,HIGH,False,1115,553
PLANT-1327,Lychnis coronaria (L.) Desr.,Rose Campion (Eng.),CARYOPHYLLACEAE,Rose Campion (Eng.),,,,,,,,https://archive.bsi.gov.in/echoHerbarium-Details/en?link=CAL0000013964&column=szBarcode,BSI,SOURCE_ONLY,False,1116,
PLANT-1328,Lycium barbarum L.,Gangro (Mar.),SOLANACEAE,Gangro (Mar.),,,,,,,,https://archive.bsi.gov.in/echoHerbarium-Details/en?link=CAL0000009185&column=szBarcode,BSI,SOURCE_ONLY,False,1117,
PLANT-1329,Lycopodium cernuum L.,Kangrem (Lushai),LYCOPODIACEAE,Kangrem (Lushai),,,,,,,,https://archive.bsi.gov.in/echoHerbarium-Details/en?link=CAL0000008562&column=szBarcode,BSI,SOURCE_ONLY,False,1118,
PLANT-1330,Lycopodium clavatum L.,Bendarli (Mar.),LYCOPODIACEAE,Bendarli (Mar.); Foxtail,,,,Whole Plant,Herb,FH,,https://archive.bsi.gov.in/echoHerbarium-Details/en?link=CAL0000008564&column=szBarcode,BSI+NMPB,HIGH,False,1119,554
PLANT-1331,Lycopus europaeus L.,"Jalnim, Gandamgundu (Kashmir & Punjab)",LAMIACEAE,"Jalnim, Gandamgundu (Kashmir & Punjab)",,,,,,,,https://archive.bsi.gov.in/echoHerbarium-Details/en?link=CAL0000008706&column=szBarcode,BSI,SOURCE_ONLY,False,1120,
PLANT-1332,Lygodium flexuosum (L.) Sw.,Bhut-raj (Beng.),LYGODIACEAE,Bhut-raj (Beng.); Tsjeru-Valli-; Panna,,,,"Spores, Root",Climber,F,,https://archive.bsi.gov.in/echoHerbarium-Details/en?link=CAL0000008554&column=szBarcode,BSI+NMPB,HIGH,False,1121,555
PLANT-1333,Lygodium japonicum (Thunb.) Sw.,Japanese climbing fern (Eng.),LYGODIACEAE,Japanese climbing fern (Eng.),,,,,,,,https://archive.bsi.gov.in/echoHerbarium-Details/en?link=CAL0000008551&column=szBarcode,BSI,SOURCE_ONLY,False,1122,
PLANT-1334,Lygodium microphyllum (Cav.) R.Br.,Curalvallipanna (Mal.),LYGODIACEAE,Curalvallipanna (Mal.),,,,,,,,https://archive.bsi.gov.in/echoHerbarium-Details/en?link=CAL0000008552&column=szBarcode,BSI,SOURCE_ONLY,False,1123,
PLANT-1335,Lyonia ovalifolia (Wall.) Drude,Angeri (Nepali),LYGODIACEAE,Angeri (Nepali),,,,,,,,https://archive.bsi.gov.in/echoHerbarium-Details/en?link=CAL0000013546&column=szBarcode,BSI,SOURCE_ONLY,False,1124,
PLANT-1336,Macaranga denticulata (Blume) Muell.-Arg.,Burna (Beng.),PROTEACEAE,Burna (Beng.),,,,,,,,https://archive.bsi.gov.in/echoHerbarium-Details/en?link=CAL0000008770&column=szBarcode,BSI,SOURCE_ONLY,False,1125,
PLANT-1337,Macaranga indica Wight,Uppila (Mal.),EUPHORBIACEAE,Uppila (Mal.),,,,,,,,https://archive.bsi.gov.in/echoHerbarium-Details/en?link=CAL0000008772&column=szBarcode,BSI,SOURCE_ONLY,False,1126,
PLANT-1338,Macaranga peltata (Roxb.) Muell.-Arg.,Chanda (Mar.),EUPHORBIACEAE,Chanda (Mar.),,,,,,,,https://archive.bsi.gov.in/echoHerbarium-Details/en?link=CAL0000008774&column=szBarcode,BSI,SOURCE_ONLY,False,1127,
PLANT-1339,Madhuca butyracea (Roxb.) J.F.Macbr.,Phulvara,MORACEAE,Phulvara,,,,,,,,https://archive.bsi.gov.in/echoHerbarium-Details/en?link=CAL0000013553&column=szBarcode,BSI,SOURCE_ONLY,False,1128,
PLANT-1340,Madhuca indica J.F.Gmel.; [ = Bassia latifolia Roxb.],Madhuka,SAPOTACEAE,Madhuka,Ayurveda,,,Flower,Tree,AFST,Madhuka,,NMPB,SOURCE_ONLY,False,,556
PLANT-1341,Madhuca longifolia (Koen.) Macbride,South Indian Mahua (Eng.),SAPOTACEAE,South Indian Mahua (Eng.); Mahua phool,Ayurveda,,,"Flower,; Wood; (Heartwood),; Fruit; (Seed/Kernel",Tree,AFS,,https://archive.bsi.gov.in/echoHerbarium-Details/en?link=CAL0000013556&column=szBarcode,BSI+NMPB,HIGH,False,1129,557
PLANT-1342,Magnolia grandifolia L.,"Andachampa, Him champa",CAPPARACEAE,"Andachampa, Him champa",,,,,,,,https://archive.bsi.gov.in/echoHerbarium-Details/en?link=CAL0000013909&column=szBarcode,BSI,SOURCE_ONLY,False,1130,
PLANT-1343,Mahonia borealis Takeda,Pualeng (Lushai),BERBERIDACEAE,Pualeng (Lushai),,,,,,,,https://archive.bsi.gov.in/echoHerbarium-Details/en?link=CAL0000003780&column=szBarcode,BSI,SOURCE_ONLY,False,1131,
PLANT-1344,Mahonia leschenaultia (Wall. ex,Daruharidra,BERBERIDACEAE,Daruharidra,,,,Root,Shrub,F,,,NMPB,SOURCE_ONLY,False,,558
PLANT-1345,Mahonia sikkimensis Takeda,Chatri (Nepal),BERBERIDACEAE,Chatri (Nepal),,,,,,,,https://archive.bsi.gov.in/echoHerbarium-Details/en?link=CAL0000004776&column=szBarcode,BSI,SOURCE_ONLY,False,1132,
PLANT-1346,Majorana hortensis Moench.,Murwa,BERBERIDACEAE,Murwa,,,,,,,,https://archive.bsi.gov.in/echoHerbarium-Details/en?link=CAL0000008709&column=szBarcode,BSI,SOURCE_ONLY,False,1133,
PLANT-1347,Malachra capitata L.,Banbhindi (Beng.),LAMIACEAE,Banbhindi (Beng.),,,,,,,,https://archive.bsi.gov.in/echoHerbarium-Details/en?link=CAL0000013839&column=szBarcode,BSI,SOURCE_ONLY,False,1134,
PLANT-1348,Malaxis acuminata D.Don,Jivak,ORCHIDACEAE,Jivak; Jivakah,Ayurveda,,,Root,Herb,A,Jivakah,,NMPB,SOURCE_ONLY,False,,559
PLANT-1349,Malaxis muscifera (Lindl.) Kuntze,Rsabhakah,ORCHIDACEAE,Rsabhakah,Ayurveda,,,Root (Tuber),Herb,A,,,NMPB,SOURCE_ONLY,False,,560
PLANT-1350,Mallotus philippensis (Lam.) Muell.Arg.,"Kamala, Sindur",EUPHORBIACEAE,"Kamala, Sindur; Kameela; Kampilla",Ayurveda,,,Fruit (Glands),Tree,AFHSU,Kampilla,https://archive.bsi.gov.in/echoHerbarium-Details/en?link=CAL0000008801&column=szBarcode,BSI+NMPB,HIGH,False,1135,561
PLANT-1351,Malpighia glabra L.,Barbados Cherry (Eng.),MALPIGHIACEAE,Barbados Cherry (Eng.),,,,,,,,https://archive.bsi.gov.in/echoHerbarium-Details/en?link=CAL0000013820&column=szBarcode,BSI,SOURCE_ONLY,False,1136,
PLANT-1352,Malpighia punicifolia L.,Vallari (Tel.),MALPIGHIACEAE,Vallari (Tel.),,,,,,,,https://archive.bsi.gov.in/echoHerbarium-Details/en?link=CAL0000013818&column=szBarcode,BSI,SOURCE_ONLY,False,1137,
PLANT-1353,Malus pumila Mill.,"Seb, Sev",MALPIGHIACEAE,"Seb, Sev",,,,,,,,https://archive.bsi.gov.in/echoHerbarium-Details/en?link=CAL0000013075&column=szBarcode,BSI,SOURCE_ONLY,False,1138,
PLANT-1354,Malus sylvestris Mill.,"Gulkhair, Kunzi",ROSACEAE,"Gulkhair, Kunzi",,,,,,,,https://archive.bsi.gov.in/echoHerbarium-Details/en?link=CAL0000009639&column=szBarcode,BSI,SOURCE_ONLY,False,1139,
PLANT-1355,Malva parvifolia L.,Panirak,ROSACEAE,Panirak,,,,,,,,https://archive.bsi.gov.in/echoHerbarium-Details/en?link=CAL0000013831&column=szBarcode,BSI,SOURCE_ONLY,False,1140,
PLANT-1356,Malva rotundifolia L.,Khubasi,MALVACEAE,Khubasi,,,,,,,,https://archive.bsi.gov.in/echoHerbarium-Details/en?link=CAL0000013830&column=szBarcode,BSI,SOURCE_ONLY,False,1141,
PLANT-1357,Malva sylvestris L.,"Gulkhair, Kunzi",MALVACEAE,"Gulkhair, Kunzi; Khawaj; i,; Khubaj",,,,Fruit,Herb,FU,,https://archive.bsi.gov.in/echoHerbarium-Details/en?link=CAL0000013829&column=szBarcode,BSI+NMPB,HIGH,False,1142,562
PLANT-1358,Malva verticillata L.,"Lapha, Napha (Beng.)",MALVACEAE,"Lapha, Napha (Beng.)",,,,,,,,https://archive.bsi.gov.in/echoHerbarium-Details/en?link=CAL0000013832&column=szBarcode,BSI,SOURCE_ONLY,False,1143,
PLANT-1359,Malvastrum coromandelianum (L.) Garcke,"Kharenti, Chandiri (Mar.)",MALVACEAE,"Kharenti, Chandiri (Mar.)",,,,,,,,https://archive.bsi.gov.in/echoHerbarium-Details/en?link=CAL0000013827&column=szBarcode,BSI,SOURCE_ONLY,False,1144,
PLANT-1360,Mammea suriga (Buch.-Ham.,Nagakesr(subs.; i; ),CLUSIACEAE,Nagakesr(subs.; i; ),Ayurveda,,,Flower,Tree,AF,,,NMPB,SOURCE_ONLY,False,,563
PLANT-1361,Mandragora officinarum L.,Luckmuna (Hindi),CLUSIACEAE,Luckmuna (Hindi),,,,,,,,https://archive.bsi.gov.in/echoHerbarium-Details/en?link=CAL0000009138&column=szBarcode,BSI,SOURCE_ONLY,False,1145,
PLANT-1362,Mangifera indica L.,"Am, Amb",ANACARDIACEAE,"Am, Amb; Aamba; Amra",Ayurveda,,,Fruit,Tree,AFHSTU,Amra,https://archive.bsi.gov.in/echoHerbarium-Details/en?link=CAL0000003452&column=szBarcode,BSI+NMPB,HIGH,False,1146,564
PLANT-1363,Manihot esculenta Crantz.,Karrapendalamu (Tel.),EUPHORBIACEAE,Karrapendalamu (Tel.),,,,,,,,https://archive.bsi.gov.in/echoHerbarium-Details/en?link=CAL0000008806&column=szBarcode,BSI,SOURCE_ONLY,False,1147,
PLANT-1364,Manilkara hexandra (Roxb.) Dubard,Khirni,EUPHORBIACEAE,Khirni,,,,,,,,https://archive.bsi.gov.in/echoHerbarium-Details/en?link=CAL0000013538&column=szBarcode,BSI,SOURCE_ONLY,False,1148,
PLANT-1365,Manilkara kauki (L.) Dubard,Khirni,SAPOTACEAE,Khirni,,,,,,,,https://archive.bsi.gov.in/echoHerbarium-Details/en?link=CAL0000013536&column=szBarcode,BSI,SOURCE_ONLY,False,1149,
PLANT-1366,Mappia foetida (Wight) Miers; [ = Nothapodytes nimmoniana,Ghanera,ICACINACEAE,Ghanera,,,,Root,Tree,W,,,NMPB,SOURCE_ONLY,False,,565
PLANT-1367,Maranta arundinacea L.,Citalapattiri,MARANTACEAE,Citalapattiri,Ayurveda,,,Root,Herb,AFS,,,NMPB,SOURCE_ONLY,False,,566
PLANT-1368,Marrubium vulgare L.,Paharigandana,MARANTACEAE,Paharigandana,,,,,,,,https://archive.bsi.gov.in/echoHerbarium-Details/en?link=CAL0000013213&column=szBarcode,BSI,SOURCE_ONLY,False,1150,
PLANT-1369,Marsdenia roylei Wight,Murkula,ASCLEPIADACEAE,Murkula; Murva,Ayurveda,,,Root,Climber,A,,https://archive.bsi.gov.in/echoHerbarium-Details/en?link=CAL0000009485&column=szBarcode,BSI+NMPB,HIGH,False,1151,567
PLANT-1370,Marsdenia tenacissima (Roxb.) Moon,"Jiti, Chiti",ASCLEPIADACEAE,"Jiti, Chiti; Nishod sufed; Murva; Names",Ayurveda,,,Stem,Climber,A**,Murva; Names,https://archive.bsi.gov.in/echoHerbarium-Details/en?link=CAL0000009484&column=szBarcode,BSI+NMPB,HIGH,False,1152,568
PLANT-1371,Marsdenia tinctoria R.Br.,Riyong (North Bengal),ASCLEPIADACEAE,Riyong (North Bengal),,,,,,,,https://archive.bsi.gov.in/echoHerbarium-Details/en?link=CAL0000009481&column=szBarcode,BSI,SOURCE_ONLY,False,1153,
PLANT-1372,Marsdenia volubilis (L.f.) T.Cooke; [ = Wattakaka volubilis (L.f.) Stapf;,Murva,ASCELPIADACEAE,Murva,Ayurveda,,,"Leaf, Root",Climber,A,,,NMPB,SOURCE_ONLY,False,,569
PLANT-1373,Marsilea minuta L.,Susnishak (Beng.),MARSILEACEAE,Susnishak (Beng.),,,,,,,,https://archive.bsi.gov.in/echoHerbarium-Details/en?link=CAL0000008546&column=szBarcode,BSI,SOURCE_ONLY,False,1154,
PLANT-1374,Marsilea quadrifolia L.,Cupatiya,MARSILEACEAE,Cupatiya,Ayurveda,,,Whole Plant,Herb,AS,,,NMPB,SOURCE_ONLY,False,,570
PLANT-1375,Martynia annua L.,Kaknasa,PEDALIACEAE,Kaknasa; Kakanasika,Ayurveda,,,Fruit,Herb,AFS,Kakanasika,,NMPB,SOURCE_ONLY,False,,571
PLANT-1376,Matricaria chamomilla L.,Babunphul,ASTERACEAE,Babunphul,,,,,,,,https://archive.bsi.gov.in/echoHerbarium-Details/en?link=CAL0000009337&column=szBarcode,BSI,SOURCE_ONLY,False,1155,
PLANT-1377,Matthiola incana (L.) R.Br.,Todri lila (Punjab.),ASTERACEAE,Todri lila (Punjab.),,,,,,,,https://archive.bsi.gov.in/echoHerbarium-Details/en?link=CAL0000013877&column=szBarcode,BSI,SOURCE_ONLY,False,1156,
PLANT-1378,Maytenus emarginata (Willd.) Ding Hou,Henkal (Mar.),BRASSICACEAE,Henkal (Mar.); Kattangi,,,,Leaf,Shrub,F,,https://archive.bsi.gov.in/echoHerbarium-Details/en?link=CAL0000003371&column=szBarcode,BSI+NMPB,HIGH,False,1157,572
PLANT-1379,Measa chisia Ham. ex D.Don,Susi-poma (Assamese),CELASTRACEAE,Susi-poma (Assamese),,,,,,,,https://archive.bsi.gov.in/echoHerbarium-Details/en?link=CAL0000009551&column=szBarcode,BSI,SOURCE_ONLY,False,1158,
PLANT-1380,Measa indica (Roxb.) DC.,Kramighna Phal,MYRSINACEAE,Kramighna Phal,,,,,,,,https://archive.bsi.gov.in/echoHerbarium-Details/en?link=CAL0000009550&column=szBarcode,BSI,SOURCE_ONLY,False,1159,
PLANT-1381,Measa ramentacea Wall.,Seketia (Assamese),MYRSINACEAE,Seketia (Assamese),,,,,,,,https://archive.bsi.gov.in/echoHerbarium-Details/en?link=CAL0000009549&column=szBarcode,BSI,SOURCE_ONLY,False,1160,
PLANT-1382,Meconopsis aculeata Royle,Kunda,PAPAVERACEAE,Kunda,,,,Root,Herb,F,,,NMPB,SOURCE_ONLY,False,,573
PLANT-1383,Medicago sativa L.,"Wilayti-gawuth, Lasunghas",FABACEAE,"Wilayti-gawuth, Lasunghas; Alfalfa",Ayurveda,,,Leaf,Herb,AHUW,,https://archive.bsi.gov.in/echoHerbarium-Details/en?link=CAL0000003420&column=szBarcode,BSI+NMPB,HIGH,False,1161,574
PLANT-1384,Melanorrhoea usiata Wall.,Kheu (Manipur),ANACARDIACEAE,Kheu (Manipur),,,,,,,,https://archive.bsi.gov.in/echoHerbarium-Details/en?link=CAL0000008586&column=szBarcode,BSI,SOURCE_ONLY,False,1162,
PLANT-1385,Melastoma malabathricum L.,Palore (Mar.),MELASTOMATACEAE,"Palore (Mar.); Palore,; Nakkukaruppa; n",Ayurveda,,,"Leaf,; Flower, Fruit",Shrub,AFS,,https://archive.bsi.gov.in/echoHerbarium-Details/en?link=CAL0000013506&column=szBarcode,BSI+NMPB,HIGH,False,1163,575
PLANT-1386,Melia azedarach L.,"Drek, Bakain",MELIACEAE,"Drek, Bakain; Bakayan phal; Mahanimba",Ayurveda,,,"Fruit, Leaf,; Bark (Stem)",Tree,AFSTU,Mahanimba,https://archive.bsi.gov.in/echoHerbarium-Details/en?link=CAL0000008601&column=szBarcode,BSI+NMPB,HIGH,False,1164,576
PLANT-1387,Melilotus alba Medik. ex Desr.,Safed Senji,FABACEAE,Safed Senji,,,,,,,,https://archive.bsi.gov.in/echoHerbarium-Details/en?link=CAL0000003361&column=szBarcode,BSI,SOURCE_ONLY,False,1165,
PLANT-1388,Melilotus indica (L.) All.,Banmethi,FABACEAE,Banmethi,,,,,,,,https://archive.bsi.gov.in/echoHerbarium-Details/en?link=CAL0000003362&column=szBarcode,BSI,SOURCE_ONLY,False,1166,
PLANT-1389,Melilotus officinalis (L.) Medik. ex Desr.,Yellow Sweetclover (Eng.),FABACEAE,Yellow Sweetclover (Eng.),,,,,,,,https://archive.bsi.gov.in/echoHerbarium-Details/en?link=CAL0000003360&column=szBarcode,BSI,SOURCE_ONLY,False,1167,
PLANT-1390,Melissa axillaris (Benth.) Bakh.f.,Bililotan,LAMIACEAE,Bililotan,,,,,,,,https://archive.bsi.gov.in/echoHerbarium-Details/en?link=CAL0000013249&column=szBarcode,BSI,SOURCE_ONLY,False,1168,
PLANT-1391,Melocanna bambusoides Trin.,Bansalochan,POACEAE,Bansalochan,,,,Siliceous; Deposition; On Culms,Tree,F,,,NMPB,SOURCE_ONLY,False,,577
PLANT-1392,Melochia corchorifolia L.,Bilpat,STERCULIACEAE,Bilpat,,,,,,,,https://archive.bsi.gov.in/echoHerbarium-Details/en?link=CAL0000013934&column=szBarcode,BSI,SOURCE_ONLY,False,1169,
PLANT-1393,Melodinus monogynus Roxb.,Soh-brab (Khasi Hills),APOCYNACEAE,Soh-brab (Khasi Hills),,,,,,,,https://archive.bsi.gov.in/echoHerbarium-Details/en?link=CAL0000009447&column=szBarcode,BSI,SOURCE_ONLY,False,1170,
PLANT-1394,Melothria amplexicaulis (Lam.) Cogn.,Tarali,CUCURBITACEAE,Tarali,,,,,,,,https://archive.bsi.gov.in/echoHerbarium-Details/en?link=CAL0000009427&column=szBarcode,BSI,SOURCE_ONLY,False,1171,
PLANT-1395,Melothria maderaspatana (L.) Cogn.,"Agumaki, Bilari",CUCURBITACEAE,"Agumaki, Bilari",,,,,,,,https://archive.bsi.gov.in/echoHerbarium-Details/en?link=CAL0000009428&column=szBarcode,BSI,SOURCE_ONLY,False,1172,
PLANT-1396,Melothria scabra Naudin,Varali (Bombay),CUCURBITACEAE,Varali (Bombay),,,,,,,,https://archive.bsi.gov.in/echoHerbarium-Details/en?link=CAL0000009426&column=szBarcode,BSI,SOURCE_ONLY,False,1173,
PLANT-1397,Memecylon angustifolium Wight,Vellaikkaya (Tam.),MELASTOMATACEAE,Vellaikkaya (Tam.),,,,,,,,https://archive.bsi.gov.in/echoHerbarium-Details/en?link=CAL0000009640&column=szBarcode,BSI,SOURCE_ONLY,False,1174,
PLANT-1398,Memecylon umbellatum Burm.f.,Anjani (Mar.),MELASTOMATACEAE,Anjani (Mar.),,,,,,,,https://archive.bsi.gov.in/echoHerbarium-Details/en?link=CAL0000013503&column=szBarcode,BSI,SOURCE_ONLY,False,1175,
PLANT-1399,Mentha aquatica L.,Water Mint (Eng.),LAMIACEAE,Water Mint (Eng.); Watermint,,,,Whole Plant,Herb,F,,https://archive.bsi.gov.in/echoHerbarium-Details/en?link=CAL0000008694&column=szBarcode,BSI+NMPB,HIGH,False,1176,578
PLANT-1400,Mentha arvensis L.,"Podina, Pudina",LAMIACEAE,"Podina, Pudina; Pudina,; Podina pati",Ayurveda,,,Whole Plant,Herb,AFSUW,,https://archive.bsi.gov.in/echoHerbarium-Details/en?link=CAL0000008689&column=szBarcode,BSI+NMPB,HIGH,False,1177,579
PLANT-1401,Mentha longifolia (L.) Huds.,"Podina, Jungli pudina",LAMIACEAE,"Podina, Jungli pudina",,,,,,,,https://archive.bsi.gov.in/echoHerbarium-Details/en?link=CAL0000008685&column=szBarcode,BSI,SOURCE_ONLY,False,1178,
PLANT-1402,Mentha piperita L.,"Paparaminta, Gamathi",LAMIACEAE,"Paparaminta, Gamathi; Menthol,; Peppermint",,,,Leaf,Herb,HUW,,https://archive.bsi.gov.in/echoHerbarium-Details/en?link=CAL0000008691&column=szBarcode,BSI+NMPB,HIGH,False,1179,580
PLANT-1403,Mentha pulegium L.,Pudding Grass (Eng.),LAMIACEAE,Pudding Grass (Eng.),,,,,,,,https://archive.bsi.gov.in/echoHerbarium-Details/en?link=CAL0000008692&column=szBarcode,BSI,SOURCE_ONLY,False,1180,
PLANT-1404,Mentha sativa L.,Peppermint (Eng.),LAMIACEAE,Peppermint (Eng.),,,,,,,,https://archive.bsi.gov.in/echoHerbarium-Details/en?link=CAL0000008702&column=szBarcode,BSI,SOURCE_ONLY,False,1181,
PLANT-1405,Mentha spicata L.,"Pahari pudina, Pudina",LAMIACEAE,"Pahari pudina, Pudina",,,,,,,,https://archive.bsi.gov.in/echoHerbarium-Details/en?link=CAL0000008687&column=szBarcode,BSI,SOURCE_ONLY,False,1182,
PLANT-1406,Mentha verticillata D.Don,Whorled Mint (Eng.),LAMIACEAE,Whorled Mint (Eng.),,,,,,,,https://archive.bsi.gov.in/echoHerbarium-Details/en?link=CAL0000008704&column=szBarcode,BSI,SOURCE_ONLY,False,1183,
PLANT-1407,Mentha viridis (L. ) L.,Pudino,LAMIACEAE,Pudino; Pudinah,,,,Whole Plant,Herb,F,Pudinah,,NMPB,SOURCE_ONLY,False,,581
PLANT-1408,Menyanthes trifoliata L.,Bog bean (Eng.),MENYANTHACEAE,Bog bean (Eng.),,,,,,,,https://archive.bsi.gov.in/echoHerbarium-Details/en?link=CAL0000009406&column=szBarcode,BSI,SOURCE_ONLY,False,1184,
PLANT-1409,Meriandra bengalensis Benth.,Kafurkapat,LAMIACEAE,Kafurkapat,,,,,,,,https://archive.bsi.gov.in/echoHerbarium-Details/en?link=CAL0000013246&column=szBarcode,BSI,SOURCE_ONLY,False,1185,
PLANT-1410,Meriandra strobilifera Benth.,Kafurkapat,LAMIACEAE,Kafurkapat,,,,,,,,https://archive.bsi.gov.in/echoHerbarium-Details/en?link=CAL0000013247&column=szBarcode,BSI,SOURCE_ONLY,False,1186,
PLANT-1411,Merremia dissecta (Jacq.) Hallier f.,Noyau vine (Eng.),CONVOLVULACEAE,Noyau vine (Eng.),,,,,,,,https://archive.bsi.gov.in/echoHerbarium-Details/en?link=CAL0000006538&column=szBarcode,BSI,SOURCE_ONLY,False,1187,
PLANT-1412,Merremia emarginata (Burm.f.),"Underkarni,; Mooshkarni",CONVOLVULACEAE,"Underkarni,; Mooshkarni",Ayurveda,,,Whole Plant,Herb,AS,,,NMPB,SOURCE_ONLY,False,,582
PLANT-1413,Merremia gangetica (L.) Cufod.,Musakani,CONVOLVULACEAE,Musakani,,,,,,,,https://archive.bsi.gov.in/echoHerbarium-Details/en?link=CAL0000009816&column=szBarcode,BSI,SOURCE_ONLY,False,1188,
PLANT-1414,Merremia hederacea (Burm.f.) Hallier f.,Kudici-Valli,CONVOLVULACEAE,Kudici-Valli,,,,Whole Plant,Climber,FS,,,NMPB,SOURCE_ONLY,False,,583
PLANT-1415,Merremia tridentata (L.) Hallier f.,Prasarini (Sans.),CONVOLVULACEAE,Prasarini (Sans.); Prasarani,Ayurveda,,,Whole Plant,Herb,AFS,,https://archive.bsi.gov.in/echoHerbarium-Details/en?link=CAL0000009814&column=szBarcode,BSI+NMPB,HIGH,False,1189,584
PLANT-1416,Merremia turpethum (L.) Shah & Bhatt,"Nishothra, Terpeth root (Eng.)",CONVOLVULACEAE,"Nishothra, Terpeth root (Eng.)",,,,,,,,https://archive.bsi.gov.in/echoHerbarium-Details/en?link=CAL0000009820&column=szBarcode,BSI,SOURCE_ONLY,False,1190,
PLANT-1417,Merremia umbellata (L.) Hallier f.,Sapussundu (Beng.),CONVOLVULACEAE,Sapussundu (Beng.); Jalap (Subs.); Names,,,,Root,Climber,FTag **,Names,https://archive.bsi.gov.in/echoHerbarium-Details/en?link=CAL0000009774&column=szBarcode,BSI+NMPB,HIGH,False,1191,585
PLANT-1418,Merremia vitifolia (Burm.f.) Hallier f.,Navalicha vel (Mar.),CONVOLVULACEAE,Navalicha vel (Mar.),,,,,,,,https://archive.bsi.gov.in/echoHerbarium-Details/en?link=CAL0000009812&column=szBarcode,BSI,SOURCE_ONLY,False,1192,
PLANT-1419,Mesua ferrea L.,"Nagkesar, Nagesar (Beng.)",CLUSIACEAE,"Nagkesar, Nagesar (Beng.); Nagakesari,; Nagkeshar; Nagakesar",Ayurveda,,,Flower; (Anthers),Tree,AFHSTU,Nagakesar,https://archive.bsi.gov.in/echoHerbarium-Details/en?link=CAL0000013852&column=szBarcode,BSI+NMPB,HIGH,False,1193,586
PLANT-1420,Meyna laxiflora Robyns,"Muyna, Muduna",RUBIACEAE,"Muyna, Muduna",,,,,,,,https://archive.bsi.gov.in/echoHerbarium-Details/en?link=CAL0000009385&column=szBarcode,BSI,SOURCE_ONLY,False,1194,
PLANT-1421,Michelia champaca L.,"Champa, Champaca",MAGNOLIACEAE,"Champa, Champaca; Champaka",Ayurveda,,,Flower,Tree,AFST,Champaka,https://archive.bsi.gov.in/echoHerbarium-Details/en?link=CAL0000013912&column=szBarcode,BSI+NMPB,HIGH,False,1195,587
PLANT-1422,Michelia montana Blume,Pan sopa (Assam),MAGNOLIACEAE,Pan sopa (Assam),,,,,,,,https://archive.bsi.gov.in/echoHerbarium-Details/en?link=CAL0000013911&column=szBarcode,BSI,SOURCE_ONLY,False,1196,
PLANT-1423,Michelia nilagirica Zenk.,Shembuga (Tam.),MAGNOLIACEAE,Shembuga (Tam.),,,,,,,,https://archive.bsi.gov.in/echoHerbarium-Details/en?link=CAL0000013908&column=szBarcode,BSI,SOURCE_ONLY,False,1197,
PLANT-1424,Microcos paniculata L.,Shiral,TILIACEAE,Shiral,,,,,,,,https://archive.bsi.gov.in/echoHerbarium-Details/en?link=CAL0000003844&column=szBarcode,BSI,SOURCE_ONLY,False,1198,
PLANT-1425,Micromeria biflora (Buch.-Ham. ex D.Don) Benth.,Ote budu ba (Mundari),LAMIACEAE,Ote budu ba (Mundari); Indian Wild; Thyme,,,,Whole Plant,Herb,F,,https://archive.bsi.gov.in/echoHerbarium-Details/en?link=CAL0000013250&column=szBarcode,BSI+NMPB,HIGH,False,1199,588
PLANT-1426,Micromeria capitellata Benth.,Karvat (Bombay),LAMIACEAE,Karvat (Bombay),,,,,,,,https://archive.bsi.gov.in/echoHerbarium-Details/en?link=CAL0000008543&column=szBarcode,BSI,SOURCE_ONLY,False,1200,
PLANT-1427,Microrhychus nudicaulis Less.,Paprastaka,ASTERACEAE,Paprastaka,,,,,,,,https://archive.bsi.gov.in/echoHerbarium-Details/en?link=CAL0000009297&column=szBarcode,BSI,SOURCE_ONLY,False,1201,
PLANT-1428,Microsorum scolopendria (Burm.f.) Copel,Paku Wangi (Malay),POLYPODIACEAE,Paku Wangi (Malay),,,,,,,,https://archive.bsi.gov.in/echoHerbarium-Details/en?link=CAL0000008568&column=szBarcode,BSI,SOURCE_ONLY,False,1202,
PLANT-1429,Mikania cordata (Burm.f.) B.L.Rob.,Tara lata (Beng.),ASTERACEAE,Tara lata (Beng.),,,,,,,,https://archive.bsi.gov.in/echoHerbarium-Details/en?link=CAL0000009310&column=szBarcode,BSI,SOURCE_ONLY,False,1203,
PLANT-1430,Miliusa velutina (Dunal) Hook.f. & Thoms.,"Dom-sal, Kari",ANNONACEAE,"Dom-sal, Kari",,,,,,,,https://archive.bsi.gov.in/echoHerbarium-Details/en?link=CAL0000013901&column=szBarcode,BSI,SOURCE_ONLY,False,1204,
PLANT-1431,Millettia extensa (Benth.) Baker,"Gauj, Gonj",FABACEAE,"Gauj, Gonj",,,,,,,,https://archive.bsi.gov.in/echoHerbarium-Details/en?link=CAL0000003348&column=szBarcode,BSI,SOURCE_ONLY,False,1205,
PLANT-1432,Millettia pachycarpa Benth.,Bishloti (Beng.),FABACEAE,Bishloti (Beng.),,,,,,,,https://archive.bsi.gov.in/echoHerbarium-Details/en?link=CAL0000003345&column=szBarcode,BSI,SOURCE_ONLY,False,1206,
PLANT-1433,Millettia piscidia Wight,Dieng-sohlynthein (Khasi Hills),FABACEAE,Dieng-sohlynthein (Khasi Hills),,,,,,,,https://archive.bsi.gov.in/echoHerbarium-Details/en?link=CAL0000003346&column=szBarcode,BSI,SOURCE_ONLY,False,1207,
PLANT-1434,Millettia racemosa Benth.,Jungi,FABACEAE,Jungi,,,,,,,,https://archive.bsi.gov.in/echoHerbarium-Details/en?link=CAL0000003347&column=szBarcode,BSI,SOURCE_ONLY,False,1208,
PLANT-1435,Millingtonia hortensis L.f.,"Neem-chameli, Akas nim",BIGNONIACEAE,"Neem-chameli, Akas nim",,,,,,,,https://archive.bsi.gov.in/echoHerbarium-Details/en?link=CAL0000009132&column=szBarcode,BSI,SOURCE_ONLY,False,1209,
PLANT-1436,Mimosa pudica L.,"Lajwanti, Chui-mui",MIMOSACEAE,"Lajwanti, Chui-mui; Lajwanti,; Lajjalu; Lajjalu",Ayurveda,,,"Fruit (Seed),; Whole Plant",Herb,AFST,Lajjalu,https://archive.bsi.gov.in/echoHerbarium-Details/en?link=CAL0000003464&column=szBarcode,BSI+NMPB,HIGH,False,1210,589
PLANT-1437,Mimosa rubicaulis Lam.,Shiah-kanta,MIMOSACEAE,Shiah-kanta,,,,,,,,https://archive.bsi.gov.in/echoHerbarium-Details/en?link=CAL0000003462&column=szBarcode,BSI,SOURCE_ONLY,False,1211,
PLANT-1438,Mimulus moschatus Douglas ex Lindl.,Musk Plant (Eng.),SCROPHULARIACEAE,Musk Plant (Eng.),,,,,,,,https://archive.bsi.gov.in/echoHerbarium-Details/en?link=CAL0000013271&column=szBarcode,BSI,SOURCE_ONLY,False,1212,
PLANT-1439,Mimulus strictus Benth.,Erect Monkey Flower (Eng.),SCROPHULARIACEAE,Erect Monkey Flower (Eng.),,,,,,,,https://archive.bsi.gov.in/echoHerbarium-Details/en?link=CAL0000013270&column=szBarcode,BSI,SOURCE_ONLY,False,1213,
PLANT-1440,Mimusops elengi L.,"Maulsari, Bakul",SAPOTACEAE,"Maulsari, Bakul; Bakul",Ayurveda,,,"Bark (Stem),; Flower",Tree,AFSTU,,https://archive.bsi.gov.in/echoHerbarium-Details/en?link=CAL0000013537&column=szBarcode,BSI+NMPB,HIGH,False,1214,590
PLANT-1441,Mirabilis jalapa L.,Gulabash,NYCTAGINACEAE,Gulabash,Ayurveda,,,Whole Plant,Herb,AFSU,,,NMPB,SOURCE_ONLY,False,,591
PLANT-1442,Mitragyna parvifolia (Roxb.) Korth.,"Kaim, Kalmi",RUBIACEAE,"Kaim, Kalmi; Kadamb",Ayurveda,,,Leaf,Tree,AFS,,https://archive.bsi.gov.in/echoHerbarium-Details/en?link=CAL0000009405&column=szBarcode,BSI+NMPB,HIGH,False,1215,592
PLANT-1443,Mitragyna rotundifolia (Roxb.) Kuntze,Timi (Assam),RUBIACEAE,Timi (Assam),,,,,,,,https://archive.bsi.gov.in/echoHerbarium-Details/en?link=CAL0000009404&column=szBarcode,BSI,SOURCE_ONLY,False,1216,
PLANT-1444,Mollugo cerviana (L.) Ser.,Ghimasak (Beng.),MOLLUGINACEAE,Ghimasak (Beng.); Parpata,Ayurveda,,,Whole Plant,Herb,AFS,,https://archive.bsi.gov.in/echoHerbarium-Details/en?link=CAL0000009489&column=szBarcode,BSI+NMPB,HIGH,False,1217,593
PLANT-1445,Mollugo nudicaulis Lam.,Parppadagam (Madras),MOLLUGINACEAE,Parppadagam (Madras),,,,,,,,https://archive.bsi.gov.in/echoHerbarium-Details/en?link=CAL0000009491&column=szBarcode,BSI,SOURCE_ONLY,False,1218,
PLANT-1446,Mollugo pentaphylla L.,Khet-papara (Beng.),MOLLUGINACEAE,Khet-papara (Beng.); Turapoondu,,,,Whole Plant,Herb,FS,,https://archive.bsi.gov.in/echoHerbarium-Details/en?link=CAL0000009490&column=szBarcode,BSI+NMPB,HIGH,False,1219,594
PLANT-1447,Momordica charantia L.,Karela,CUCURBITACEAE,Karela; Karavallaka,Ayurveda,,,"Fruit, Leaf",Climber,AFSTU,Karavallaka,,NMPB,SOURCE_ONLY,False,,595
PLANT-1448,Momordica dioica Roxb. ex Willd.,Jangli-Kareli,CUCURBITACEAE,Jangli-Kareli; Karkasa,Ayurveda,,,"Root, Fruit",Climber,AFS,Karkasa,,NMPB,SOURCE_ONLY,False,,596
PLANT-1449,Monochoria hastaefolia C.Presl.,Karinkuvalum,PONTEDERIACEAE,Karinkuvalum,Ayurveda,,,Whole Plant,Herb,A,,,NMPB,SOURCE_ONLY,False,,597
PLANT-1450,Monochoria vaginalis (Burm.f.) C.Presl.,Kolai,PONTEDERIACEAE,Kolai,Ayurveda,,,Root,Herb,AFS,,,NMPB,SOURCE_ONLY,False,,598
PLANT-1451,Monotropa uniflora L.,Indian Pipe (Eng.),MONOTROPACEAE,Indian Pipe (Eng.),,,,,,,,https://archive.bsi.gov.in/echoHerbarium-Details/en?link=CAL0000009488&column=szBarcode,BSI,SOURCE_ONLY,False,1220,
PLANT-1452,Morchella esculenta Pers.,Guchhi,HELVELLACEAE,Guchhi,,,,Fruiting Body,Herb,F,,,NMPB,SOURCE_ONLY,False,,599
PLANT-1453,Morinda citrifolia L.,"Surangi, Bartundi",RUBIACEAE,"Surangi, Bartundi; Canary wood",Ayurveda,,,Fruit,Tree,AFS,,https://archive.bsi.gov.in/echoHerbarium-Details/en?link=CAL0000009589&column=szBarcode,BSI+NMPB,HIGH,False,1221,600
PLANT-1454,Morinda pubescens J.E.Sm.; [= M. coreia Buch.-Ham.;,Manjanatthi,RUBIACEAE,Manjanatthi,Ayurveda,,,Root,Tree,AFS,,,NMPB,SOURCE_ONLY,False,,601
PLANT-1455,Morinda umbellata L.,Pitadaru (Sans.),RUBIACEAE,Pitadaru (Sans.),,,,,,,,https://archive.bsi.gov.in/echoHerbarium-Details/en?link=CAL0000009590&column=szBarcode,BSI,SOURCE_ONLY,False,1222,
PLANT-1456,Moringa concanensis Nimmo,Jangli sargua,MORINGACEAE,Jangli sargua; Kadvo saragvo Tree; Names,Ayurveda,,,Bark (Stem),,AST**,Names,https://archive.bsi.gov.in/echoHerbarium-Details/en?link=CAL0000003439&column=szBarcode,BSI+NMPB,HIGH,False,1223,602
PLANT-1457,Moringa oleifera Lam.,"Sahjana, Sahijana",MORINGACEAE,"Sahjana, Sahijana; Sahenjana; chaal; Sigru",Ayurveda,,,"Fruit (Fruit,; Seed), Leaf,; Root, Bark; (Stem)",Tree,AFSTU,Sigru,https://archive.bsi.gov.in/echoHerbarium-Details/en?link=CAL0000003441&column=szBarcode,BSI+NMPB,HIGH,False,1224,603
PLANT-1458,Mormordica balsamina L.,Mokha,CUCURBITACEAE,Mokha,,,,,,,,https://archive.bsi.gov.in/echoHerbarium-Details/en?link=CAL0000009409&column=szBarcode,BSI,SOURCE_ONLY,False,1225,
PLANT-1459,Mormordica charantia L.,"Karela, Kareli",CUCURBITACEAE,"Karela, Kareli",,,,,,,,https://archive.bsi.gov.in/echoHerbarium-Details/en?link=CAL0000009423&column=szBarcode,BSI,SOURCE_ONLY,False,1226,
PLANT-1460,Mormordica cochinchinensis (Lour.) Spreng.,"Gulkakra, Gangerua",CUCURBITACEAE,"Gulkakra, Gangerua",,,,,,,,https://archive.bsi.gov.in/echoHerbarium-Details/en?link=CAL0000009408&column=szBarcode,BSI,SOURCE_ONLY,False,1227,
PLANT-1461,Mormordica dioica Roxb. ex Willd.,"Kaksa, Golkandra",CUCURBITACEAE,"Kaksa, Golkandra",,,,,,,,https://archive.bsi.gov.in/echoHerbarium-Details/en?link=CAL0000009407&column=szBarcode,BSI,SOURCE_ONLY,False,1228,
PLANT-1462,Morus alba L.,"Tut, Chinni",MORACEAE,"Tut, Chinni; Toot",Ayurveda,,,Bark (Stem),Tree,AFSU,,https://archive.bsi.gov.in/echoHerbarium-Details/en?link=CAL0000009203&column=szBarcode,BSI+NMPB,HIGH,False,1229,604
PLANT-1463,Morus australis Poir.,Kiskuri (Assamese),MORACEAE,Kiskuri (Assamese),,,,,,,,https://archive.bsi.gov.in/echoHerbarium-Details/en?link=CAL0000009204&column=szBarcode,BSI,SOURCE_ONLY,False,1230,
PLANT-1464,Morus nigra L.,Shah-tut,MORACEAE,Shah-tut,,,,,,,,https://archive.bsi.gov.in/echoHerbarium-Details/en?link=CAL0000009114&column=szBarcode,BSI,SOURCE_ONLY,False,1231,
PLANT-1465,Moschosma polystachyum Benth.,Musk basil (Eng.),LAMIACEAE,Musk basil (Eng.),,,,,,,,https://archive.bsi.gov.in/echoHerbarium-Details/en?link=CAL0000008719&column=szBarcode,BSI,SOURCE_ONLY,False,1232,
PLANT-1466,Mucuna gigantea DC.,Enugadulagondi (Tel.),FABACEAE,Enugadulagondi (Tel.),,,,,,,,https://archive.bsi.gov.in/echoHerbarium-Details/en?link=CAL0000003316&column=szBarcode,BSI,SOURCE_ONLY,False,1233,
PLANT-1467,Mucuna monosperma DC. ex Wight,Khatavangi (Sans.),FABACEAE,Khatavangi (Sans.),,,,,,,,https://archive.bsi.gov.in/echoHerbarium-Details/en?link=CAL0000003317&column=szBarcode,BSI,SOURCE_ONLY,False,1234,
PLANT-1468,Mucuna nigricans (Lour.) Steud.,Kasi (Beng.),FABACEAE,Kasi (Beng.),,,,,,,,https://archive.bsi.gov.in/echoHerbarium-Details/en?link=CAL0000003318&column=szBarcode,BSI,SOURCE_ONLY,False,1235,
PLANT-1469,Mucuna pruriens (L.) DC.,"Kevanch, Kaunch",FABACEAE,"Kevanch, Kaunch; Kavach beej,; Kaunch beej; Atmagupta",Ayurveda,,,"Root, Fruit; (Fruit, Seed)",Climber,AFHSTU,Atmagupta,https://archive.bsi.gov.in/echoHerbarium-Details/en?link=CAL0000003315&column=szBarcode,BSI+NMPB,HIGH,False,1236,605
PLANT-1470,Mucuna utilis Wall. ex Wight; [= M. cochinchinensis Cheval],"Kavach beej,; Kaunch (Subs.)",FABACEAE,"Kavach beej,; Kaunch (Subs.)",,,,Fruit (Seed),Climber,F,,,NMPB,SOURCE_ONLY,False,,606
PLANT-1471,Mukia maderaspatana (L.) M.Roem.; [= Melothria maderaspatana (L.) Cogn.],Mucukkai,CUCURBITACEAE,Mucukkai,Ayurveda,,,"Leaf, Root,; Fruit (Seed)",Climber,AFS,,,NMPB,SOURCE_ONLY,False,,607
PLANT-1472,Murdannia scapiflora (Roxb.) Royle,Musli-Siyah,COMMELINACEAE,Musli-Siyah,,,,,,,,https://archive.bsi.gov.in/echoHerbarium-Details/en?link=CAL0000003058&column=szBarcode,BSI,SOURCE_ONLY,False,1237,
PLANT-1473,Murraya koenigii (L.) Spreng.,"Kathneem, Mitha neem",RUTACEAE,"Kathneem, Mitha neem; Kariveppila",Ayurveda,,,Leaf,Tree,AFS,,https://archive.bsi.gov.in/echoHerbarium-Details/en?link=CAL0000009833&column=szBarcode,BSI+NMPB,HIGH,False,1238,608
PLANT-1474,Murraya paniculata (L.) Jacq.,"Kamini, Marchula",RUTACEAE,"Kamini, Marchula",,,,,,,,https://archive.bsi.gov.in/echoHerbarium-Details/en?link=CAL0000009832&column=szBarcode,BSI,SOURCE_ONLY,False,1239,
PLANT-1475,Musa paradisiaca L.,Kela,MUSACEAE,Kela,,,,,,,,https://archive.bsi.gov.in/echoHerbarium-Details/en?link=CAL0000003021&column=szBarcode,BSI,SOURCE_ONLY,False,1240,
PLANT-1476,Musa sapientum L.,Kadali,MUSACEAE,Kadali,Ayurveda,,,Flower,Herb,ASU,,,NMPB,SOURCE_ONLY,False,,609
PLANT-1477,Mussaenda frondosa L.,Sribati,RUBIACEAE,Sribati,Ayurveda,,,Leaf,Shrub,AFS,,,NMPB,SOURCE_ONLY,False,,610
PLANT-1478,Mussaenda glabra Vahl,Charai-atha (Assam),RUBIACEAE,Charai-atha (Assam),,,,,,,,https://archive.bsi.gov.in/echoHerbarium-Details/en?link=CAL0000009394&column=szBarcode,BSI,SOURCE_ONLY,False,1241,
PLANT-1479,Mussaenda glabrata (Hook.f.) Hutch. ex Gamble,"Bedina, Bebina",RUBIACEAE,"Bedina, Bebina",,,,,,,,https://archive.bsi.gov.in/echoHerbarium-Details/en?link=CAL0000009395&column=szBarcode,BSI,SOURCE_ONLY,False,1242,
PLANT-1480,Myrica esculenta Buch.-Ham.,"Kaiphal, Kaphala",MYRICACEAE,"Kaiphal, Kaphala; Katphala,; Kaiphal; Katphala",Ayurveda,,,"Bark (Stem),; Fruit",Tree,AFSTU,Katphala,https://archive.bsi.gov.in/echoHerbarium-Details/en?link=CAL0000009192&column=szBarcode,BSI+NMPB,HIGH,False,1243,611
PLANT-1481,Myricaria bracteata Royle,Shalakat (Punjab),TAMARICACEAE,Shalakat (Punjab),,,,,,,,https://archive.bsi.gov.in/echoHerbarium-Details/en?link=CAL0000013145&column=szBarcode,BSI,SOURCE_ONLY,False,1244,
PLANT-1482,Myristica dactyloides Gaertn.,Jayaphal (Mar.),MYRISTICACEAE,"Jayaphal (Mar.); Jaiphal,; Javatri,; Nutmeg",Ayurveda,,,"Fruit; (Aril/ Mace,; Kernel)",Tree,AS,,https://archive.bsi.gov.in/echoHerbarium-Details/en?link=CAL0000008539&column=szBarcode,BSI+NMPB,HIGH,False,1245,612
PLANT-1483,Myristica fragrans Houtt.,"Jaiphal, Jayapatri",MYRISTICACEAE,"Jaiphal, Jayapatri; Jatipatre; Jatiphala",Ayurveda,,,Fruit,Tree,AFHSTUW,Jatiphala,https://archive.bsi.gov.in/echoHerbarium-Details/en?link=CAL0000008517&column=szBarcode,BSI+NMPB,HIGH,False,1246,613
PLANT-1484,Myristica malabarica Lam.,Patthiri (Tam.),MYRISTICACEAE,Patthiri (Tam.); Rampatri,Ayurveda,,,"Bark (Stem),; Fruit, Seed",Tree,AFS,,https://archive.bsi.gov.in/echoHerbarium-Details/en?link=CAL0000008541&column=szBarcode,BSI+NMPB,HIGH,False,1247,614
PLANT-1485,Myrsine africana L.,Chapra,MYRSINACEAE,"Chapra; Chapra,; Vidanga",Ayurveda,,,Fruit,Tree,AU,,https://archive.bsi.gov.in/echoHerbarium-Details/en?link=CAL0000009658&column=szBarcode,BSI+NMPB,HIGH,False,1248,615
PLANT-1486,Myrsine capitellata Wall.,Vidanga (Subs.) Shrub,MYRSINACEAE,Vidanga (Subs.) Shrub,,,,Fruit,,F,,,NMPB,SOURCE_ONLY,False,,616
PLANT-1487,Myrtus communis L.,"Vilayati mehndi, Murad",MYRTACEAE,"Vilayati mehndi, Murad",,,,,,,,https://archive.bsi.gov.in/echoHerbarium-Details/en?link=CAL0000009546&column=szBarcode,BSI,SOURCE_ONLY,False,1249,
PLANT-1488,Myxopyrum serratulum A.W.Hill,Chathuravalli,OLEACEAE,Chathuravalli,Ayurveda,,,Root,Shrub,AF,,,NMPB,SOURCE_ONLY,False,,617
PLANT-1489,Myxopyrum smilacifolium (Wall.) Blume,Chathuravalli (Mal.),OLEACEAE,Chathuravalli (Mal.),,,,,,,,https://archive.bsi.gov.in/echoHerbarium-Details/en?link=CAL0000009431&column=szBarcode,BSI,SOURCE_ONLY,False,1250,
PLANT-1490,Nannorhops ritchiena (Griff.) Wendl.,Mazari Palm (Eng.),ARECACEAE,Mazari Palm (Eng.),,,,,,,,https://archive.bsi.gov.in/echoHerbarium-Details/en?link=CAL0000003203&column=szBarcode,BSI,SOURCE_ONLY,False,1251,
PLANT-1491,Nardostachys grandiflora DC.,"Bal-chir, Jatamansi",VALERIANACEAE,"Bal-chir, Jatamansi",,,,,,,,https://archive.bsi.gov.in/echoHerbarium-Details/en?link=CAL0000009494&column=szBarcode,BSI,SOURCE_ONLY,False,1252,
PLANT-1492,Nardostachys jatamansi (D.Don) DC.,"Balchad,; Jatamansi",VALERIANACEAE,"Balchad,; Jatamansi; Jatamansi; Names",Ayurveda,,,Root; (Rhizome),Herb,ATag **,Jatamansi; Names,,NMPB,SOURCE_ONLY,False,,618
PLANT-1493,Naringi crenulata (Roxb.) Nicolson,"Beli, Surasi (Sanskrit)",RUTACEAE,"Beli, Surasi (Sanskrit); Kadunimba",Ayurveda,,,Fruit,Tree,AF,,https://archive.bsi.gov.in/echoHerbarium-Details/en?link=CAL0000009834&column=szBarcode,BSI+NMPB,HIGH,False,1253,619
PLANT-1494,Nelumbo nucifera Gaertn.,"Kanwal, Kamal",NYMPHAEACEAE,"Kanwal, Kamal; Kamal phul; Kamala",Ayurveda,,,"Root (Bulb),; Fruit, Flower,; Fruit (Seed)",Herb,AFSTU,Kamala,https://archive.bsi.gov.in/echoHerbarium-Details/en?link=CAL0000013888&column=szBarcode,BSI+NMPB,HIGH,False,1254,620
PLANT-1495,Neolitsea cassia (L.) Kosterm.,Kanvel (Mar.),LAURACEAE,Kanvel (Mar.),,,,,,,,https://archive.bsi.gov.in/echoHerbarium-Details/en?link=CAL0000013114&column=szBarcode,BSI,SOURCE_ONLY,False,1255,
PLANT-1496,Nepeta cataria L.,Badranjboya,LAMIACEAE,Badranjboya,,,,Fruit,Herb,FUW,,,NMPB,SOURCE_ONLY,False,,621
PLANT-1497,Nepeta hindostana (B.Heyne ex,Badranjboya,LAMIACEAE,Badranjboya,,,,Whole Plant,Herb,FU,,,NMPB,SOURCE_ONLY,False,,622
PLANT-1498,Nerium oleander L.; [ = N. indicum Mill.],"Oleander,; Kaner",APOCYNACEAE,"Oleander,; Kaner; Karavira",Ayurveda,,,Root,Shrub,AFH,Karavira,,NMPB,SOURCE_ONLY,False,,623
PLANT-1499,Nervilia aragoana Gaudich.,Sthalapadma,ORCHIDACEAE,Sthalapadma,Ayurveda,,,Root,Herb,A,,,NMPB,SOURCE_ONLY,False,,624
PLANT-1500,Nervilia plicata (Andrews) Schltr.,Padmacarini,ORCHIDACEAE,Padmacarini,Ayurveda,,,Leaf,Herb,AF,,,NMPB,SOURCE_ONLY,False,,625
PLANT-1501,Nicotiana tabacum L.,Tambaku,SOLANACEAE,Tambaku,Ayurveda,,,Leaf,Herb,AFHSU,,,NMPB,SOURCE_ONLY,False,,626
PLANT-1502,Nigella sativa L.,"Jeera (Black),; Kalongi",RANUNCULACEAE,"Jeera (Black),; Kalongi; Upakuncika",Ayurveda,,,Fruit (Seed),Herb,AFSU,Upakuncika,,NMPB,SOURCE_ONLY,False,,627
PLANT-1503,Nilgirianthus ciliatus (Nees) Bremek.; [= Strobilanthes ciliatus Nees],"Kurinji, Karvi",ACANTHACEAE,"Kurinji, Karvi",Ayurveda,,,Root,Shrub,A,,,NMPB,SOURCE_ONLY,False,,628
PLANT-1504,Nilgirianthus heyneanus (Nees) Bremek.,Kurinji (Subs.),ACANTHACEAE,Kurinji (Subs.),,,,"Leaf, Flower,; Fruit",Shrub,F,,,NMPB,SOURCE_ONLY,False,,629
PLANT-1505,Nyctanthes arbor-tristis L.,Paruatak pan,OLEACEAE,Paruatak pan,Ayurveda,,,Leaf,Tree,AFHS,,,NMPB,SOURCE_ONLY,False,,630
PLANT-1506,Nymphaea alba L.,"Neel kamal,; Neelofar",NYMPHAEACEAE,"Neel kamal,; Neelofar; Kumuda",Ayurveda,,,Flower,Herb,ASTU,Kumuda,,NMPB,SOURCE_ONLY,False,,631
PLANT-1507,Nymphaea nouchali Burm.f.,Niloth phal,NYMPHAEACEAE,Niloth phal,Ayurveda,,,Flower (Red),Herb,AFS,,,NMPB,SOURCE_ONLY,False,,632
PLANT-1508,Nymphaea stellata Willd.,Nilofar,NYMPHAEACEAE,Nilofar; Utpala,Ayurveda,,,Flower,Herb,AFST,Utpala,,NMPB,SOURCE_ONLY,False,,633
PLANT-1509,Ocimum americanum L.,"Kali tulsi,; Bantulsi",LAMIACEAE,"Kali tulsi,; Bantulsi; Names",Ayurveda,,,"Whole Plant,; Leaf, Flower; **",Herb,AFHS,Names,,NMPB,SOURCE_ONLY,False,,634
PLANT-1510,Ocimum basilicum L.,"Sweet basil, Herb; Kali tulsi,; Bantulsi",LAMIACEAE,"Sweet basil, Herb; Kali tulsi,; Bantulsi",,,,A,C/W,,,,NMPB,SOURCE_ONLY,False,,635
PLANT-1511,Ocimum gratissimum L.,Ram tulasi Shrub,LAMIACEAE,Ram tulasi Shrub,,,,AFHSU,C/W,,,,NMPB,SOURCE_ONLY,False,,636
PLANT-1512,Ocimum kilimandscharicum Gurke,Karpoora Shrub; tulasi,LAMIACEAE,Karpoora Shrub; tulasi,,,,A,C,,,,NMPB,SOURCE_ONLY,False,,637
PLANT-1513,Ocimum tenuiflorum L.; [= O. sanctum L.],Tulasi Herb,LAMIACEAE,Tulasi Herb; Tulasi,,,,AFHS,C,,Tulasi,,NMPB,SOURCE_ONLY,False,,638
PLANT-1514,Olea dioica Roxb.,Atta-jam (Beng.),OLEACEAE,"Atta-jam (Beng.); Koli, Itala, Tree; Edala",,,,FS,W,,,https://archive.bsi.gov.in/echoHerbarium-Details/en?link=CAL0000009571&column=szBarcode,BSI+NMPB,HIGH,False,1256,639
PLANT-1515,Olea europaea L.,Common Olive (Eng.),OLEACEAE,Common Olive (Eng.),,,,,,,,https://archive.bsi.gov.in/echoHerbarium-Details/en?link=CAL0000009659&column=szBarcode,BSI,SOURCE_ONLY,False,1257,
PLANT-1516,Olea ferruginea Royle,"Kahu, Kankao (N.W. Himalayas)",OLEACEAE,"Kahu, Kankao (N.W. Himalayas)",,,,,,,,https://archive.bsi.gov.in/echoHerbarium-Details/en?link=CAL0000009429&column=szBarcode,BSI,SOURCE_ONLY,False,1258,
PLANT-1517,Olea glandulifera Wall. ex G.Don,Gulili (N.W. Himalayas),OLEACEAE,Gulili (N.W. Himalayas),,,,,,,,https://archive.bsi.gov.in/echoHerbarium-Details/en?link=CAL0000009572&column=szBarcode,BSI,SOURCE_ONLY,False,1259,
PLANT-1518,Onosma bracteatum Wall.,"Gaozaban, Shankhahuli",BORAGINACEAE,"Gaozaban, Shankhahuli; Gule-Gazbaan Herb; Gojihva",,,,ASU,I/W,,Gojihva,https://archive.bsi.gov.in/echoHerbarium-Details/en?link=CAL0000009142&column=szBarcode,BSI+NMPB,HIGH,False,1260,640
PLANT-1519,Onosma echioides L.,Ratanjot Herb,BORAGINACEAE,Ratanjot Herb,,,,AU,W,,,,NMPB,SOURCE_ONLY,False,,641
PLANT-1520,Onosma hispidum Wall. ex G.Don,Ratanjot,BORAGINACEAE,Ratanjot; Ratan jot Herb,,,,F,W,,,https://archive.bsi.gov.in/echoHerbarium-Details/en?link=CAL0000009141&column=szBarcode,BSI+NMPB,HIGH,False,1261,642
PLANT-1521,Operculina turpethum (L.) J.Silva Manso; [= Merremia turpethum (L.) Shah & Bhat],Nishoth Climber,CONVOLVULACEAE,Nishoth Climber; Trivrta,,,,AFHSTU,W,,Trivrta,,NMPB,SOURCE_ONLY,False,,643
PLANT-1522,Ophioglossum vulgatum L.,Adder's-tongue (Eng.),OPHIOGLOSSACEAE,Adder's-tongue (Eng.),,,,,,,,https://archive.bsi.gov.in/echoHerbarium-Details/en?link=CAL0000008560&column=szBarcode,BSI,SOURCE_ONLY,False,1262,
PLANT-1523,Ophiorrhiza mungos L.,Sarahati,RUBIACEAE,Sarahati,,,,,,,,https://archive.bsi.gov.in/echoHerbarium-Details/en?link=CAL0000009396&column=szBarcode,BSI,SOURCE_ONLY,False,1263,
PLANT-1524,Opuntia coccinellifera Mill.,Cochineal Cactus (Eng.),CACTACEAE,Cochineal Cactus (Eng.),,,,,,,,https://archive.bsi.gov.in/echoHerbarium-Details/en?link=CAL0000009506&column=szBarcode,BSI,SOURCE_ONLY,False,1264,
PLANT-1525,Opuntia nigricans Haw.,Nagadali (Tam.),CACTACEAE,Nagadali (Tam.),,,,,,,,https://archive.bsi.gov.in/echoHerbarium-Details/en?link=CAL0000009505&column=szBarcode,BSI,SOURCE_ONLY,False,1265,
PLANT-1526,Orchis mascula (L.) L.,Salam misri Herb,ORCHIDACEAE,Salam misri Herb,,,,FSU,I,,,,NMPB,SOURCE_ONLY,False,,644
PLANT-1527,Oreocnide integrifolia Miq.,Lipe (Nepal),URTICACEAE,Lipe (Nepal),,,,,,,,https://archive.bsi.gov.in/echoHerbarium-Details/en?link=CAL0000013391&column=szBarcode,BSI,SOURCE_ONLY,False,1266,
PLANT-1528,Origanum majorana L.,"Gandhira, Herb; Sweet; Marjoram",LAMIACEAE,"Gandhira, Herb; Sweet; Marjoram",,,,AHSU,C,,,,NMPB,SOURCE_ONLY,False,,645
PLANT-1529,Origanum vulgare L.,Sathra,LAMIACEAE,Sathra,,,,,,,,https://archive.bsi.gov.in/echoHerbarium-Details/en?link=CAL0000008708&column=szBarcode,BSI,SOURCE_ONLY,False,1267,
PLANT-1530,Ormocarpum sennoides DC.,Kananashekhara (Sans.),FABACEAE,Kananashekhara (Sans.),,,,,,,,https://archive.bsi.gov.in/echoHerbarium-Details/en?link=CAL0000003337&column=szBarcode,BSI,SOURCE_ONLY,False,1268,
PLANT-1531,Orobanche aegyptiaca Pers.,"Sarsan-banda, Bhatua ghas",OROBANCHACEAE,"Sarsan-banda, Bhatua ghas",,,,,,,,https://archive.bsi.gov.in/echoHerbarium-Details/en?link=CAL0000009193&column=szBarcode,BSI,SOURCE_ONLY,False,1269,
PLANT-1532,Oroxylum indicum (L.) Vent.,"Ullu, Saona",BIGNONIACEAE,"Ullu, Saona; Tetuchaal, Arlu Tree; Syonaka",,,,AFSTU,W,,Syonaka,https://archive.bsi.gov.in/echoHerbarium-Details/en?link=CAL0000009130&column=szBarcode,BSI+NMPB,HIGH,False,1270,646
PLANT-1533,Orthosiphon glabratus Benth.,Pratanika Herb,LAMIACEAE,Pratanika Herb,,,,F,W,,,,NMPB,SOURCE_ONLY,False,,647
PLANT-1534,Orthosiphon grandiflorus Boldingh.,Java tea (Eng.),LAMIACEAE,Java tea (Eng.),,,,,,,,https://archive.bsi.gov.in/echoHerbarium-Details/en?link=CAL0000008671&column=szBarcode,BSI,SOURCE_ONLY,False,1271,
PLANT-1535,Orthosiphon pallidus Royle ex Benth.,Arjaka (Sans.),LAMIACEAE,Arjaka (Sans.),,,,,,,,https://archive.bsi.gov.in/echoHerbarium-Details/en?link=CAL0000008669&column=szBarcode,BSI,SOURCE_ONLY,False,1272,
PLANT-1536,Oryza sativa L.,"Aval, Herb; Akki,; Thavidu",POACEAE,"Aval, Herb; Akki,; Thavidu; Sali",,,,AFSTU,C,,Sali,,NMPB,SOURCE_ONLY,False,,648
PLANT-1537,Osbeckia crinita Benth.,Handi samba (Bhutan),MELASTOMATACEAE,Handi samba (Bhutan),,,,,,,,https://archive.bsi.gov.in/echoHerbarium-Details/en?link=CAL0000013504&column=szBarcode,BSI,SOURCE_ONLY,False,1273,
PLANT-1538,Osbeckia nepalensis Hook.,Baga phatkala (Assam),MELASTOMATACEAE,Baga phatkala (Assam),,,,,,,,https://archive.bsi.gov.in/echoHerbarium-Details/en?link=CAL0000013505&column=szBarcode,BSI,SOURCE_ONLY,False,1274,
PLANT-1539,Osmanthus fragrans Lour.,Silang (U.P. Hills),OLEACEAE,Silang (U.P. Hills),,,,,,,,https://archive.bsi.gov.in/echoHerbarium-Details/en?link=CAL0000009430&column=szBarcode,BSI,SOURCE_ONLY,False,1275,
PLANT-1540,Osmunda regalis L.,Royal Fern (Eng.),OSMUNDACEAE,Royal Fern (Eng.),,,,,,,,https://archive.bsi.gov.in/echoHerbarium-Details/en?link=CAL0000008558&column=szBarcode,BSI,SOURCE_ONLY,False,1276,
PLANT-1541,Ougeinia oojeinensis (Roxb.) Hochr.,"Sandan, Panjan",FABACEAE,"Sandan, Panjan",,,,,,,,https://archive.bsi.gov.in/echoHerbarium-Details/en?link=CAL0000003340&column=szBarcode,BSI,SOURCE_ONLY,False,1277,
PLANT-1542,Ouratea angustifolia Baill. ex Laness.,Valermani (Mar.),OCHNACEAE,Valermani (Mar.),,,,,,,,https://archive.bsi.gov.in/echoHerbarium-Details/en?link=CAL0000009852&column=szBarcode,BSI,SOURCE_ONLY,False,1278,
PLANT-1543,Oxalis corniculata L.,"Tinpatiya, Amrul (Beng.)",OXALIDACEAE,"Tinpatiya, Amrul (Beng.); Puliyaarila Herb; Cangeri; Names",,,,AFSU,W,**,Cangeri; Names,https://archive.bsi.gov.in/echoHerbarium-Details/en?link=CAL0000009847&column=szBarcode,BSI+NMPB,HIGH,False,1279,649
PLANT-1544,Oxyria digyna (L.) Hill,Amlu (Punjab),POLYGONACEAE,Amlu (Punjab),,,,,,,,https://archive.bsi.gov.in/echoHerbarium-Details/en?link=CAL0000013416&column=szBarcode,BSI,SOURCE_ONLY,False,1280,
PLANT-1545,Oxystelma secamone (L.) K.Schum.,Dudhialata,ASCLEPIADACEAE,Dudhialata,,,,,,,,https://archive.bsi.gov.in/echoHerbarium-Details/en?link=CAL0000009469&column=szBarcode,BSI,SOURCE_ONLY,False,1281,
PLANT-1546,Pachygone ovata (Poir.) Miers ex,"Kadukkod; i, Pedda; Dusar tree",MENISPERMACEAE,"Kadukkod; i, Pedda; Dusar tree",,,,Leaf,Climber,F,,,NMPB,SOURCE_ONLY,False,,650
PLANT-1547,Pachyrrhizus erosus (L.) Urban,Sankalu,FABACEAE,Sankalu,,,,,,,,https://archive.bsi.gov.in/echoHerbarium-Details/en?link=CAL0000008587&column=szBarcode,BSI,SOURCE_ONLY,False,1282,
PLANT-1548,Paederia foetida L.,Prasaarani,RUBIACEAE,Prasaarani; Prasarini,Ayurveda,,,"Root,; Whole Plant",Climber,A,Prasarini,,NMPB,SOURCE_ONLY,False,,651
PLANT-1549,Paederia scandens (Lour.) Merr.,"Gandha prasarini, Somaraji",RUBIACEAE,"Gandha prasarini, Somaraji; Prasaarani",,,,Whole Plant,Shrub,F,,https://archive.bsi.gov.in/echoHerbarium-Details/en?link=CAL0000009593&column=szBarcode,BSI+NMPB,HIGH,False,1283,652
PLANT-1550,Paeonia emodi Wall. ex Hook.f.,Chandayra,PAEONIACEAE,Chandayra; Ud saleev,Ayurveda,,,Root,Shrub,AU,,https://archive.bsi.gov.in/echoHerbarium-Details/en?link=CAL0000013916&column=szBarcode,BSI+NMPB,HIGH,False,1284,653
PLANT-1551,Pajanelia longifolia (Willd.) K.Schum.,Doundi (Mar.),BIGNONIACEAE,Doundi (Mar.),,,,,,,,https://archive.bsi.gov.in/echoHerbarium-Details/en?link=CAL0000009120&column=szBarcode,BSI,SOURCE_ONLY,False,1285,
PLANT-1552,Panax ginseng C.A.Mey.,Ginseng,ARALIACEAE,Ginseng,,,,Root,Herb,W,,,NMPB,SOURCE_ONLY,False,,654
PLANT-1553,Panax pseudo-ginseng Wall.,Asiatic or Chinese Ginseng (Eng.),ARALIACEAE,Asiatic or Chinese Ginseng (Eng.),,,,,,,,https://archive.bsi.gov.in/echoHerbarium-Details/en?link=CAL0000013551&column=szBarcode,BSI,SOURCE_ONLY,False,1286,
PLANT-1554,Panax pseudoginseng Wall.,Ginseng,ARALIACEAE,Ginseng,,,,Root,Herb,FHW,,,NMPB,SOURCE_ONLY,False,,655
PLANT-1555,Pandanus fascicularis Lam.,"Kewada,; Ketaki",PANDANACEAE,"Kewada,; Ketaki; Ketaki",Ayurveda,,,"Flower, Stem",Shrub,AF,Ketaki,,NMPB,SOURCE_ONLY,False,,656
PLANT-1556,Panicum antidotale Retz.,Gunara,POACEAE,Gunara,,,,,,,,https://archive.bsi.gov.in/echoHerbarium-Details/en?link=CAL0000002944&column=szBarcode,BSI,SOURCE_ONLY,False,1287,
PLANT-1557,Panicum incomtum Trin.,Cheen,POACEAE,Cheen,,,,,,,,https://archive.bsi.gov.in/echoHerbarium-Details/en?link=CAL0000002941&column=szBarcode,BSI,SOURCE_ONLY,False,1288,
PLANT-1558,Panicum maximum Jacq.,Gini pullu; Gini hullu (Tam.),POACEAE,Gini pullu; Gini hullu (Tam.),,,,,,,,https://archive.bsi.gov.in/echoHerbarium-Details/en?link=CAL0000002942&column=szBarcode,BSI,SOURCE_ONLY,False,1289,
PLANT-1559,Papaver argemone L.,"Bharbhand, Seyalkata (Beng.)",PAPAVERACEAE,"Bharbhand, Seyalkata (Beng.)",,,,,,,,https://archive.bsi.gov.in/echoHerbarium-Details/en?link=CAL0000013880&column=szBarcode,BSI,SOURCE_ONLY,False,1290,
PLANT-1560,Papaver dubium L.,Long-Head Poppy (Eng.),PAPAVERACEAE,Long-Head Poppy (Eng.),,,,,,,,https://archive.bsi.gov.in/echoHerbarium-Details/en?link=CAL0000013884&column=szBarcode,BSI,SOURCE_ONLY,False,1291,
PLANT-1561,Papaver hybridum L.,Rough Poppy (Eng.),PAPAVERACEAE,Rough Poppy (Eng.),,,,,,,,https://archive.bsi.gov.in/echoHerbarium-Details/en?link=CAL0000013881&column=szBarcode,BSI,SOURCE_ONLY,False,1292,
PLANT-1562,Papaver nudicaule L.,Iceland Poppy (Eng.),PAPAVERACEAE,Iceland Poppy (Eng.),,,,,,,,https://archive.bsi.gov.in/echoHerbarium-Details/en?link=CAL0000013886&column=szBarcode,BSI,SOURCE_ONLY,False,1293,
PLANT-1563,Papaver orientale L.,Oriental Poppy (Eng.),PAPAVERACEAE,Oriental Poppy (Eng.),,,,,,,,https://archive.bsi.gov.in/echoHerbarium-Details/en?link=CAL0000013882&column=szBarcode,BSI,SOURCE_ONLY,False,1294,
PLANT-1564,Papaver rhoeas L.,"Lalpost, Post",PAPAVERACEAE,"Lalpost, Post",,,,,,,,https://archive.bsi.gov.in/echoHerbarium-Details/en?link=CAL0000013885&column=szBarcode,BSI,SOURCE_ONLY,False,1295,
PLANT-1565,Papaver somniferum L.,"Aphim, Posto (Beng.)",PAPAVERACEAE,"Aphim, Posto (Beng.); Postdan; a,; Khaskh; Khaskhasa",Ayurveda,,,"Fruit (Seed),; Seed Coat",Herb,AFHSUW,Khaskhasa,https://archive.bsi.gov.in/echoHerbarium-Details/en?link=CAL0000013883&column=szBarcode,BSI+NMPB,HIGH,False,1296,657
PLANT-1566,Paracalyx scariosa (Roxb.) Ali,"Simbi, Toranvel (Local nmaes)",FABACEAE,"Simbi, Toranvel (Local nmaes)",,,,,,,,https://archive.bsi.gov.in/echoHerbarium-Details/en?link=CAL0000008589&column=szBarcode,BSI,SOURCE_ONLY,False,1297,
PLANT-1567,Parameria polyneura Hook.f.,Mikirtengalata (Assam),APOCYNACEAE,Mikirtengalata (Assam),,,,,,,,https://archive.bsi.gov.in/echoHerbarium-Details/en?link=CAL0000009660&column=szBarcode,BSI,SOURCE_ONLY,False,1298,
PLANT-1568,Paramignya angulata Kurz,Ban nimbu (Beng.),RUTACEAE,Ban nimbu (Beng.),,,,,,,,https://archive.bsi.gov.in/echoHerbarium-Details/en?link=CAL0000009828&column=szBarcode,BSI,SOURCE_ONLY,False,1299,
PLANT-1569,Paramignya monophylla Wight,Kurwa-wagutti (Mar.),RUTACEAE,Kurwa-wagutti (Mar.),,,,,,,,https://archive.bsi.gov.in/echoHerbarium-Details/en?link=CAL0000009829&column=szBarcode,BSI,SOURCE_ONLY,False,1300,
PLANT-1570,Paris polyphylla Sm.,"Daiswa; as; paris,; Svetavaca",MELANTHIACEAE,"Daiswa; as; paris,; Svetavaca",Ayurveda,,,Root,Herb,A,,,NMPB,SOURCE_ONLY,False,,658
PLANT-1571,Parmelia kamstchadalis Ach.,Chadela; Dagadphool; (Subs.),PARMELIACEAE,Chadela; Dagadphool; (Subs.),,,,Fruit; (Fruiting; Thallus),Herb,F,,,NMPB,SOURCE_ONLY,False,,659
PLANT-1572,Parmelia perforata Ach.,Chadela; Dagadphool; (Subs.),PARMELIACEAE,Chadela; Dagadphool; (Subs.),Ayurveda,,,Fruiting; Thallus,Herb,AU,,,NMPB,SOURCE_ONLY,False,,660
PLANT-1573,Parmelia perlata (Huds.) Ach.,Chadela; Dagadphool; (Subs.),PARMELIACEAE,Chadela; Dagadphool; (Subs.); Saileya,Ayurveda,,,Fruiting; Thallus,Herb,ASTU,Saileya,,NMPB,SOURCE_ONLY,False,,661
PLANT-1574,Parsonsia helicandra Hook. & Arn.,Penalivalli (Mal.),APOCYNACEAE,Penalivalli (Mal.),,,,,,,,https://archive.bsi.gov.in/echoHerbarium-Details/en?link=CAL0000009456&column=szBarcode,BSI,SOURCE_ONLY,False,1301,
PLANT-1575,Paspalum scrobiculatum L.,"Kodo, Kodra",POACEAE,"Kodo, Kodra",,,,,,,,https://archive.bsi.gov.in/echoHerbarium-Details/en?link=CAL0000002945&column=szBarcode,BSI,SOURCE_ONLY,False,1302,
PLANT-1576,Passiflora edulis Sims,Passion Fruit (Eng.),PASSIFLORACEAE,Passion Fruit (Eng.),,,,,,,,https://archive.bsi.gov.in/echoHerbarium-Details/en?link=CAL0000013526&column=szBarcode,BSI,SOURCE_ONLY,False,1303,
PLANT-1577,Passiflora foetida L.,"Jhumkalata, Tellajumiki (Tel.)",PASSIFLORACEAE,"Jhumkalata, Tellajumiki (Tel.); Foul passiflora Climber",Ayurveda,,,Whole Plant,,AFS,,https://archive.bsi.gov.in/echoHerbarium-Details/en?link=CAL0000013525&column=szBarcode,BSI+NMPB,HIGH,False,1304,662
PLANT-1578,Passiflora incarnata L.,Passion flower Climber,PASSIFLORACEAE,Passion flower Climber,,,,"Flower, Stem",,HW,,,NMPB,SOURCE_ONLY,False,,663
PLANT-1579,Pavetta crassicaulis Bremek.,"Kankra, Papari",RUBIACEAE,"Kankra, Papari",,,,,,,,https://archive.bsi.gov.in/echoHerbarium-Details/en?link=CAL0000009587&column=szBarcode,BSI,SOURCE_ONLY,False,1305,
PLANT-1580,Pavonia odorata Willd.,Sugandha-bala,MALVACEAE,"Sugandha-bala; Moramasi,; Sugandhabala",Ayurveda,,,"Fruit, Root,; Stem",Herb,AFST,,https://archive.bsi.gov.in/echoHerbarium-Details/en?link=CAL0000013833&column=szBarcode,BSI+NMPB,HIGH,False,1306,664
PLANT-1581,Pavonia zeylanica (L.) Cav.,Pera mutti (Tel.),MALVACEAE,Pera mutti (Tel.); Sitranmuttiver Herb,Ayurveda,,,Root,,AFS,,https://archive.bsi.gov.in/echoHerbarium-Details/en?link=CAL0000013834&column=szBarcode,BSI+NMPB,HIGH,False,1307,665
PLANT-1582,Pedalium murex L.,"Bara-gokhru, Kadvagokkru",PEDALIACEAE,"Bara-gokhru, Kadvagokkru; Gokhru bada",Ayurveda,,,"Fruit, Root,; Stem",Herb,AFSU,,https://archive.bsi.gov.in/echoHerbarium-Details/en?link=CAL0000009088&column=szBarcode,BSI+NMPB,HIGH,False,1308,666
PLANT-1583,Pedicularis pectinata Wall. ex Benth.,Mishran (Punjab),SCROPHULARIACEAE,Mishran (Punjab),,,,,,,,https://archive.bsi.gov.in/echoHerbarium-Details/en?link=CAL0000008757&column=szBarcode,BSI,SOURCE_ONLY,False,1309,
PLANT-1584,Pedicularis siphonantha D.Don,Tube Lousewort (Eng.),SCROPHULARIACEAE,Tube Lousewort (Eng.),,,,,,,,https://archive.bsi.gov.in/echoHerbarium-Details/en?link=CAL0000008759&column=szBarcode,BSI,SOURCE_ONLY,False,1310,
PLANT-1585,Pedilanthus tithymaloides (L.) Poit.,"Nagdaman, Rangchita (Beng.)",EUPHORBIACEAE,"Nagdaman, Rangchita (Beng.)",,,,,,,,https://archive.bsi.gov.in/echoHerbarium-Details/en?link=CAL0000008799&column=szBarcode,BSI,SOURCE_ONLY,False,1311,
PLANT-1586,Peganum harmala L.,"Harmal, Isband-lahouri",RUTACEAE,"Harmal, Isband-lahouri; Harmal; Names",Ayurveda,,,Fruit (Seed),Herb,AFSU**,Names,https://archive.bsi.gov.in/echoHerbarium-Details/en?link=CAL0000009844&column=szBarcode,BSI+NMPB,HIGH,False,1312,667
PLANT-1587,Pelargonium graveolens L'Herit.,Rose-Scented Geranium (Eng.),GERANIACEAE,Rose-Scented Geranium (Eng.),,,,,,,,https://archive.bsi.gov.in/echoHerbarium-Details/en?link=CAL0000009848&column=szBarcode,BSI,SOURCE_ONLY,False,1313,
PLANT-1588,Pellaea hastata (Thunb.) Prantl.,Cliff brake (Eng.),ADIANTACEAE,Cliff brake (Eng.),,,,,,,,https://archive.bsi.gov.in/echoHerbarium-Details/en?link=CAL0000008549&column=szBarcode,BSI,SOURCE_ONLY,False,1314,
PLANT-1589,Pentapetes phoenicea L.,Dopahariya,STERCULIACEAE,"Dopahariya; Dopohoria,; Pushparakta",Ayurveda,,,Flower,Herb,AFS,,https://archive.bsi.gov.in/echoHerbarium-Details/en?link=CAL0000013935&column=szBarcode,BSI+NMPB,HIGH,False,1315,668
PLANT-1590,Pentatropis spiralis (Forsk.) Decne,Kauathodi,ASCLEPIADACEAE,Kauathodi,,,,,,,,https://archive.bsi.gov.in/echoHerbarium-Details/en?link=CAL0000009474&column=szBarcode,BSI,SOURCE_ONLY,False,1316,
PLANT-1591,Pergularia daemia (Forsk.) Choiv.,"Uttaranajutuka, Sagovani",ASCLEPIADACEAE,"Uttaranajutuka, Sagovani; Atrilal",Ayurveda,,,Leaf,Climber,AFS,,https://archive.bsi.gov.in/echoHerbarium-Details/en?link=CAL0000009486&column=szBarcode,BSI+NMPB,HIGH,False,1317,669
PLANT-1592,Pericampylus glaucus (Lam.) Miers.,Barakkanta,MENISPERMACEAE,Barakkanta,,,,Root,Climber,F,,https://archive.bsi.gov.in/echoHerbarium-Details/en?link=CAL0000013897&column=szBarcode,BSI+NMPB,HIGH,False,1318,670
PLANT-1593,Perilepta auriculata (Nees) Bremek,Phandadi (Guj),ACANTHACEAE,Phandadi (Guj),,,,,,,,https://archive.bsi.gov.in/echoHerbarium-Details/en?link=CAL0000013335&column=szBarcode,BSI,SOURCE_ONLY,False,1319,
PLANT-1594,Perilla frutescens (L.) Britton,Bhanjira,LAMIACEAE,Bhanjira,,,,,,,,https://archive.bsi.gov.in/echoHerbarium-Details/en?link=CAL0000008683&column=szBarcode,BSI,SOURCE_ONLY,False,1320,
PLANT-1595,Periploca aphylla Decne.,Bata (Punjab),PERIPLOCACEAE,Bata (Punjab),,,,,,,,https://archive.bsi.gov.in/echoHerbarium-Details/en?link=CAL0000013511&column=szBarcode,BSI,SOURCE_ONLY,False,1321,
PLANT-1596,Peristrophe bicalyculata (Retz.) Nees,Atrilal,ACANTHACEAE,Atrilal; Kakajangha,,,,Whole Plant,Herb,F,Kakajangha,https://archive.bsi.gov.in/echoHerbarium-Details/en?link=CAL0000013311&column=szBarcode,BSI+NMPB,HIGH,False,1322,671
PLANT-1597,Peristrophe roxburghiana (Roem. & Schult.) Bremek.,Magenta plant (Eng.),ACANTHACEAE,Magenta plant (Eng.),,,,,,,,https://archive.bsi.gov.in/echoHerbarium-Details/en?link=CAL0000013309&column=szBarcode,BSI,SOURCE_ONLY,False,1323,
PLANT-1598,Perovskia abrotanoides Kar.,Shanshohai (Pushtu),LAMIACEAE,Shanshohai (Pushtu),,,,,,,,https://archive.bsi.gov.in/echoHerbarium-Details/en?link=CAL0000008739&column=szBarcode,BSI,SOURCE_ONLY,False,1324,
PLANT-1599,Petroselinum crispum (Mill.) Airy-Shaw,Achu mooda (Kan.),APIACEAE,Achu mooda (Kan.),,,,,,,,https://archive.bsi.gov.in/echoHerbarium-Details/en?link=CAL0000013529&column=szBarcode,BSI,SOURCE_ONLY,False,1325,
PLANT-1600,Peucedanum dhana Buch.-Ham. ex C.B.Clarke,Bhoj raj (Bihar),APIACEAE,Bhoj raj (Bihar),,,,,,,,https://archive.bsi.gov.in/echoHerbarium-Details/en?link=CAL0000013519&column=szBarcode,BSI,SOURCE_ONLY,False,1326,
PLANT-1601,Peucedanum grande C.B.Clarke,Duku,APIACEAE,Duku; Baphli,Ayurveda,,,Fruit,Herb,AU,,https://archive.bsi.gov.in/echoHerbarium-Details/en?link=CAL0000013522&column=szBarcode,BSI+NMPB,HIGH,False,1327,672
PLANT-1602,Peucedanum nagpurense Prain,Tej raj (Beng.),APIACEAE,Tej raj (Beng.),,,,,,,,https://archive.bsi.gov.in/echoHerbarium-Details/en?link=CAL0000013521&column=szBarcode,BSI,SOURCE_ONLY,False,1328,
PLANT-1603,Phaseolus adenanthus G.F.Meyer,Banbarbati (Beng.),FABACEAE,Banbarbati (Beng.),,,,,,,,https://archive.bsi.gov.in/echoHerbarium-Details/en?link=CAL0000003319&column=szBarcode,BSI,SOURCE_ONLY,False,1329,
PLANT-1604,Phaseolus lunatus L.,Sem,FABACEAE,Sem,,,,,,,,https://archive.bsi.gov.in/echoHerbarium-Details/en?link=CAL0000003311&column=szBarcode,BSI,SOURCE_ONLY,False,1330,
PLANT-1605,Phaseolus vulgaris L.,"Bakla, Lobia",FABACEAE,"Bakla, Lobia",,,,,,,,https://archive.bsi.gov.in/echoHerbarium-Details/en?link=CAL0000003310&column=szBarcode,BSI,SOURCE_ONLY,False,1331,
PLANT-1606,Phlogacanthus thyrsiflorus (Roxb.) Nees,Banheka (Assam),ACANTHACEAE,Banheka (Assam),,,,,,,,https://archive.bsi.gov.in/echoHerbarium-Details/en?link=CAL0000013329&column=szBarcode,BSI,SOURCE_ONLY,False,1332,
PLANT-1607,Phoenix dactylifera L.,Kejuri (Assamese),ARECACEAE,Kejuri (Assamese); Khajur; Kharjura,Ayurveda,,,Fruit,Tree,AFSU,Kharjura,https://archive.bsi.gov.in/echoHerbarium-Details/en?link=CAL0000002947&column=szBarcode,BSI+NMPB,HIGH,False,1333,673
PLANT-1608,Phoenix loureirii Kunth; [= P. humilis Royle; var. pedunculata Becc.],Sitreechu,ARECACEAE,Sitreechu,,,,Fruit,Tree,S,,,NMPB,SOURCE_ONLY,False,,674
PLANT-1609,Phoenix pusilla Gaertn.,"Chiruata-ita, chitti-ita (Tel.)",ARECACEAE,"Chiruata-ita, chitti-ita (Tel.); Chitteenth",Ayurveda,,,Root,Shrub,AF,,https://archive.bsi.gov.in/echoHerbarium-Details/en?link=CAL0000002948&column=szBarcode,BSI+NMPB,HIGH,False,1334,675
PLANT-1610,Phoenix sylvestris (L.) Roxb.,"Khajur, Khajuri",ARECACEAE,"Khajur, Khajuri; Khajur",Ayurveda,,,Root; (Tuber/Pith),Tree,AFST,,https://archive.bsi.gov.in/echoHerbarium-Details/en?link=CAL0000002949&column=szBarcode,BSI+NMPB,HIGH,False,1335,676
PLANT-1611,Phyla nodiflora (L.) Greene,"Jalpapli, Panisigaa",VERBENACEAE,"Jalpapli, Panisigaa; Chota-okra,; Jalpippali; Jalapippali",Ayurveda,,,Whole Plant,Herb,AFS,Jalapippali,https://archive.bsi.gov.in/echoHerbarium-Details/en?link=CAL0000013206&column=szBarcode,BSI+NMPB,HIGH,False,1336,677
PLANT-1612,Phyllanthus acidus (L.) Skeels,"Chalmeri, Harfarauri",EUPHORBIACEAE,"Chalmeri, Harfarauri",,,,,,,,https://archive.bsi.gov.in/echoHerbarium-Details/en?link=CAL0000008811&column=szBarcode,BSI,SOURCE_ONLY,False,1337,
PLANT-1613,Phyllanthus amarus Schumach. & Thonn.; [= P. fraternus Webst.],Bhumiamla,EUPHORBIACEAE,Bhumiamla; Tamalaki,Ayurveda,,,Whole Plant,Herb,AFS,Tamalaki,,NMPB,SOURCE_ONLY,False,,678
PLANT-1614,Phyllanthus debilis Klein ex Willd.,Bhumiamla,EUPHORBIACEAE,Bhumiamla,,,,Whole Plant,Herb,F,,,NMPB,SOURCE_ONLY,False,,679
PLANT-1615,Phyllanthus fraternus Webster,"Jaramla, Jangli amli",EUPHORBIACEAE,"Jaramla, Jangli amli",,,,,,,,https://archive.bsi.gov.in/echoHerbarium-Details/en?link=CAL0000008793&column=szBarcode,BSI,SOURCE_ONLY,False,1338,
PLANT-1616,Phyllanthus maderaspatensis L.,"Kanocha, Bazarmani",EUPHORBIACEAE,"Kanocha, Bazarmani; Kanocha",Ayurveda,,,"Fruit (Seed),; Whole Plant",Herb,AFSU,,https://archive.bsi.gov.in/echoHerbarium-Details/en?link=CAL0000008812&column=szBarcode,BSI+NMPB,HIGH,False,1339,680
PLANT-1617,Phyllanthus reticulatus Poir.; [ = Kirganelia reticulata (Poir.) Baill.],Buinowla,EUPHORBIACEAE,Buinowla; Names,Ayurveda,,,Root,Shrub,AFS**,Names,,NMPB,SOURCE_ONLY,False,,681
PLANT-1618,Phyllanthus urinaria L.,"Lal-bhuin anvalah, Hazarmani",EUPHORBIACEAE,"Lal-bhuin anvalah, Hazarmani; Lal-Bhuin-; Anvalah",Ayurveda,,,Whole Plant,Herb,AS,,https://archive.bsi.gov.in/echoHerbarium-Details/en?link=CAL0000008816&column=szBarcode,BSI+NMPB,HIGH,False,1340,682
PLANT-1619,Phyllanthus virgatus Forst.,Bhuiavali (Mar.),EUPHORBIACEAE,Bhuiavali (Mar.); Niruri,,,,Whole Plant,Herb,F,,https://archive.bsi.gov.in/echoHerbarium-Details/en?link=CAL0000008814&column=szBarcode,BSI+NMPB,HIGH,False,1341,683
PLANT-1620,Phyllochlamys taxoides Koord.,Sheora (Beng.),MORACEAE,Sheora (Beng.),,,,,,,,https://archive.bsi.gov.in/echoHerbarium-Details/en?link=CAL0000009200&column=szBarcode,BSI,SOURCE_ONLY,False,1342,
PLANT-1621,Phyllostachys bambusoides Sieb. & Zucc.,Banslochan; (Subs.),POACEAE,Banslochan; (Subs.),,,,Exudate,Herb,F,,,NMPB,SOURCE_ONLY,False,,684
PLANT-1622,Physalis angulata L.,Popti (Mar.),SOLANACEAE,Popti (Mar.),,,,,,,,https://archive.bsi.gov.in/echoHerbarium-Details/en?link=CAL0000009181&column=szBarcode,BSI,SOURCE_ONLY,False,1343,
PLANT-1623,Physalis minima L.,Tulati pati,SOLANACEAE,"Tulati pati; Tulatipati,; Tankari",Ayurveda,,,"Leaf,; Whole Plant",Herb,AFST,,https://archive.bsi.gov.in/echoHerbarium-Details/en?link=CAL0000009179&column=szBarcode,BSI+NMPB,HIGH,False,1344,685
PLANT-1624,Physalis peruviana L.,Tipari,SOLANACEAE,Tipari,,,,,,,,https://archive.bsi.gov.in/echoHerbarium-Details/en?link=CAL0000009180&column=szBarcode,BSI,SOURCE_ONLY,False,1345,
PLANT-1625,Physochlaina praealta (Walp.) Hook.f.,Sholar (Punjab),SOLANACEAE,"Sholar (Punjab); Lal tang,; Bajar; Bang",,,,Whole Plant,Herb,F,,https://archive.bsi.gov.in/echoHerbarium-Details/en?link=CAL0000009187&column=szBarcode,BSI+NMPB,HIGH,False,1346,686
PLANT-1626,Phytolacca acinosa Roxb.,"Matazor, Sarangum",PHYTOLACCACEAE,"Matazor, Sarangum",,,,,,,,https://archive.bsi.gov.in/echoHerbarium-Details/en?link=CAL0000009087&column=szBarcode,BSI,SOURCE_ONLY,False,1347,
PLANT-1627,Picororhiza kurroa Royle ex Benth.,"Kuru, Kutki",SCROPHULARIACEAE,"Kuru, Kutki",,,,,,,,https://archive.bsi.gov.in/echoHerbarium-Details/en?link=CAL0000008745&column=szBarcode,BSI,SOURCE_ONLY,False,1348,
PLANT-1628,Picrasma javanica Blume,Bonposhla (Assam),SIMAROUBACEAE,Bonposhla (Assam),,,,,,,,https://archive.bsi.gov.in/echoHerbarium-Details/en?link=CAL0000009851&column=szBarcode,BSI,SOURCE_ONLY,False,1349,
PLANT-1629,Picrasma quassioides (D.Don) Benn.,"Bharangi, Charangi",SIMAROUBACEAE,"Bharangi, Charangi; Bharangi,; Kadavi",Ayurveda,,,Bark (Stem),Tree,AU,,https://archive.bsi.gov.in/echoHerbarium-Details/en?link=CAL0000009849&column=szBarcode,BSI+NMPB,HIGH,False,1350,687
PLANT-1630,Picris hieracioides L.,Hawk Weed (Eng.),ASTERACEAE,Hawk Weed (Eng.),,,,,,,,https://archive.bsi.gov.in/echoHerbarium-Details/en?link=CAL0000009330&column=szBarcode,BSI,SOURCE_ONLY,False,1351,
PLANT-1631,Picrorhiza kurroa Royle ex Benth.,Kutaki,SCROPHULARIACEAE,Kutaki; Katuka,Ayurveda,,,Root,Herb,AFSTU,Katuka,,NMPB,SOURCE_ONLY,False,,688
PLANT-1632,Picrorhiza scrophulariiflora Pennell,Kutki,SCROPHULARIACEAE,Kutki,Ayurveda,,,Root; (Rhizome),Herb,A,,,NMPB,SOURCE_ONLY,False,,689
PLANT-1633,Pilea microphylla (L.) Liebm.,Artillery Plant (Eng.),URTICACEAE,Artillery Plant (Eng.),,,,,,,,https://archive.bsi.gov.in/echoHerbarium-Details/en?link=CAL0000013388&column=szBarcode,BSI,SOURCE_ONLY,False,1352,
PLANT-1634,Pimpinella anisum L.,"Saunf, Badian",APIACEAE,"Saunf, Badian; Ajamoda,; Badiyan; Khathayi; Anisuna",Ayurveda,,,Fruit,Herb,AHSUW,Anisuna,https://archive.bsi.gov.in/echoHerbarium-Details/en?link=CAL0000013532&column=szBarcode,BSI+NMPB,HIGH,False,1353,690
PLANT-1635,Pimpinella heyneana Wall.,Selvanthachedi (Tamil),APIACEAE,Selvanthachedi (Tamil),,,,,,,,https://archive.bsi.gov.in/echoHerbarium-Details/en?link=CAL0000013514&column=szBarcode,BSI,SOURCE_ONLY,False,1354,
PLANT-1636,Pinanga dicksonii (Roxb.) Scheffer,"Mala-adakka (Malayalam, Kaana Kamugu) (Tam.)",ARECACEAE,"Mala-adakka (Malayalam, Kaana Kamugu) (Tam.)",,,,,,,,https://archive.bsi.gov.in/echoHerbarium-Details/en?link=CAL0000002952&column=szBarcode,BSI,SOURCE_ONLY,False,1355,
PLANT-1637,Pinus gerardiana Wall. ex Lamb,"Chilgoza, Neoza (seeds)",PINACEAE,"Chilgoza, Neoza (seeds)",,,,,,,,https://archive.bsi.gov.in/echoHerbarium-Details/en?link=CAL0000009091&column=szBarcode,BSI,SOURCE_ONLY,False,1356,
PLANT-1638,Pinus roxburghii Sargent.,"Chir, Cheed",PINACEAE,"Chir, Cheed; Gandabiroja; Sarala",Ayurveda,,,"Oleo-Resin,; Root",Tree,AFSTU,Sarala,https://archive.bsi.gov.in/echoHerbarium-Details/en?link=CAL0000009092&column=szBarcode,BSI+NMPB,HIGH,False,1357,691
PLANT-1639,Piper betle L.,Betle,PIPERACEAE,Betle; Nagavalli,Ayurveda,,,Leaf,Climber,AFSTU,Nagavalli,,NMPB,SOURCE_ONLY,False,,692
PLANT-1640,Piper chaba Hunter; [= P. retrofractum Vahl.],"Kabab; chini,; Chavya,; Gajpippal",PIPERACEAE,"Kabab; chini,; Chavya,; Gajpippal; Cavya",Ayurveda,,,"Fruit, Stem",Climber,ATU,Cavya,,NMPB,SOURCE_ONLY,False,,693
PLANT-1641,Piper cubeba L.f.,Kabab chini,PIPERACEAE,Kabab chini; Tailed pepper; Kankola,Ayurveda,,,Fruit,Climber,AFHSTUW,Kankola,https://archive.bsi.gov.in/echoHerbarium-Details/en?link=CAL0000008584&column=szBarcode,BSI+NMPB,HIGH,False,1358,694
PLANT-1642,Piper longum L.,"Pipal, Pipli",PIPERACEAE,"Pipal, Pipli; Pipal, Thippili,; Pippali; Pippalimula,",Ayurveda,,,"Root, Fruit",Shrub,AFSTU,"Pippalimula,",https://archive.bsi.gov.in/echoHerbarium-Details/en?link=CAL0000009110&column=szBarcode,BSI+NMPB,HIGH,False,1359,695
PLANT-1643,Piper nigrum L.,"Pipal Gol,; Kalimirch",PIPERACEAE,"Pipal Gol,; Kalimirch; Marica",Ayurveda,,,"Stem, Fruit",Climber,AFHSTU,Marica,,NMPB,SOURCE_ONLY,False,,696
PLANT-1644,Piper peepuloides Roxb.,Pippali (Subs.),PIPERACEAE,Pippali (Subs.); Names,,,,Fruit,Climber,F**,Names,,NMPB,SOURCE_ONLY,False,,697
PLANT-1645,Piper retrofractum Vahl,"Chab, Chavi",PIPERACEAE,"Chab, Chavi",,,,,,,,https://archive.bsi.gov.in/echoHerbarium-Details/en?link=CAL0000009113&column=szBarcode,BSI,SOURCE_ONLY,False,1360,
PLANT-1646,Piper sarmentosum Roxb.,"Tippili (Tam.), Pipul (Beng.)",PIPERACEAE,"Tippili (Tam.), Pipul (Beng.)",,,,,,,,https://archive.bsi.gov.in/echoHerbarium-Details/en?link=CAL0000008585&column=szBarcode,BSI,SOURCE_ONLY,False,1361,
PLANT-1647,Piper sylvaticum Roxb.,Pahari pipul (Beng.),PIPERACEAE,Pahari pipul (Beng.),,,,,,,,https://archive.bsi.gov.in/echoHerbarium-Details/en?link=CAL0000009108&column=szBarcode,BSI,SOURCE_ONLY,False,1362,
PLANT-1648,Piper trioicum Roxb.,Kattumulaku (Malayalam),PIPERACEAE,Kattumulaku (Malayalam),,,,,,,,https://archive.bsi.gov.in/echoHerbarium-Details/en?link=CAL0000009112&column=szBarcode,BSI,SOURCE_ONLY,False,1363,
PLANT-1649,Piper wallichii (Miq.) Hand.-Mazz.,Shambhaluka,PIPERACEAE,Shambhaluka; Renukbeej; (Nagodbee; j),Ayurveda,,,"Fruit; (Fruit, Seed)",Climber,AF,,https://archive.bsi.gov.in/echoHerbarium-Details/en?link=CAL0000009107&column=szBarcode,BSI+NMPB,HIGH,False,1364,698
PLANT-1650,Pisonia mitis L.,Lechai (Tam.),NYCTAGINACEAE,Lechai (Tam.),,,,,,,,https://archive.bsi.gov.in/echoHerbarium-Details/en?link=CAL0000009196&column=szBarcode,BSI,SOURCE_ONLY,False,1365,
PLANT-1651,Pistacia integerrima Stew. ex Brand.; [= P. chinensis Bunge; var. integerrima Brandis],Kakarsinghi,PISTACIACEAE,Kakarsinghi,Ayurveda,,,Galls,Tree,A,,,NMPB,SOURCE_ONLY,False,,699
PLANT-1652,Pistacia kinjuk Stocks,"Kakra, Kakri (N.W. Himalayas)",ANACARDIACEAE,"Kakra, Kakri (N.W. Himalayas)",,,,,,,,https://archive.bsi.gov.in/echoHerbarium-Details/en?link=CAL0000008741&column=szBarcode,BSI,SOURCE_ONLY,False,1366,
PLANT-1653,Pistacia lentiscus L.,Mastic Tree,ANACARDIACEAE,"Mastic Tree; Rumimasta; gi, Mastangi; Rumimastagi",Ayurveda,,,Gum,Shrub,ASU,Rumimastagi,https://archive.bsi.gov.in/echoHerbarium-Details/en?link=CAL0000003374&column=szBarcode,BSI+NMPB,HIGH,False,1367,700
PLANT-1654,Pistacia vera L.,Pistachio (Eng.),ANACARDIACEAE,Pistachio (Eng.); Magaj; Pista; Irani,Ayurveda,,,Fruit (Seed),Shrub,AU,,https://archive.bsi.gov.in/echoHerbarium-Details/en?link=CAL0000003373&column=szBarcode,BSI+NMPB,HIGH,False,1368,701
PLANT-1655,Pistia stratiotes L.,"Jalkhumbi, Takapana",ARACEAE,"Jalkhumbi, Takapana",,,,,,,,https://archive.bsi.gov.in/echoHerbarium-Details/en?link=CAL0000002993&column=szBarcode,BSI,SOURCE_ONLY,False,1369,
PLANT-1656,Pisum sativum L.,Matar,FABACEAE,Matar,,,,,,,,https://archive.bsi.gov.in/echoHerbarium-Details/en?link=CAL0000003321&column=szBarcode,BSI,SOURCE_ONLY,False,1370,
PLANT-1657,Pithecellobium angulatum Benth.,Bhasahu (Assam),MIMOSACEAE,Bhasahu (Assam),,,,,,,,https://archive.bsi.gov.in/echoHerbarium-Details/en?link=CAL0000003458&column=szBarcode,BSI,SOURCE_ONLY,False,1371,
PLANT-1658,Pithecellobium clypearia Benth.,Bhasahu (Assam),MIMOSACEAE,Bhasahu (Assam),,,,,,,,https://archive.bsi.gov.in/echoHerbarium-Details/en?link=CAL0000008594&column=szBarcode,BSI,SOURCE_ONLY,False,1372,
PLANT-1659,Pithecellobium dulce (Roxb.) Benth.,"Vilayati babul, Vilayati Imli",MIMOSACEAE,"Vilayati babul, Vilayati Imli",,,,,,,,https://archive.bsi.gov.in/echoHerbarium-Details/en?link=CAL0000008596&column=szBarcode,BSI,SOURCE_ONLY,False,1373,
PLANT-1660,Pithecellobium monadelphum (Roxb.) Koster,Kachlora,MIMOSACEAE,Kachlora,,,,,,,,https://archive.bsi.gov.in/echoHerbarium-Details/en?link=CAL0000003404&column=szBarcode,BSI,SOURCE_ONLY,False,1374,
PLANT-1661,Pittosporum napaulense (DC.) Rehder & E.H.Wilson,"Tumari (Hindi), Vikhari (Mar.)",PITTOSPORACEAE,"Tumari (Hindi), Vikhari (Mar.)",,,,,,,,https://archive.bsi.gov.in/echoHerbarium-Details/en?link=CAL0000013976&column=szBarcode,BSI,SOURCE_ONLY,False,1375,
PLANT-1662,Plantago amplexicaulis Cav.,Isafghol (Punjab),PLANTAGINACEAE,Isafghol (Punjab),,,,,,,,https://archive.bsi.gov.in/echoHerbarium-Details/en?link=CAL0000013356&column=szBarcode,BSI,SOURCE_ONLY,False,1376,
PLANT-1663,Plantago himalaica Pilger,Ashwakarn,PLANTAGINACEAE,Ashwakarn,,,,,,,,https://archive.bsi.gov.in/echoHerbarium-Details/en?link=CAL0000013354&column=szBarcode,BSI,SOURCE_ONLY,False,1377,
PLANT-1664,Plantago lanceolata L.,Baltanga,PLANTAGINACEAE,"Baltanga; Baltanga,; English; plantain",Ayurveda,,,Fruit (Seed),Herb,AU,,https://archive.bsi.gov.in/echoHerbarium-Details/en?link=CAL0000013358&column=szBarcode,BSI+NMPB,HIGH,False,1378,702
PLANT-1665,Plantago major L.,"Gul, Isafghol (Kashmir)",PLANTAGINACEAE,"Gul, Isafghol (Kashmir); Lahuriya",Ayurveda,,,Fruit (Seed),Herb,AHSU,,https://archive.bsi.gov.in/echoHerbarium-Details/en?link=CAL0000013357&column=szBarcode,BSI+NMPB,HIGH,False,1379,703
PLANT-1666,Plantago ovata Forsk.,Isubgol,PLANTAGINACEAE,Isubgol; Isabgol,Ayurveda,,,"Fruit (Seed,; Seed Husk)",Herb,AFSUW,,https://archive.bsi.gov.in/echoHerbarium-Details/en?link=CAL0000013353&column=szBarcode,BSI+NMPB,HIGH,False,1380,704
PLANT-1667,Plantago psyllium L.,Kala isabgol,PLANTAGINACEAE,Kala isabgol,,,,,,,,https://archive.bsi.gov.in/echoHerbarium-Details/en?link=CAL0000013352&column=szBarcode,BSI,SOURCE_ONLY,False,1381,
PLANT-1668,Platanus orientalis L.,Chinar (Kashmir),PLATANACEAE,Chinar (Kashmir),,,,,,,,https://archive.bsi.gov.in/echoHerbarium-Details/en?link=CAL0000009094&column=szBarcode,BSI,SOURCE_ONLY,False,1382,
PLANT-1669,Plectranthus amboinicus (Lour.) Spreng.,Patharcur,LAMIACEAE,Patharcur,Ayurveda,,,"Fruit, Root",Shrub,A,,,NMPB,SOURCE_ONLY,False,,705
PLANT-1670,Plectranthus barbatus Andrews; [= Coleus forskohlii (Poir.) Briq.],Gandhira,LAMIACEAE,Gandhira; Gandira,Ayurveda,,,Root,Herb,AF,Gandira,,NMPB,SOURCE_ONLY,False,,706
PLANT-1671,Plectranthus mollis (Aiton) Spreng.,Lal-agada (Bombay),LAMIACEAE,Lal-agada (Bombay),,,,,,,,https://archive.bsi.gov.in/echoHerbarium-Details/en?link=CAL0000008721&column=szBarcode,BSI,SOURCE_ONLY,False,1383,
PLANT-1672,Plectranthus vettiveroides (Jacob),Vettiver,LAMIACEAE,Vettiver,Ayurveda,,,Root,Herb,AS,,,NMPB,SOURCE_ONLY,False,,707
PLANT-1673,Pleopeltis macrocarpa (Borry ex Willd.) Kaulf.,Lance fern (Eng.),POLYPODIACEAE,Lance fern (Eng.),,,,,,,,https://archive.bsi.gov.in/echoHerbarium-Details/en?link=CAL0000008570&column=szBarcode,BSI,SOURCE_ONLY,False,1384,
PLANT-1674,Plesmonium margaritiferum (Roxb.) Schott,Gajeer mul (Beng.),ARACEAE,Gajeer mul (Beng.),,,,,,,,https://archive.bsi.gov.in/echoHerbarium-Details/en?link=CAL0000002989&column=szBarcode,BSI,SOURCE_ONLY,False,1385,
PLANT-1675,Pleurospermum angelicoides (DC.),-,APIACEAE,-,,,,"Leaf, Flower,; Fruit",Herb,F,,,NMPB,SOURCE_ONLY,False,,708
PLANT-1676,Pluchea indica Less.,"Kukronda, Munjhu rukha",ASTERACEAE,"Kukronda, Munjhu rukha",,,,,,,,https://archive.bsi.gov.in/echoHerbarium-Details/en?link=CAL0000009317&column=szBarcode,BSI,SOURCE_ONLY,False,1386,
PLANT-1677,Pluchea lanceolata (DC.) C.B.Clarke,"Rasana, Rashana",ASTERACEAE,"Rasana, Rashana; Rasna",Ayurveda,,,"Leaf, Root",Herb,AFT,Rasna,https://archive.bsi.gov.in/echoHerbarium-Details/en?link=CAL0000009318&column=szBarcode,BSI+NMPB,HIGH,False,1387,709
PLANT-1678,Plumbago indica L.,"Chitra, Lal chita",PLUMBAGINACEAE,"Chitra, Lal chita; Chitrak",Ayurveda,,,Root,Herb,AFS,,https://archive.bsi.gov.in/echoHerbarium-Details/en?link=CAL0000009531&column=szBarcode,BSI+NMPB,HIGH,False,1388,710
PLANT-1679,Plumbago zeylanica L.,"Chita, Chitarak",PLUMBAGINACEAE,"Chita, Chitarak; Chitrak; Citraka",Ayurveda,,,Root,Herb,AFSTU,Citraka,https://archive.bsi.gov.in/echoHerbarium-Details/en?link=CAL0000009532&column=szBarcode,BSI+NMPB,HIGH,False,1389,711
PLANT-1680,Plumeria alba L.,Veyvi varahaalu (Tel.),APOCYNACEAE,Veyvi varahaalu (Tel.),,,,,,,,https://archive.bsi.gov.in/echoHerbarium-Details/en?link=CAL0000009450&column=szBarcode,BSI,SOURCE_ONLY,False,1390,
PLANT-1681,Plumeria rubra L.,Lal Champa (Mar.),APOCYNACEAE,Lal Champa (Mar.),,,,,,,,https://archive.bsi.gov.in/echoHerbarium-Details/en?link=CAL0000009451&column=szBarcode,BSI,SOURCE_ONLY,False,1391,
PLANT-1682,Podocarpus neriifolia D.Don,Halis,PODOCARPACEAE,Halis,,,,,,,,https://archive.bsi.gov.in/echoHerbarium-Details/en?link=CAL0000009163&column=szBarcode,BSI,SOURCE_ONLY,False,1393,
PLANT-1683,Podophyllum hexandrum Royle; [= P. emodi Wall. ex Honig.],"Bankakri,; Vanatrapu; si",BERBERIDACEAE,"Bankakri,; Vanatrapu; si",Ayurveda,,,"Fruit, Root",Herb,A,,,NMPB,SOURCE_ONLY,False,,712
PLANT-1684,Pogostemon benghalense (Burm.) Kuntze,Jui-lata (Beng.),LAMIACEAE,Jui-lata (Beng.),,,,,,,,https://archive.bsi.gov.in/echoHerbarium-Details/en?link=CAL0000008682&column=szBarcode,BSI,SOURCE_ONLY,False,1394,
PLANT-1685,Pogostemon cablin (Blanco) Benth.,Patchouli,LAMIACEAE,Patchouli; Names,Ayurveda,,,Leaf; **,Herb,A,Names,,NMPB,SOURCE_ONLY,False,,713
PLANT-1686,Pogostemon heyneanus Benth.,"Pacholi, Peholi",LAMIACEAE,"Pacholi, Peholi; Patchouli Herb",,,,AFS,W/C,,,https://archive.bsi.gov.in/echoHerbarium-Details/en?link=CAL0000008680&column=szBarcode,BSI+NMPB,HIGH,False,1395,714
PLANT-1687,Pogostemon parviflorus Benth.,"Phangla, Pangli (Mar.)",LAMIACEAE,"Phangla, Pangli (Mar.)",,,,,,,,https://archive.bsi.gov.in/echoHerbarium-Details/en?link=CAL0000008678&column=szBarcode,BSI,SOURCE_ONLY,False,1396,
PLANT-1688,Pogostemon purpurascens Dalzell,Sangbrei (Manipuri),LAMIACEAE,Sangbrei (Manipuri),,,,,,,,https://archive.bsi.gov.in/echoHerbarium-Details/en?link=CAL0000008676&column=szBarcode,BSI,SOURCE_ONLY,False,1397,
PLANT-1689,Polyalthia longifolia (Sonn.) Thwaites,"Asoka, Debdari",ANNONACEAE,"Asoka, Debdari; Ashok (Subs.) Tree",,,,AFS,C,,,https://archive.bsi.gov.in/echoHerbarium-Details/en?link=CAL0000013904&column=szBarcode,BSI+NMPB,HIGH,False,1398,715
PLANT-1690,Polycarpea corymbosa (L.) Lam.,Jinapanano (Guj.),CARYOPHYLLACEAE,Jinapanano (Guj.),,,,,,,,https://archive.bsi.gov.in/echoHerbarium-Details/en?link=CAL0000013957&column=szBarcode,BSI,SOURCE_ONLY,False,1399,
PLANT-1691,Polycarpon prostratum (Forsk.) Aschers. & Schweinf.,Sureta,CARYOPHYLLACEAE,Sureta,,,,,,,,https://archive.bsi.gov.in/echoHerbarium-Details/en?link=CAL0000008743&column=szBarcode,BSI,SOURCE_ONLY,False,1400,
PLANT-1692,Polygala crotalarioides Buch.-Ham. ex DC.,Lil kathi (Santal),POLYGALACEAE,Lil kathi (Santal),,,,,,,,https://archive.bsi.gov.in/echoHerbarium-Details/en?link=CAL0000013974&column=szBarcode,BSI,SOURCE_ONLY,False,1401,
PLANT-1693,Polygala elongata Klein ex Willd.,Periyananka (Mal.),POLYGALACEAE,Periyananka (Mal.),,,,,,,,https://archive.bsi.gov.in/echoHerbarium-Details/en?link=CAL0000013973&column=szBarcode,BSI,SOURCE_ONLY,False,1402,
PLANT-1694,Polygala glomerata Lour.,Meradu,POLYGALACEAE,Meradu,,,,,,,,https://archive.bsi.gov.in/echoHerbarium-Details/en?link=CAL0000008696&column=szBarcode,BSI,SOURCE_ONLY,False,1403,
PLANT-1695,Polygala sibirica L.,Common Milkwort (Eng.),POLYGALACEAE,Common Milkwort (Eng.),,,,,,,,https://archive.bsi.gov.in/echoHerbarium-Details/en?link=CAL0000013972&column=szBarcode,BSI,SOURCE_ONLY,False,1404,
PLANT-1696,Polygala telephioides Willd.,"Meradu, Miragu",POLYGALACEAE,"Meradu, Miragu",,,,,,,,https://archive.bsi.gov.in/echoHerbarium-Details/en?link=CAL0000013970&column=szBarcode,BSI,SOURCE_ONLY,False,1405,
PLANT-1697,Polygonatum cirrhifolium (Wall.) Royle,Meda-m-meda Herb,LILIACEAE,Meda-m-meda Herb; Mahameda,,,,A,W,,Mahameda,,NMPB,SOURCE_ONLY,False,,716
PLANT-1698,Polygonatum multiflorum (L.) Allioni,Solmon's Seal (Eng.),LILIACEAE,Solmon's Seal (Eng.); Solomnons Herb; seal,,,,F,W,,,https://archive.bsi.gov.in/echoHerbarium-Details/en?link=CAL0000002959&column=szBarcode,BSI+NMPB,HIGH,False,1406,717
PLANT-1699,Polygonatum verticillatum (L.) All.,Meda-m-meda Herb,LILIACEAE,Meda-m-meda Herb,,,,AT,W,,,,NMPB,SOURCE_ONLY,False,,718
PLANT-1700,Polygonum alatum Buch.-Ham.,Chonakappulu Herb,POLYGONACEAE,Chonakappulu Herb,,,,F,W,,,,NMPB,SOURCE_ONLY,False,,719
PLANT-1701,Polygonum aviculare L.,"Machoti, Ban-natia",POLYGONACEAE,"Machoti, Ban-natia; Anjabar Herb",,,,AU,W,,,https://archive.bsi.gov.in/echoHerbarium-Details/en?link=CAL0000008522&column=szBarcode,BSI+NMPB,HIGH,False,1407,720
PLANT-1702,Polygonum barbatum L.,Bekh-unjubaz (Beng.),POLYGONACEAE,Bekh-unjubaz (Beng.),,,,,,,,https://archive.bsi.gov.in/echoHerbarium-Details/en?link=CAL0000013450&column=szBarcode,BSI,SOURCE_ONLY,False,1408,
PLANT-1703,Polygonum chinense L.,Paral (Mar.),POLYGONACEAE,Paral (Mar.),,,,,,,,https://archive.bsi.gov.in/echoHerbarium-Details/en?link=CAL0000008535&column=szBarcode,BSI,SOURCE_ONLY,False,1409,
PLANT-1704,Polygonum glabrum Willd.,"Panimircha, Bihagni (Beng.)",POLYGONACEAE,"Panimircha, Bihagni (Beng.); Raktha rohitha Herb",,,,FS,W,,,https://archive.bsi.gov.in/echoHerbarium-Details/en?link=CAL0000008520&column=szBarcode,BSI+NMPB,HIGH,False,1410,721
PLANT-1705,Polygonum hydropiper L.,Pani-mari,POLYGONACEAE,Pani-mari,,,,,,,,https://archive.bsi.gov.in/echoHerbarium-Details/en?link=CAL0000008519&column=szBarcode,BSI,SOURCE_ONLY,False,1411,
PLANT-1706,Polygonum molle D.Don,Kochomah (Assam),POLYGONACEAE,Kochomah (Assam),,,,,,,,https://archive.bsi.gov.in/echoHerbarium-Details/en?link=CAL0000013434&column=szBarcode,BSI,SOURCE_ONLY,False,1412,
PLANT-1707,Polygonum nepalense Meissn.,Kangany-machan-pillu (Tam.),POLYGONACEAE,Kangany-machan-pillu (Tam.),,,,,,,,https://archive.bsi.gov.in/echoHerbarium-Details/en?link=CAL0000013448&column=szBarcode,BSI,SOURCE_ONLY,False,1413,
PLANT-1708,Polygonum orientale L.,"Machoti, Bara pani mirich (Beng.)",POLYGONACEAE,"Machoti, Bara pani mirich (Beng.)",,,,,,,,https://archive.bsi.gov.in/echoHerbarium-Details/en?link=CAL0000013444&column=szBarcode,BSI,SOURCE_ONLY,False,1414,
PLANT-1709,Polygonum persicaria L.,Lady's Thumb (Eng.),POLYGONACEAE,Lady's Thumb (Eng.),,,,,,,,https://archive.bsi.gov.in/echoHerbarium-Details/en?link=CAL0000008530&column=szBarcode,BSI,SOURCE_ONLY,False,1415,
PLANT-1710,Polygonum plebeium R.Br.,"Chemti sag, Dubia sag (Beng.)",POLYGONACEAE,"Chemti sag, Dubia sag (Beng.)",,,,,,,,https://archive.bsi.gov.in/echoHerbarium-Details/en?link=CAL0000008524&column=szBarcode,BSI,SOURCE_ONLY,False,1416,
PLANT-1711,Polygonum polystachyum Wall. ex Meissn.,Amldandi (Punjab),POLYGONACEAE,Amldandi (Punjab),,,,,,,,https://archive.bsi.gov.in/echoHerbarium-Details/en?link=CAL0000013446&column=szBarcode,BSI,SOURCE_ONLY,False,1417,
PLANT-1712,Polygonum punctatum Buch.-Ham.,Kangani- Herb; machan-; pillu,POLYGONACEAE,Kangani- Herb; machan-; pillu,,,,H,W,,,,NMPB,SOURCE_ONLY,False,,722
PLANT-1713,Polygonum tenellum Blume,Pygmy Smartweed (Eng.),POLYGONACEAE,Pygmy Smartweed (Eng.),,,,,,,,https://archive.bsi.gov.in/echoHerbarium-Details/en?link=CAL0000008528&column=szBarcode,BSI,SOURCE_ONLY,False,1418,
PLANT-1714,Polygonum virginianum L.,Jumpseed (Eng.),POLYGONACEAE,Jumpseed (Eng.),,,,,,,,https://archive.bsi.gov.in/echoHerbarium-Details/en?link=CAL0000013442&column=szBarcode,BSI,SOURCE_ONLY,False,1419,
PLANT-1715,Polygonum viviparum L.,"Maslun, Mameche (Punjab)",POLYGONACEAE,"Maslun, Mameche (Punjab); Unjwar, Anjbar Herb",,,,F,W,,,https://archive.bsi.gov.in/echoHerbarium-Details/en?link=CAL0000013440&column=szBarcode,BSI+NMPB,HIGH,False,1420,723
PLANT-1716,Polypodium vulgare L.,Basfaij (Ind. Baz.),POLYPODIACEAE,Basfaij (Ind. Baz.); Bisphaiz Herb,,,,FU,W,,,https://archive.bsi.gov.in/echoHerbarium-Details/en?link=CAL0000008569&column=szBarcode,BSI+NMPB,HIGH,False,1421,724
PLANT-1717,Polyscias fruticosa (L.) Harms,Ming Aralia (Chinese),ARALIACEAE,Ming Aralia (Chinese),,,,,,,,https://archive.bsi.gov.in/echoHerbarium-Details/en?link=CAL0000013550&column=szBarcode,BSI,SOURCE_ONLY,False,1422,
PLANT-1718,Pongamia pinnata (L.) Pierre; [= P. glabra Vent.; Derris indica,"Honge beej, Tree; Karanji,; pongum; seed",FABACEAE,"Honge beej, Tree; Karanji,; pongum; seed; Karanja",,,,AF,C/W,,Karanja,,NMPB,SOURCE_ONLY,False,,725
PLANT-1719,Populus alba L.,Fras (Kashmir),SALICACEAE,Fras (Kashmir),,,,,,,,https://archive.bsi.gov.in/echoHerbarium-Details/en?link=CAL0000009097&column=szBarcode,BSI,SOURCE_ONLY,False,1423,
PLANT-1720,Populus euphratica Oliv.,"Hotung, Hodung (Ladakh)",SALICACEAE,"Hotung, Hodung (Ladakh)",,,,,,,,https://archive.bsi.gov.in/echoHerbarium-Details/en?link=CAL0000009096&column=szBarcode,BSI,SOURCE_ONLY,False,1424,
PLANT-1721,Portulaca oleracea L.,"Khursa, Baralaniya",PORTULACACEAE,"Khursa, Baralaniya; Lonika Herb; Kozuppa",,,,AFSU,W,,Kozuppa,https://archive.bsi.gov.in/echoHerbarium-Details/en?link=CAL0000013956&column=szBarcode,BSI+NMPB,HIGH,False,1425,726
PLANT-1722,Portulaca pilosa L.,Koli mulaiyan (Tamil),PORTULACACEAE,Koli mulaiyan (Tamil),,,,,,,,https://archive.bsi.gov.in/echoHerbarium-Details/en?link=CAL0000013954&column=szBarcode,BSI,SOURCE_ONLY,False,1426,
PLANT-1723,Portulaca quadrifida L.,"Chounlayi, Chotalunia",PORTULACACEAE,"Chounlayi, Chotalunia",,,,,,,,https://archive.bsi.gov.in/echoHerbarium-Details/en?link=CAL0000013955&column=szBarcode,BSI,SOURCE_ONLY,False,1427,
PLANT-1724,Potentilla anserina L.,Silver weed (Eng.),ROSACEAE,Silver weed (Eng.),,,,,,,,https://archive.bsi.gov.in/echoHerbarium-Details/en?link=CAL0000009625&column=szBarcode,BSI,SOURCE_ONLY,False,1428,
PLANT-1725,Potentilla arbuscula D.Don,Merino (Punjab),ROSACEAE,Merino (Punjab),,,,,,,,https://archive.bsi.gov.in/echoHerbarium-Details/en?link=CAL0000009628&column=szBarcode,BSI,SOURCE_ONLY,False,1429,
PLANT-1726,Potentilla lineata Trevir ex Reich.,Bhuitara (Beng.),ROSACEAE,Bhuitara (Beng.),,,,,,,,https://archive.bsi.gov.in/echoHerbarium-Details/en?link=CAL0000009633&column=szBarcode,BSI,SOURCE_ONLY,False,1430,
PLANT-1727,Potentilla nepalensis Hook.,Rattanjot (Punjab),ROSACEAE,Rattanjot (Punjab); Dori ghas Herb,,,,A,W,,,https://archive.bsi.gov.in/echoHerbarium-Details/en?link=CAL0000009631&column=szBarcode,BSI+NMPB,HIGH,False,1431,727
PLANT-1728,Potentilla reptans L.,Five-finger grass (Eng.),ROSACEAE,Five-finger grass (Eng.),,,,,,,,https://archive.bsi.gov.in/echoHerbarium-Details/en?link=CAL0000009630&column=szBarcode,BSI,SOURCE_ONLY,False,1432,
PLANT-1729,Potentilla sundaica (Blume) Kuntze,Tilipalang (Nepali),ROSACEAE,Tilipalang (Nepali),,,,,,,,https://archive.bsi.gov.in/echoHerbarium-Details/en?link=CAL0000009629&column=szBarcode,BSI,SOURCE_ONLY,False,1433,
PLANT-1730,Potentilla supina L.,"Karnali, Kanikar (Guj.)",ROSACEAE,"Karnali, Kanikar (Guj.)",,,,,,,,https://archive.bsi.gov.in/echoHerbarium-Details/en?link=CAL0000009632&column=szBarcode,BSI,SOURCE_ONLY,False,1434,
PLANT-1731,Pothos cathcartii Schott,Hathi Denkiya,ARACEAE,Hathi Denkiya,,,,,,,,https://archive.bsi.gov.in/echoHerbarium-Details/en?link=CAL0000002983&column=szBarcode,BSI,SOURCE_ONLY,False,1435,
PLANT-1732,Pothos scandens L.,"Parisa, Paruvakodi (Mal.)",ARACEAE,"Parisa, Paruvakodi (Mal.); Bendarli Climber",,,,F,W,,,https://archive.bsi.gov.in/echoHerbarium-Details/en?link=CAL0000002982&column=szBarcode,BSI+NMPB,HIGH,False,1436,728
PLANT-1733,Pouzolzia sanguinea (Blume) Merr.,Misagi-jollaphang (Assam),URTICACEAE,Misagi-jollaphang (Assam),,,,,,,,https://archive.bsi.gov.in/echoHerbarium-Details/en?link=CAL0000013386&column=szBarcode,BSI,SOURCE_ONLY,False,1437,
PLANT-1734,Pouzolzia zeylanica (L.) Benn.,"Piparisari, Eddu (Tel.)",URTICACEAE,"Piparisari, Eddu (Tel.)",,,,,,,,https://archive.bsi.gov.in/echoHerbarium-Details/en?link=CAL0000013385&column=szBarcode,BSI,SOURCE_ONLY,False,1438,
PLANT-1735,Prangos pabularia Lindl.,Komal,APIACEAE,Komal,,,,,,,,https://archive.bsi.gov.in/echoHerbarium-Details/en?link=CAL0000013518&column=szBarcode,BSI,SOURCE_ONLY,False,1439,
PLANT-1736,Pratia nummularia (Lam.) A.Braun & Asch.,Chaokathi (Lushai),CAMPANULACEAE,Chaokathi (Lushai),,,,,,,,https://archive.bsi.gov.in/echoHerbarium-Details/en?link=CAL0000009445&column=szBarcode,BSI,SOURCE_ONLY,False,1440,
PLANT-1737,Premna corymbosa Rottler & Willd.,"Agetha, Arni",VERBENACEAE,"Agetha, Arni; Arni Shrub",,,,FS,W,,,https://archive.bsi.gov.in/echoHerbarium-Details/en?link=CAL0000013299&column=szBarcode,BSI+NMPB,HIGH,False,1441,729
PLANT-1738,Premna divaricata Wall.,Headache tree (Eng.),VERBENACEAE,Headache tree (Eng.),,,,,,,,https://archive.bsi.gov.in/echoHerbarium-Details/en?link=CAL0000013297&column=szBarcode,BSI,SOURCE_ONLY,False,1442,
PLANT-1739,Premna flavescens Ham.,Arnimool Tree,VERBENACEAE,Arnimool Tree,,,,F,W,,,,NMPB,SOURCE_ONLY,False,,730
PLANT-1740,Premna latifolia Roxb.,Pedda-nelli koora (Tel.),VERBENACEAE,Pedda-nelli koora (Tel.); Bakar Tree; Names,,,,A,W,**,Names,https://archive.bsi.gov.in/echoHerbarium-Details/en?link=CAL0000013294&column=szBarcode,BSI+NMPB,HIGH,False,1443,731
PLANT-1741,Premna serratifolia L.; [= P.integrifolia L.],Arnimool/; Agnimantha,VERBENACEAE,Arnimool/; Agnimantha,Ayurveda,,,Root,Shrub,AFS,,,NMPB,SOURCE_ONLY,False,,732
PLANT-1742,Premna tomentosa Willd.,Chambara (Mar.),VERBENACEAE,Chambara (Mar.); Sonachal,,,,Bark (Stem),Tree,FS,,https://archive.bsi.gov.in/echoHerbarium-Details/en?link=CAL0000013296&column=szBarcode,BSI+NMPB,HIGH,False,1444,733
PLANT-1743,Primula reticulata Wall.,Bishkopra (Kumaun),PRIMULACEAE,Bishkopra (Kumaun),,,,,,,,https://archive.bsi.gov.in/echoHerbarium-Details/en?link=CAL0000013528&column=szBarcode,BSI,SOURCE_ONLY,False,1445,
PLANT-1744,Prinsepia utilis Royle,"Bekkra, Bhekal",ROSACEAE,"Bekkra, Bhekal",,,,,,,,https://archive.bsi.gov.in/echoHerbarium-Details/en?link=CAL0000009607&column=szBarcode,BSI,SOURCE_ONLY,False,1446,
PLANT-1745,Prosopis chilensis (Molana) Stuntze,"Vilayati kikkar, Kabuli kikkar",MIMOSACEAE,"Vilayati kikkar, Kabuli kikkar",,,,,,,,https://archive.bsi.gov.in/echoHerbarium-Details/en?link=CAL0000003456&column=szBarcode,BSI,SOURCE_ONLY,False,1447,
PLANT-1746,Prosopis cineraria (L.) Druce,"Jand, Chaunkra",MIMOSACEAE,"Jand, Chaunkra; Jhand,; Chonkar",Ayurveda,,,Stem,Tree,AF,,https://archive.bsi.gov.in/echoHerbarium-Details/en?link=CAL0000003454&column=szBarcode,BSI+NMPB,HIGH,False,1448,734
PLANT-1747,Prunella vulgaris L.,Dharu,LAMIACEAE,Dharu,,,,,,,,https://archive.bsi.gov.in/echoHerbarium-Details/en?link=CAL0000013340&column=szBarcode,BSI,SOURCE_ONLY,False,1449,
PLANT-1748,Prunus armeniaca L.,"Zardalu, Khubani",ROSACEAE,"Zardalu, Khubani; Chuli",Ayurveda,,,Fruit (Seed),Tree,AUFTW,,https://archive.bsi.gov.in/echoHerbarium-Details/en?link=CAL0000009606&column=szBarcode,BSI+NMPB,HIGH,False,1450,735
PLANT-1749,Prunus avium L.,Gilas (Kumaun),ROSACEAE,"Gilas (Kumaun); Wild cherry,; Aileya; Elavalukam",Ayurveda,,,Fruit,Tree,A,Elavalukam,https://archive.bsi.gov.in/echoHerbarium-Details/en?link=CAL0000009598&column=szBarcode,BSI+NMPB,HIGH,False,1451,736
PLANT-1750,Prunus cerasoides D.Don,"Paddam, Payan",ROSACEAE,"Paddam, Payan; Padamkasht; Padmaka",Ayurveda,,,"Flower,; Stem, Bark; (Stem)",Tree,AFT,Padmaka,https://archive.bsi.gov.in/echoHerbarium-Details/en?link=CAL0000009615&column=szBarcode,BSI+NMPB,HIGH,False,1452,737
PLANT-1751,Prunus cerasus L.,Alubalu,ROSACEAE,Alubalu,,,,,,,,https://archive.bsi.gov.in/echoHerbarium-Details/en?link=CAL0000009599&column=szBarcode,BSI,SOURCE_ONLY,False,1453,
PLANT-1752,Prunus ceylanica (Wight) Miq.,Galmorre (Beng.),ROSACEAE,Galmorre (Beng.),,,,,,,,https://archive.bsi.gov.in/echoHerbarium-Details/en?link=CAL0000009610&column=szBarcode,BSI,SOURCE_ONLY,False,1454,
PLANT-1753,Prunus domestica L.,"Alu, Alucha, Shanalu, Alubukhara, Alucha",ROSACEAE,"Alu, Alucha, Shanalu, Alubukhara, Alucha",,,,,,,,https://archive.bsi.gov.in/echoHerbarium-Details/en?link=CAL0000009597&column=szBarcode,BSI,SOURCE_ONLY,False,1455,
PLANT-1754,Prunus dulcis (Mill.) D.A.Webb.,Badam,ROSACEAE,"Badam; Badam,; Magaj; badam",Ayurveda,,,"Bark (Stem),; Fruit, Oil",Tree,AFH,,https://archive.bsi.gov.in/echoHerbarium-Details/en?link=CAL0000009609&column=szBarcode,BSI+NMPB,HIGH,False,1456,738
PLANT-1755,Prunus mahaleb L.,Mahaleb Cherry (Eng.),ROSACEAE,"Mahaleb Cherry (Eng.); Mahaleb,; Priyangu",Ayurveda,,,Fruit,Tree,AU,,https://archive.bsi.gov.in/echoHerbarium-Details/en?link=CAL0000009608&column=szBarcode,BSI+NMPB,HIGH,False,1457,739
PLANT-1756,Prunus persica (L.) Batsch,"Aru, Shaftalu",ROSACEAE,"Aru, Shaftalu",,,,,,,,https://archive.bsi.gov.in/echoHerbarium-Details/en?link=CAL0000009611&column=szBarcode,BSI,SOURCE_ONLY,False,1458,
PLANT-1757,Prunus salicina Lindl.,Japanese plum (Eng.),ROSACEAE,Japanese plum (Eng.),,,,,,,,https://archive.bsi.gov.in/echoHerbarium-Details/en?link=CAL0000009613&column=szBarcode,BSI,SOURCE_ONLY,False,1459,
PLANT-1758,Prunus undulata Buch.-Ham. ex D.Don,"Aria, Gadharu",ROSACEAE,"Aria, Gadharu",,,,,,,,https://archive.bsi.gov.in/echoHerbarium-Details/en?link=CAL0000009612&column=szBarcode,BSI,SOURCE_ONLY,False,1460,
PLANT-1759,Psammogeton canescens (DC.) Vatke,Gargira (Punjab),APIACEAE,Gargira (Punjab),,,,,,,,https://archive.bsi.gov.in/echoHerbarium-Details/en?link=CAL0000013507&column=szBarcode,BSI,SOURCE_ONLY,False,1461,
PLANT-1760,Pseudarthria viscida (L.) Wight & Arn.,"Sanaparni (Sans.), Chapakno velo (Guj.)",FABACEAE,"Sanaparni (Sans.), Chapakno velo (Guj.); Moovila",Ayurveda,,,"Leaf, Root",Shrub,AFS,,https://archive.bsi.gov.in/echoHerbarium-Details/en?link=CAL0000003335&column=szBarcode,BSI+NMPB,HIGH,False,1462,740
PLANT-1761,Psidium guajava L.,"Amrud, Safed safari",MYRTACEAE,"Amrud, Safed safari; Gujava",,,,Leaf,Tree,FU,,https://archive.bsi.gov.in/echoHerbarium-Details/en?link=CAL0000009545&column=szBarcode,BSI+NMPB,HIGH,False,1463,741
PLANT-1762,Psoralea corylifolia L.,"Babachi, Babehibavanchi",FABACEAE,"Babachi, Babehibavanchi; Bawachi,; Bavanchi; Bakuchi",Ayurveda,,,"Fruit, Root",Herb,AFHSTU,Bakuchi,https://archive.bsi.gov.in/echoHerbarium-Details/en?link=CAL0000003354&column=szBarcode,BSI+NMPB,HIGH,False,1464,742
PLANT-1763,Pteridium aquilinum (L.) Kuhn.,Parnai (Tam.),DENNSTAEDTIACEAE,Parnai (Tam.),,,,,,,,https://archive.bsi.gov.in/echoHerbarium-Details/en?link=CAL0000008567&column=szBarcode,BSI,SOURCE_ONLY,False,1465,
PLANT-1764,Pterocarpus indicus Willd.,Vengai (Tam.),FABACEAE,Vengai (Tam.),,,,,,,,https://archive.bsi.gov.in/echoHerbarium-Details/en?link=CAL0000003302&column=szBarcode,BSI,SOURCE_ONLY,False,1466,
PLANT-1765,Pterocarpus marsupium Roxb.,"Bijasal, Bija",FABACEAE,"Bijasal, Bija; Damul-; akhwain,; Vijaysar; Asana",Ayurveda,,,"Wood; (Heartwood),; Bark (Stem),; Resin,; Fruit (Seed)",Tree,AFHSTU,Asana,https://archive.bsi.gov.in/echoHerbarium-Details/en?link=CAL0000003300&column=szBarcode,BSI+NMPB,HIGH,False,1467,743
PLANT-1766,Pterocarpus santalinus L.f.,"Raktachandan, Lalchandan",FABACEAE,"Raktachandan, Lalchandan; Raktachandana; , Lal chandan; Raktacandana",Ayurveda,,,Wood; (Heartwood),Tree,AFSTU,Raktacandana,https://archive.bsi.gov.in/echoHerbarium-Details/en?link=CAL0000003301&column=szBarcode,BSI+NMPB,HIGH,False,1468,744
PLANT-1767,Pterocymbium javanicum R.Br.,Tshaw (Burma),STERCULIACEAE,Tshaw (Burma),,,,,,,,https://archive.bsi.gov.in/echoHerbarium-Details/en?link=CAL0000013942&column=szBarcode,BSI,SOURCE_ONLY,False,1469,
PLANT-1768,Pterospermum acerifolium (L.) Willd.,Kanakchampa,STERCULIACEAE,Kanakchampa,,,,,,,,https://archive.bsi.gov.in/echoHerbarium-Details/en?link=CAL0000013938&column=szBarcode,BSI,SOURCE_ONLY,False,1470,
PLANT-1769,Pterospermum suberifolium Lam.,"Moochukund, Tada (Tel.)",STERCULIACEAE,"Moochukund, Tada (Tel.)",,,,,,,,https://archive.bsi.gov.in/echoHerbarium-Details/en?link=CAL0000013939&column=szBarcode,BSI,SOURCE_ONLY,False,1471,
PLANT-1770,Pterospermum xylocarpum (Gaertn.) Oken,Lolgu (Tel.),STERCULIACEAE,Lolgu (Tel.),,,,,,,,https://archive.bsi.gov.in/echoHerbarium-Details/en?link=CAL0000013936&column=szBarcode,BSI,SOURCE_ONLY,False,1472,
PLANT-1771,Pueraria lobata (Willd.) Ohwi,"Mudgapar; ni,; Surpaparni",FABACEAE,"Mudgapar; ni,; Surpaparni",Ayurveda,,,"Root,; Whole Plant",Climber,A,,,NMPB,SOURCE_ONLY,False,,745
PLANT-1772,Pueraria phaseoloides (Roxb.) Benth.,Jermei-kyn-saw (Assam),FABACEAE,Jermei-kyn-saw (Assam),,,,,,,,https://archive.bsi.gov.in/echoHerbarium-Details/en?link=CAL0000003312&column=szBarcode,BSI,SOURCE_ONLY,False,1473,
PLANT-1773,Pueraria tuberosa (Roxb. ex Willd.) DC.,"Sural, Bilaikand",FABACEAE,"Sural, Bilaikand; Vidhari kand,; Vidari,; Patal Kumbha; Vidari,; Vidarikanda; Names",Ayurveda,,,Root (Tuber),Climber,AFTU**,"Vidari,; Vidarikanda; Names",https://archive.bsi.gov.in/echoHerbarium-Details/en?link=CAL0000003313&column=szBarcode,BSI+NMPB,HIGH,False,1474,746
PLANT-1774,Pulicaria crispa (Forssk.) Benth.,Burhna,ASTERACEAE,Burhna,,,,,,,,https://archive.bsi.gov.in/echoHerbarium-Details/en?link=CAL0000009333&column=szBarcode,BSI,SOURCE_ONLY,False,1475,
PLANT-1775,Pulicaria dysenterica (L.) Gaeertn.,Common fleabane (Eng.),ASTERACEAE,Common fleabane (Eng.),,,,,,,,https://archive.bsi.gov.in/echoHerbarium-Details/en?link=CAL0000009303&column=szBarcode,BSI,SOURCE_ONLY,False,1476,
PLANT-1776,Punica granatum L.,"Anar, Dalim (Beng.)",PUNICACEAE,"Anar, Dalim (Beng.); Dadam chal,; Anaar; Dadima",Ayurveda,,,"Flower, Fruit; (Fruit, Seed)",Shrub,AFHSTU,Dadima,https://archive.bsi.gov.in/echoHerbarium-Details/en?link=CAL0000013527&column=szBarcode,BSI+NMPB,HIGH,False,1477,747
PLANT-1777,Pyrus cydonia L.,Bee dana,ROSACEAE,Bee dana,,,,Fruit (Seed),Tree,F,,,NMPB,SOURCE_ONLY,False,,749
PLANT-1778,Quercus infectoria Oliv.,"Majuphal, Mazu",FAGACEAE,"Majuphal, Mazu; Majuphal; Mayakku",Ayurveda,,,Gall,Tree,AFSUW,Mayakku,https://archive.bsi.gov.in/echoHerbarium-Details/en?link=CAL0000009744&column=szBarcode,BSI+NMPB,HIGH,False,1478,750
PLANT-1779,Quercus lamellosa Sm.,Falant (Nepali),FAGACEAE,Falant (Nepali),,,,,,,,https://archive.bsi.gov.in/echoHerbarium-Details/en?link=CAL0000009746&column=szBarcode,BSI,SOURCE_ONLY,False,1479,
PLANT-1780,Quercus leucotrichophora A.Camus ex Bahadur,"Sila supari, Iri (Kashmir)",FAGACEAE,"Sila supari, Iri (Kashmir)",,,,,,,,https://archive.bsi.gov.in/echoHerbarium-Details/en?link=CAL0000009745&column=szBarcode,BSI,SOURCE_ONLY,False,1480,
PLANT-1781,Quercus pachyphylla Kurz,Badaa Katus (Nepali),FAGACEAE,Badaa Katus (Nepali),,,,,,,,https://archive.bsi.gov.in/echoHerbarium-Details/en?link=CAL0000009747&column=szBarcode,BSI,SOURCE_ONLY,False,1481,
PLANT-1782,Quisqualis indica L.,Rangoon ki bel,COMBRETACEAE,Rangoon ki bel,,,,,,,,https://archive.bsi.gov.in/echoHerbarium-Details/en?link=CAL0000009552&column=szBarcode,BSI,SOURCE_ONLY,False,1482,
PLANT-1783,Radermachera xylocarpa (Roxb.) K.Schum.,Kharsing,BIGNONIACEAE,Kharsing,,,,,,,,https://archive.bsi.gov.in/echoHerbarium-Details/en?link=CAL0000009117&column=szBarcode,BSI,SOURCE_ONLY,False,1483,
PLANT-1784,Randia cochinchinensis (Lour.) Merr.,Dieng-iong-blei (Khasi Hills),RUBIACEAE,Dieng-iong-blei (Khasi Hills),,,,,,,,https://archive.bsi.gov.in/echoHerbarium-Details/en?link=CAL0000009388&column=szBarcode,BSI,SOURCE_ONLY,False,1484,
PLANT-1785,Randia longiflora Lam.,Pulikaint (Assam),RUBIACEAE,Pulikaint (Assam),,,,,,,,https://archive.bsi.gov.in/echoHerbarium-Details/en?link=CAL0000009391&column=szBarcode,BSI,SOURCE_ONLY,False,1485,
PLANT-1786,Randia tomentosa Hook.f.,Mainphal,RUBIACEAE,Mainphal,,,,,,,,https://archive.bsi.gov.in/echoHerbarium-Details/en?link=CAL0000009387&column=szBarcode,BSI,SOURCE_ONLY,False,1486,
PLANT-1787,Ranunculus aquatilis L.,Water-Crowfoot (Eng.),RANUNCULACEAE,Water-Crowfoot (Eng.),,,,,,,,https://archive.bsi.gov.in/echoHerbarium-Details/en?link=CAL0000013927&column=szBarcode,BSI,SOURCE_ONLY,False,1487,
PLANT-1788,Ranunculus arvensis L.,Chambul (Punjab),RANUNCULACEAE,Chambul (Punjab),,,,,,,,https://archive.bsi.gov.in/echoHerbarium-Details/en?link=CAL0000013921&column=szBarcode,BSI,SOURCE_ONLY,False,1488,
PLANT-1789,Ranunculus cantoniensis DC.,Chinese Buttercup (Eng.),RANUNCULACEAE,Chinese Buttercup (Eng.),,,,,,,,https://archive.bsi.gov.in/echoHerbarium-Details/en?link=CAL0000013923&column=szBarcode,BSI,SOURCE_ONLY,False,1489,
PLANT-1790,Ranunculus lingua L.,Great Spearwort (Eng.),RANUNCULACEAE,Great Spearwort (Eng.),,,,,,,,https://archive.bsi.gov.in/echoHerbarium-Details/en?link=CAL0000013926&column=szBarcode,BSI,SOURCE_ONLY,False,1490,
PLANT-1791,Ranunculus muricatus L.,Rough-fruited Buttercup (Eng.),RANUNCULACEAE,Rough-fruited Buttercup (Eng.),,,,,,,,https://archive.bsi.gov.in/echoHerbarium-Details/en?link=CAL0000013922&column=szBarcode,BSI,SOURCE_ONLY,False,1491,
PLANT-1792,Ranunculus sceleratus L.,Jaldhania,RANUNCULACEAE,Jaldhania,,,,,,,,https://archive.bsi.gov.in/echoHerbarium-Details/en?link=CAL0000013924&column=szBarcode,BSI,SOURCE_ONLY,False,1492,
PLANT-1793,Raphanus sativus L.,"Muli, Muri",BRASSICACEAE,"Muli, Muri",,,,,,,,https://archive.bsi.gov.in/echoHerbarium-Details/en?link=CAL0000013856&column=szBarcode,BSI,SOURCE_ONLY,False,1493,
PLANT-1794,Rauvolfia densiflora (Wall.),"Sarpagandh; a, Pagal; Buti",APOCYNACEAE,"Sarpagandh; a, Pagal; Buti",,,,Root,Shrub,F,,,NMPB,SOURCE_ONLY,False,,751
PLANT-1795,Rauvolfia micrantha Hook.f.,"Sarpagandh; a, Pagal; Buti",APOCYNACEAE,"Sarpagandh; a, Pagal; Buti",,,,Root,Shrub,F,,,NMPB,SOURCE_ONLY,False,,752
PLANT-1796,Rauvolfia sarpentina (L.) Benth. ex Kurz,"Chandrabhaga, Chota chand",APOCYNACEAE,"Chandrabhaga, Chota chand",,,,,,,,https://archive.bsi.gov.in/echoHerbarium-Details/en?link=CAL0000009464&column=szBarcode,BSI,SOURCE_ONLY,False,1494,
PLANT-1797,Rauvolfia serpentina (L.) Benth. ex Kurz,"Sarpagandh; a, Pagal; Buti",APOCYNACEAE,"Sarpagandh; a, Pagal; Buti; Sarpagandha",Ayurveda,,,Root,Shrub,AFHSTUW,Sarpagandha,,NMPB,SOURCE_ONLY,False,,753
PLANT-1798,Rauvolfia tetraphylla L.,Barachandrika,APOCYNACEAE,Barachandrika,,,,Root,Shrub,F,,https://archive.bsi.gov.in/echoHerbarium-Details/en?link=CAL0000009465&column=szBarcode,BSI+NMPB,HIGH,False,1495,754
PLANT-1799,Reinwardtia indica Dumort.,Basanthi,LINACEAE,Basanthi,,,,,,,,https://archive.bsi.gov.in/echoHerbarium-Details/en?link=CAL0000013821&column=szBarcode,BSI,SOURCE_ONLY,False,1496,
PLANT-1800,Reissantia indica (Willd.) Halle,Atari-lata (Beng.),HIPPOCRATEACEAE,Atari-lata (Beng.),,,,,,,,https://archive.bsi.gov.in/echoHerbarium-Details/en?link=CAL0000003475&column=szBarcode,BSI,SOURCE_ONLY,False,1497,
PLANT-1801,Remusatia vivipara (Roxb.) Schott,Rukhalu,ARACEAE,Rukhalu,,,,,,,,https://archive.bsi.gov.in/echoHerbarium-Details/en?link=CAL0000002986&column=szBarcode,BSI,SOURCE_ONLY,False,1498,
PLANT-1802,Reseda odorata L.,Mignonette (Eng.),RESEDACEAE,Mignonette (Eng.),,,,,,,,https://archive.bsi.gov.in/echoHerbarium-Details/en?link=CAL0000013853&column=szBarcode,BSI,SOURCE_ONLY,False,1499,
PLANT-1803,Rhamnus nepalensis (Wall.) M.A.Lawson,Biringa (Assam),RHAMNACEAE,Biringa (Assam),,,,,,,,https://archive.bsi.gov.in/echoHerbarium-Details/en?link=CAL0000003431&column=szBarcode,BSI,SOURCE_ONLY,False,1500,
PLANT-1804,Rhamnus purpureus Edgew.,Purple Buckthorn (Eng.),RHAMNACEAE,Purple Buckthorn (Eng.),,,,,,,,https://archive.bsi.gov.in/echoHerbarium-Details/en?link=CAL0000003433&column=szBarcode,BSI,SOURCE_ONLY,False,1501,
PLANT-1805,Rhamnus triquetra Wall. ex Roxb.,"Gudlei, Fagora (Punjab)",RHAMNACEAE,"Gudlei, Fagora (Punjab)",,,,,,,,https://archive.bsi.gov.in/echoHerbarium-Details/en?link=CAL0000003432&column=szBarcode,BSI,SOURCE_ONLY,False,1502,
PLANT-1806,Rhamnus virgatus Roxb.,"Chato, Chadua",RHAMNACEAE,"Chato, Chadua",,,,,,,,https://archive.bsi.gov.in/echoHerbarium-Details/en?link=CAL0000003435&column=szBarcode,BSI,SOURCE_ONLY,False,1503,
PLANT-1807,Rhamnus wightii Wight & Arn.,Wight's Buckthorn (Eng.),RHAMNACEAE,Wight's Buckthorn (Eng.),,,,,,,,https://archive.bsi.gov.in/echoHerbarium-Details/en?link=CAL0000003434&column=szBarcode,BSI,SOURCE_ONLY,False,1504,
PLANT-1808,Rhaphidophora pertusa (Roxb.) Schott; [= R. laciniata (Burm.f.) Merr.;,Ganeshkanda,ARACEAE,Ganeshkanda,Ayurveda,,,Whole Plant,Climber,AFS,,,NMPB,SOURCE_ONLY,False,,755
PLANT-1809,Rheum australe D.Don; [= R. emodi Wall. ex Meissn.],Revan chini,POLYGONACEAE,Revan chini,Ayurveda,,,Root; (Rhizome),Herb,A,,,NMPB,SOURCE_ONLY,False,,756
PLANT-1810,Rheum emodi Wall. ex Meissn.,Hindirevandchini,POLYGONACEAE,Hindirevandchini,,,,,,,,https://archive.bsi.gov.in/echoHerbarium-Details/en?link=CAL0000013428&column=szBarcode,BSI,SOURCE_ONLY,False,1505,
PLANT-1811,Rheum moorcroftianum Royle,"Revand-chini,; Amlaparni",POLYGONACEAE,"Revand-chini,; Amlaparni",Ayurveda,,,Root; (Rhizome),Herb,A,,,NMPB,SOURCE_ONLY,False,,757
PLANT-1812,Rheum palmatum L.,Revand-chini,POLYGONACEAE,Revand-chini,Ayurveda,,,Root; (Rhizome),Herb,ASUW,,,NMPB,SOURCE_ONLY,False,,758
PLANT-1813,Rheum spiciforme Royle,Archu (Garhwal),POLYGONACEAE,Archu (Garhwal); Amlaparni,Ayurveda,,,Root; (Rhizome),Herb,A,,https://archive.bsi.gov.in/echoHerbarium-Details/en?link=CAL0000013426&column=szBarcode,BSI+NMPB,HIGH,False,1506,759
PLANT-1814,Rheum webbianum Royle,Archu (Garhwal),POLYGONACEAE,Archu (Garhwal); Revand-chini,Ayurveda,,,Root; (Rhizome),Herb,AU,,https://archive.bsi.gov.in/echoHerbarium-Details/en?link=CAL0000013429&column=szBarcode,BSI+NMPB,HIGH,False,1507,760
PLANT-1815,Rhinacanthus nasuta (L.) Kurz,Palak juhi,ACANTHACEAE,Palak juhi,,,,,,,,https://archive.bsi.gov.in/echoHerbarium-Details/en?link=CAL0000013317&column=szBarcode,BSI,SOURCE_ONLY,False,1508,
PLANT-1816,Rhinacanthus nasutus (L.) Kurz,"Juyiparni,; Vitamallik; ai",ACANTHACEAE,"Juyiparni,; Vitamallik; ai; Names",Ayurveda,,,"Leaf, Root",Shrub,AFS**,Names,,NMPB,SOURCE_ONLY,False,,761
PLANT-1817,Rhizophora mucronata Lam.,"Kamo, Bhora (Beng.)",RHIZOPHORACEAE,"Kamo, Bhora (Beng.)",,,,,,,,https://archive.bsi.gov.in/echoHerbarium-Details/en?link=CAL0000009441&column=szBarcode,BSI,SOURCE_ONLY,False,1509,
PLANT-1818,Rhodamnia trinervia Blume,Brown Mallet-Wood (Eng.),MYRTACEAE,Brown Mallet-Wood (Eng.),,,,,,,,https://archive.bsi.gov.in/echoHerbarium-Details/en?link=CAL0000009649&column=szBarcode,BSI,SOURCE_ONLY,False,1510,
PLANT-1819,Rhododendron anthopogon D.Don,Nichni (Punjab),ERICACEAE,Nichni (Punjab); Talisapatra,Ayurveda,,,Leaf,Shrub,A,,https://archive.bsi.gov.in/echoHerbarium-Details/en?link=CAL0000013549&column=szBarcode,BSI+NMPB,HIGH,False,1511,762
PLANT-1820,Rhododendron arboreum Sm.,Burans,ERICACEAE,Burans,,,,,,,,https://archive.bsi.gov.in/echoHerbarium-Details/en?link=CAL0000013545&column=szBarcode,BSI,SOURCE_ONLY,False,1512,
PLANT-1821,Rhododendron campanulatum D.Don,Cherailu,ERICACEAE,Cherailu,,,,"Leaf, Wood",Shrub,F,,https://archive.bsi.gov.in/echoHerbarium-Details/en?link=CAL0000013543&column=szBarcode,BSI+NMPB,HIGH,False,1513,763
PLANT-1822,Rhododendron lepidotum Wall. ex G.Don,Talisfur (Punjab),ERICACEAE,Talisfur (Punjab); Talisa (Subs.),,,,Leaf,Shrub,F,,https://archive.bsi.gov.in/echoHerbarium-Details/en?link=CAL0000013542&column=szBarcode,BSI+NMPB,HIGH,False,1514,764
PLANT-1823,Rhododendron setosum D.Don,Tsalluo (Bhutan),ERICACEAE,Tsalluo (Bhutan),,,,,,,,https://archive.bsi.gov.in/echoHerbarium-Details/en?link=CAL0000013539&column=szBarcode,BSI,SOURCE_ONLY,False,1515,
PLANT-1824,Rhodomyrtus tomentosa Wight,Kattupera (Malayalam),MYRTACEAE,Kattupera (Malayalam),,,,,,,,https://archive.bsi.gov.in/echoHerbarium-Details/en?link=CAL0000009547&column=szBarcode,BSI,SOURCE_ONLY,False,1516,
PLANT-1825,Rhus coriaria L.,Sicilian Sumac (Eng.),ANACARDIACEAE,Sicilian Sumac (Eng.),,,,,,,,https://archive.bsi.gov.in/echoHerbarium-Details/en?link=CAL0000003372&column=szBarcode,BSI,SOURCE_ONLY,False,1517,
PLANT-1826,Rhus hookeri K.C.Sahni & Bahadur,Momphulai (Beng.),ANACARDIACEAE,Momphulai (Beng.),,,,,,,,https://archive.bsi.gov.in/echoHerbarium-Details/en?link=CAL0000003446&column=szBarcode,BSI,SOURCE_ONLY,False,1518,
PLANT-1827,Rhus javanica L.,Nutgall tree (Eng.),ANACARDIACEAE,Nutgall tree (Eng.),,,,,,,,https://archive.bsi.gov.in/echoHerbarium-Details/en?link=CAL0000003450&column=szBarcode,BSI,SOURCE_ONLY,False,1519,
PLANT-1828,Rhus parviflora Roxb. ex DC.,"Tung, Raitung",ANACARDIACEAE,"Tung, Raitung",,,,,,,,https://archive.bsi.gov.in/echoHerbarium-Details/en?link=CAL0000003449&column=szBarcode,BSI,SOURCE_ONLY,False,1520,
PLANT-1829,Rhus punjabensis J.L.Stew. ex Brand.,Dor (Punjab),ANACARDIACEAE,Dor (Punjab),,,,,,,,https://archive.bsi.gov.in/echoHerbarium-Details/en?link=CAL0000003447&column=szBarcode,BSI,SOURCE_ONLY,False,1521,
PLANT-1830,Rhus succedanea L.,Kakra-singi,ANACARDIACEAE,Kakra-singi; Karkataka; shringi,Ayurveda,,,"Fruit, Galls",Tree,ASTU,,https://archive.bsi.gov.in/echoHerbarium-Details/en?link=CAL0000003451&column=szBarcode,BSI+NMPB,HIGH,False,1522,765
PLANT-1831,Rhynchosia minima (L.) DC.,Daktaranghevda (Mar.),FABACEAE,Daktaranghevda (Mar.),,,,,,,,https://archive.bsi.gov.in/echoHerbarium-Details/en?link=CAL0000003303&column=szBarcode,BSI,SOURCE_ONLY,False,1523,
PLANT-1832,Rhynchostylis retusa (L.) Blume,Draupadi mala,ORCHIDACEAE,Draupadi mala,,,,,,,,https://archive.bsi.gov.in/echoHerbarium-Details/en?link=CAL0000002973&column=szBarcode,BSI,SOURCE_ONLY,False,1524,
PLANT-1833,Ribes alpestre Wall. ex Decne.,Amlanch (Punjab),GROSSULARIACEAE,Amlanch (Punjab),,,,,,,,https://archive.bsi.gov.in/echoHerbarium-Details/en?link=CAL0000013523&column=szBarcode,BSI,SOURCE_ONLY,False,1525,
PLANT-1834,Ribes orientalis Desf.,Askuta (Ladakh),GROSSULARIACEAE,Askuta (Ladakh),,,,,,,,https://archive.bsi.gov.in/echoHerbarium-Details/en?link=CAL0000013524&column=szBarcode,BSI,SOURCE_ONLY,False,1526,
PLANT-1835,Ricinus communis L.,Erandi,EUPHORBIACEAE,Erandi; Arand; Eranda,Ayurveda,,,"Leaf,; Fruit (Seed),; Root",Shrub,AFHSTUW,Eranda,https://archive.bsi.gov.in/echoHerbarium-Details/en?link=CAL0000008776&column=szBarcode,BSI+NMPB,HIGH,False,1527,766
PLANT-1836,Rivea ornata (Roxb.) Choisy.,Phanji (Sans.),CONVOLVULACEAE,Phanji (Sans.),,,,,,,,https://archive.bsi.gov.in/echoHerbarium-Details/en?link=CAL0000009773&column=szBarcode,BSI,SOURCE_ONLY,False,1528,
PLANT-1837,Rorippa indica (L.) Hiern,Chamsuru,BRASSICACEAE,Chamsuru,,,,,,,,https://archive.bsi.gov.in/echoHerbarium-Details/en?link=CAL0000013873&column=szBarcode,BSI,SOURCE_ONLY,False,1529,
PLANT-1838,Rorippa islandica (Oeder) Borbás,Yellow marshcress (Eng.),BRASSICACEAE,Yellow marshcress (Eng.),,,,,,,,https://archive.bsi.gov.in/echoHerbarium-Details/en?link=CAL0000013874&column=szBarcode,BSI,SOURCE_ONLY,False,1530,
PLANT-1839,Rorippa nasturtium-aquaticum (L.) Hayek,"Chhuch, Jal-indushoor",BRASSICACEAE,"Chhuch, Jal-indushoor",,,,,,,,https://archive.bsi.gov.in/echoHerbarium-Details/en?link=CAL0000013875&column=szBarcode,BSI,SOURCE_ONLY,False,1531,
PLANT-1840,Rosa alba L.,Gulseoti,ROSACEAE,Gulseoti,Ayurveda,,,Flower,Shrub,AFSU,,,NMPB,SOURCE_ONLY,False,,767
PLANT-1841,Rosa banksiae R.Br.,Bank's Rose,ROSACEAE,Bank's Rose,,,,,,,,https://archive.bsi.gov.in/echoHerbarium-Details/en?link=CAL0000009603&column=szBarcode,BSI,SOURCE_ONLY,False,1532,
PLANT-1842,Rosa brunonii Lindl.,"Kuji, Kunja",ROSACEAE,"Kuji, Kunja",,,,,,,,https://archive.bsi.gov.in/echoHerbarium-Details/en?link=CAL0000009624&column=szBarcode,BSI,SOURCE_ONLY,False,1533,
PLANT-1843,Rosa centifolia L.,Gulab,ROSACEAE,Gulab; Satapatrika,Ayurveda,,,Flower,Shrub,AFSU,Satapatrika,https://archive.bsi.gov.in/echoHerbarium-Details/en?link=CAL0000009626&column=szBarcode,BSI+NMPB,HIGH,False,1534,768
PLANT-1844,Rosa damascena Mill.,Fasli Gulab,ROSACEAE,"Fasli Gulab; Gulab,; Rose flowers",Ayurveda,,,"Flower,; Petals, Oils",Shrub,AFHSU,,https://archive.bsi.gov.in/echoHerbarium-Details/en?link=CAL0000009622&column=szBarcode,BSI+NMPB,HIGH,False,1535,769
PLANT-1845,Rosa indica L.,Gulab,ROSACEAE,Gulab,,,,Flower,Shrub,FS,,,NMPB,SOURCE_ONLY,False,,770
PLANT-1846,Rosa multiflora Thunb.,Multiflora Rose (Eng.),ROSACEAE,Multiflora Rose (Eng.),,,,,,,,https://archive.bsi.gov.in/echoHerbarium-Details/en?link=CAL0000009621&column=szBarcode,BSI,SOURCE_ONLY,False,1536,
PLANT-1847,Roscoea alpina Royle,Kshirkakoli,ZINGIBERACEAE,Kshirkakoli,,,,Root,Herb,F,,,NMPB,SOURCE_ONLY,False,,771
PLANT-1848,Roscoea purpurea Sm.,Rasagaree (Nepali),ZINGIBERACEAE,Rasagaree (Nepali); Kshirkakoli,,,,Root,Herb,F,,https://archive.bsi.gov.in/echoHerbarium-Details/en?link=CAL0000003026&column=szBarcode,BSI+NMPB,HIGH,False,1537,772
PLANT-1849,Rosmarinus officinalis L.,Rusmari,LAMIACEAE,Rusmari; Rosemary,,,,"Flower, Oil",Shrub,FHW,,https://archive.bsi.gov.in/echoHerbarium-Details/en?link=CAL0000013232&column=szBarcode,BSI+NMPB,HIGH,False,1538,773
PLANT-1850,Rotula aquatica Lour.,Sherni (Mar.),BORAGINACEAE,Sherni (Mar.); Pasanbheda,Ayurveda,,,Root,Herb,AF,,https://archive.bsi.gov.in/echoHerbarium-Details/en?link=CAL0000009145&column=szBarcode,BSI+NMPB,HIGH,False,1539,774
PLANT-1851,Rourea santaloides Wight & Arn.,Varadara,CONNARACEAE,Varadara,,,,Root,Climber,F,,,NMPB,SOURCE_ONLY,False,,775
PLANT-1852,Roylea cineria (D.Don) Baill.,Patkarru,LAMIACEAE,Patkarru,,,,,,,,https://archive.bsi.gov.in/echoHerbarium-Details/en?link=CAL0000013350&column=szBarcode,BSI,SOURCE_ONLY,False,1540,
PLANT-1853,Rubia cordifolia L.,"Manjit, Manjitha",RUBIACEAE,"Manjit, Manjitha; Majith,; Manjist; ha; Manjistha",Ayurveda,,,Root,Climber,AFSTU,Manjistha,https://archive.bsi.gov.in/echoHerbarium-Details/en?link=CAL0000009591&column=szBarcode,BSI+NMPB,HIGH,False,1541,776
PLANT-1854,Rubia sikkimensis Kurz,"Naga; madder,; Moyum",RUBIACEAE,"Naga; madder,; Moyum",,,,Root,Climber,F,,,NMPB,SOURCE_ONLY,False,,777
PLANT-1855,Rubia tinctorum L.,Bacho (Punjab),RUBIACEAE,Bacho (Punjab),,,,,,,,https://archive.bsi.gov.in/echoHerbarium-Details/en?link=CAL0000009375&column=szBarcode,BSI,SOURCE_ONLY,False,1542,
PLANT-1856,Rubus moluccanus L.,Katsoi (Kumaun),ROSACEAE,Katsoi (Kumaun),,,,,,,,https://archive.bsi.gov.in/echoHerbarium-Details/en?link=CAL0000009617&column=szBarcode,BSI,SOURCE_ONLY,False,1543,
PLANT-1857,Rumex acetosa L.,Khatta palak,POLYGONACEAE,Khatta palak,,,,,,,,https://archive.bsi.gov.in/echoHerbarium-Details/en?link=CAL0000013408&column=szBarcode,BSI,SOURCE_ONLY,False,1544,
PLANT-1858,Rumex acetosella L.,Chuk,POLYGONACEAE,Chuk,,,,,,,,https://archive.bsi.gov.in/echoHerbarium-Details/en?link=CAL0000013400&column=szBarcode,BSI,SOURCE_ONLY,False,1545,
PLANT-1859,Rumex crispus L.,Yellow Dock (Eng.),POLYGONACEAE,Yellow Dock (Eng.),,,,,,,,https://archive.bsi.gov.in/echoHerbarium-Details/en?link=CAL0000013403&column=szBarcode,BSI,SOURCE_ONLY,False,1546,
PLANT-1860,Rumex dentatus L.,"Ambavah, Amrule",POLYGONACEAE,"Ambavah, Amrule",,,,,,,,https://archive.bsi.gov.in/echoHerbarium-Details/en?link=CAL0000013412&column=szBarcode,BSI,SOURCE_ONLY,False,1547,
PLANT-1861,Rumex maritimus L.,"Jub-palum, Jungli palak",POLYGONACEAE,"Jub-palum, Jungli palak",,,,,,,,https://archive.bsi.gov.in/echoHerbarium-Details/en?link=CAL0000013414&column=szBarcode,BSI,SOURCE_ONLY,False,1548,
PLANT-1862,Rumex nepalensis Spreng.,Pahari palang,POLYGONACEAE,Pahari palang; Yellow dock; (Subs.),Ayurveda,,,Root,Herb,AHUW,,https://archive.bsi.gov.in/echoHerbarium-Details/en?link=CAL0000013409&column=szBarcode,BSI+NMPB,HIGH,False,1549,778
PLANT-1863,Rumex scutatus L.,Ambavati,POLYGONACEAE,Ambavati,,,,,,,,https://archive.bsi.gov.in/echoHerbarium-Details/en?link=CAL0000013401&column=szBarcode,BSI,SOURCE_ONLY,False,1550,
PLANT-1864,Rungia parviflora (Retz.) Nees,Moto khadsalyo (Guj.),ACANTHACEAE,Moto khadsalyo (Guj.),,,,,,,,https://archive.bsi.gov.in/echoHerbarium-Details/en?link=CAL0000013313&column=szBarcode,BSI,SOURCE_ONLY,False,1551,
PLANT-1865,Rungia repens (L.) Nees,Kharmor,ACANTHACEAE,Kharmor,,,,,,,,https://archive.bsi.gov.in/echoHerbarium-Details/en?link=CAL0000013314&column=szBarcode,BSI,SOURCE_ONLY,False,1552,
PLANT-1866,Ruta graveolens L.,Garden Rue (Eng.),RUTACEAE,Garden Rue (Eng.); Sadab,Ayurveda,,,"Fruit (Seed),; Whole Plant",Herb,AFHSUW,,https://archive.bsi.gov.in/echoHerbarium-Details/en?link=CAL0000009845&column=szBarcode,BSI+NMPB,HIGH,False,1553,779
PLANT-1867,Saccharum bengalense Retz.,Kans,POACEAE,Kans,,,,,,,,https://archive.bsi.gov.in/echoHerbarium-Details/en?link=CAL0000003050&column=szBarcode,BSI,SOURCE_ONLY,False,1554,
PLANT-1868,Saccharum munja Roxb.,Amaveru,POACEAE,Amaveru,Ayurveda,,,Root,Herb,AT,,,NMPB,SOURCE_ONLY,False,,780
PLANT-1869,Saccharum officinarum L.,Karumbu,POACEAE,Karumbu; Iksu,Ayurveda,,,Stem,Herb,AFHSTU,Iksu,,NMPB,SOURCE_ONLY,False,,781
PLANT-1870,Saccharum spontaneum L.,"Kans, Kas",POACEAE,"Kans, Kas; Kusha; Kasa",Ayurveda,,,Root,Herb,AFSTU,Kasa,https://archive.bsi.gov.in/echoHerbarium-Details/en?link=CAL0000003047&column=szBarcode,BSI+NMPB,HIGH,False,1555,782
PLANT-1871,Sageraea laurifolia (Grah.) Blatter,"Sageree, Harkinjal (Mar.)",ANNONACEAE,"Sageree, Harkinjal (Mar.)",,,,,,,,https://archive.bsi.gov.in/echoHerbarium-Details/en?link=CAL0000009914&column=szBarcode,BSI,SOURCE_ONLY,False,1556,
PLANT-1872,Sagittaria sagittifolia L.,"Chhoto-kut, Muya Muya (Beng.)",ALISMATACEAE,"Chhoto-kut, Muya Muya (Beng.)",,,,,,,,https://archive.bsi.gov.in/echoHerbarium-Details/en?link=CAL0000002979&column=szBarcode,BSI,SOURCE_ONLY,False,1557,
PLANT-1873,Salacia chinensis L.,"Saptrangi, Dimal (Beng.)",CELASTRACEAE,"Saptrangi, Dimal (Beng.); Courondi; Names",Ayurveda,,,Root,Climber,AFS**,Names,https://archive.bsi.gov.in/echoHerbarium-Details/en?link=CAL0000003401&column=szBarcode,BSI+NMPB,HIGH,False,1558,783
PLANT-1874,Salacia oblonga Wall.,Chundan (Tam.),CELASTRACEAE,Chundan (Tam.); Kadalainjil,,,,Wood,Climber,FS,,https://archive.bsi.gov.in/echoHerbarium-Details/en?link=CAL0000003403&column=szBarcode,BSI+NMPB,HIGH,False,1559,784
PLANT-1875,Salacia reticulata Wight,"Saptarangi, Etanayakam (Sans.)",CELASTRACEAE,"Saptarangi, Etanayakam (Sans.); Pitila",Ayurveda,,,"Bark (Stem),; Root",Shrub,AF,,https://archive.bsi.gov.in/echoHerbarium-Details/en?link=CAL0000003399&column=szBarcode,BSI+NMPB,HIGH,False,1560,785
PLANT-1876,Salicornia brachiata Roxb.,Muchul (Guj.),CHENOPODIACEAE,Muchul (Guj.),,,,,,,,https://archive.bsi.gov.in/echoHerbarium-Details/en?link=CAL0000013372&column=szBarcode,BSI,SOURCE_ONLY,False,1561,
PLANT-1877,Salix acmophylla Boiss.,"Bada, Bed",SALICACEAE,"Bada, Bed",,,,,,,,https://archive.bsi.gov.in/echoHerbarium-Details/en?link=CAL0000009101&column=szBarcode,BSI,SOURCE_ONLY,False,1562,
PLANT-1878,Salix babylonica L.,Attuppalai (Tel.),SALICACEAE,Attuppalai (Tel.),,,,,,,,https://archive.bsi.gov.in/echoHerbarium-Details/en?link=CAL0000009100&column=szBarcode,BSI,SOURCE_ONLY,False,1563,
PLANT-1879,Salix caprea L.,Bedmushk,SALICACEAE,Bedmushk,,,,,,,,https://archive.bsi.gov.in/echoHerbarium-Details/en?link=CAL0000009099&column=szBarcode,BSI,SOURCE_ONLY,False,1564,
PLANT-1880,Salix tetrasperma Roxb.,"Bod, Bent",SALICACEAE,"Bod, Bent; Indian willow",Ayurveda,,,Bark (Stem),Tree,AFSU,,https://archive.bsi.gov.in/echoHerbarium-Details/en?link=CAL0000009102&column=szBarcode,BSI+NMPB,HIGH,False,1565,786
PLANT-1881,Salsola baryosma (R.& S.) Dandy,Ellakura (Tel.),CHENOPODIACEAE,Ellakura (Tel.),,,,,,,,https://archive.bsi.gov.in/echoHerbarium-Details/en?link=CAL0000013378&column=szBarcode,BSI,SOURCE_ONLY,False,1566,
PLANT-1882,Salsola kali L.,Sajjibuti (Punjab),CHENOPODIACEAE,Sajjibuti (Punjab),,,,,,,,https://archive.bsi.gov.in/echoHerbarium-Details/en?link=CAL0000013379&column=szBarcode,BSI,SOURCE_ONLY,False,1567,
PLANT-1883,Salvadora oleoides Decne.,"Bahapilu, Chootapilu",SALVADORACEAE,"Bahapilu, Chootapilu; Pilu",Ayurveda,,,Fruit,Tree,AFU,,https://archive.bsi.gov.in/echoHerbarium-Details/en?link=CAL0000009528&column=szBarcode,BSI+NMPB,HIGH,False,1568,787
PLANT-1884,Salvadora persica L.,"Jhak, Kharjal",SALVADORACEAE,"Jhak, Kharjal; Goni; Piluh",Ayurveda,,,Bark (Stem),Tree,AFSU,Piluh,https://archive.bsi.gov.in/echoHerbarium-Details/en?link=CAL0000009530&column=szBarcode,BSI+NMPB,HIGH,False,1569,788
PLANT-1885,Salvia aegyptiaca L.,Balangoo,LAMIACEAE,Balangoo,Ayurveda,,,Fruit (Seed),Herb,AU,,,NMPB,SOURCE_ONLY,False,,789
PLANT-1886,Salvia aegyptica L.,Tukham malanga (Punjab),LAMIACEAE,Tukham malanga (Punjab),,,,,,,,https://archive.bsi.gov.in/echoHerbarium-Details/en?link=CAL0000013241&column=szBarcode,BSI,SOURCE_ONLY,False,1570,
PLANT-1887,Salvia haematodes L.,Behman,LAMIACEAE,Behman,,,,Fruit (Seed),Herb,FU,,,NMPB,SOURCE_ONLY,False,,790
PLANT-1888,Salvia moorcroftiana Wall. ex Benth.,"Thuth, Kali jarri (Punjab)",LAMIACEAE,"Thuth, Kali jarri (Punjab); Tuk; marian,; Tuth",,,,"Leaf,; Fruit (Seed)",Herb,F,,https://archive.bsi.gov.in/echoHerbarium-Details/en?link=CAL0000013245&column=szBarcode,BSI+NMPB,HIGH,False,1571,791
PLANT-1889,Salvia officinalis L.,Salvia sefakuss,LAMIACEAE,Salvia sefakuss,,,,,,,,https://archive.bsi.gov.in/echoHerbarium-Details/en?link=CAL0000013237&column=szBarcode,BSI,SOURCE_ONLY,False,1572,
PLANT-1890,Salvia plebeia R.Br.,Kaka-buradi (Beng.),LAMIACEAE,Kaka-buradi (Beng.); Kachora,Ayurveda,,,Fruit (Seed),Herb,AS,,https://archive.bsi.gov.in/echoHerbarium-Details/en?link=CAL0000013243&column=szBarcode,BSI+NMPB,HIGH,False,1573,792
PLANT-1891,Salvia sclarea L.,Behman safed,LAMIACEAE,Behman safed,,,,Fruit (Seed),Herb,U,,,NMPB,SOURCE_ONLY,False,,793
PLANT-1892,Samadera indica Gaertn.,"Nibam, Mepa, Karinjottei (Tam.)",SIMAROUBACEAE,"Nibam, Mepa, Karinjottei (Tam.)",,,,,,,,https://archive.bsi.gov.in/echoHerbarium-Details/en?link=CAL0000009850&column=szBarcode,BSI,SOURCE_ONLY,False,1574,
PLANT-1893,Sambucus nigra L.,European or Black Elder (Eng.),CAPRIFOLIACEAE,European or Black Elder (Eng.),,,,,,,,https://archive.bsi.gov.in/echoHerbarium-Details/en?link=CAL0000009654&column=szBarcode,BSI,SOURCE_ONLY,False,1575,
PLANT-1894,Sambucus wightiana Wall. ex Wight & Arn.,Richhkas (Punjab),CAPRIFOLIACEAE,Richhkas (Punjab),,,,,,,,https://archive.bsi.gov.in/echoHerbarium-Details/en?link=CAL0000009537&column=szBarcode,BSI,SOURCE_ONLY,False,1576,
PLANT-1895,Sandoricum indicum Cav.,Sayai (Tam.),MELIACEAE,Sayai (Tam.),,,,,,,,https://archive.bsi.gov.in/echoHerbarium-Details/en?link=CAL0000009859&column=szBarcode,BSI,SOURCE_ONLY,False,1577,
PLANT-1896,Santaloides minus Schellenb.,"Kalavidhara, Vidhara",CONNARACEAE,"Kalavidhara, Vidhara",,,,,,,,https://archive.bsi.gov.in/echoHerbarium-Details/en?link=CAL0000003436&column=szBarcode,BSI,SOURCE_ONLY,False,1578,
PLANT-1897,Santalum album L.,"Safed chandan, Sandal",SANTALACEAE,"Safed chandan, Sandal; Chandan; Svetacandana",Ayurveda,,,Wood; (Heartwood),Tree,AFHSTUW,Svetacandana,https://archive.bsi.gov.in/echoHerbarium-Details/en?link=CAL0000013362&column=szBarcode,BSI+NMPB,HIGH,False,1579,794
PLANT-1898,Sapindus emarginatus Vahl.,"Reetha,; Soapnut",SAPINDACEAE,"Reetha,; Soapnut",Ayurveda,,,"Bark (Stem),; Fruit, Leaf",Tree,AFU,,,NMPB,SOURCE_ONLY,False,,795
PLANT-1899,Sapindus mukorossi Gaertn.,"Ritha, Reetha",SAPINDACEAE,"Ritha, Reetha; Aretha mota",Ayurveda,,,Fruit,Tree,A,,https://archive.bsi.gov.in/echoHerbarium-Details/en?link=CAL0000003396&column=szBarcode,BSI+NMPB,HIGH,False,1580,796
PLANT-1900,Sapindus trifoliatus L.,"Reetha, Ritha",SAPINDACEAE,"Reetha, Ritha",,,,,,,,https://archive.bsi.gov.in/echoHerbarium-Details/en?link=CAL0000003398&column=szBarcode,BSI,SOURCE_ONLY,False,1581,
PLANT-1901,Sapium indicum Willd.,Hurna,EUPHORBIACEAE,Hurna,,,,,,,,https://archive.bsi.gov.in/echoHerbarium-Details/en?link=CAL0000008780&column=szBarcode,BSI,SOURCE_ONLY,False,1582,
PLANT-1902,Sapium insigne (Royle) Benth.,"Khinna, Khirun",EUPHORBIACEAE,"Khinna, Khirun",,,,,,,,https://archive.bsi.gov.in/echoHerbarium-Details/en?link=CAL0000008784&column=szBarcode,BSI,SOURCE_ONLY,False,1583,
PLANT-1903,Sapium sebiferum (L.) Roxb.,"Pippalyang, Vilayati-shisham",EUPHORBIACEAE,"Pippalyang, Vilayati-shisham",,,,,,,,https://archive.bsi.gov.in/echoHerbarium-Details/en?link=CAL0000008782&column=szBarcode,BSI,SOURCE_ONLY,False,1584,
PLANT-1904,Saprosma ternatum Benth. & Hook.f.,Bhedeli (Assam),RUBIACEAE,Bhedeli (Assam),,,,,,,,https://archive.bsi.gov.in/echoHerbarium-Details/en?link=CAL0000009594&column=szBarcode,BSI,SOURCE_ONLY,False,1585,
PLANT-1905,Saraca asoca (Roxb.) W.J.de Wilde,Ashoka,CAESALPINIACEAE,Ashoka,Ayurveda,,,Bark (Stem),Tree,AFHS,Ashoka,,NMPB,SOURCE_ONLY,False,,797
PLANT-1906,Saraca indica L.,"Asok, Ashoka",CAESALPINIACEAE,"Asok, Ashoka",,,,,,,,https://archive.bsi.gov.in/echoHerbarium-Details/en?link=CAL0000003291&column=szBarcode,BSI,SOURCE_ONLY,False,1586,
PLANT-1907,Sarcococca saligna Muell.Arg.,Sukat sing (Kumaun),EUPHORBIACEAE,Sukat sing (Kumaun),,,,,,,,https://archive.bsi.gov.in/echoHerbarium-Details/en?link=CAL0000008788&column=szBarcode,BSI,SOURCE_ONLY,False,1587,
PLANT-1908,Sarcostemma acidum (Roxb.) Voigt.,Somlata,ASCLEPIADACEAE,Somlata,,,,,,,,https://archive.bsi.gov.in/echoHerbarium-Details/en?link=CAL0000009472&column=szBarcode,BSI,SOURCE_ONLY,False,1588,
PLANT-1909,Sarcostemma brunonianum Wight & Arn.,Muroakiriya (Sinhalese),ASCLEPIADACEAE,Muroakiriya (Sinhalese),,,,,,,,https://archive.bsi.gov.in/echoHerbarium-Details/en?link=CAL0000009473&column=szBarcode,BSI,SOURCE_ONLY,False,1589,
PLANT-1910,Sarcostemma intermedium Decne.,Phok (Mar.),ASCLEPIADACEAE,Phok (Mar.),,,,,,,,https://archive.bsi.gov.in/echoHerbarium-Details/en?link=CAL0000009470&column=szBarcode,BSI,SOURCE_ONLY,False,1590,
PLANT-1911,Sarcostemma viminale (L.) R.Br.; [ = S. acidum (Roxb.) Voigt],"Soma,; Somalatha",ASCLEPIADACEAE,"Soma,; Somalatha",Ayurveda,,,Whole Plant,Climber,A,,,NMPB,SOURCE_ONLY,False,,798
PLANT-1912,Sarcostigma kleinii Wight & Arn.,Ingudi (Sans.),ICACINACEAE,Ingudi (Sans.),,,,,,,,https://archive.bsi.gov.in/echoHerbarium-Details/en?link=CAL0000013184&column=szBarcode,BSI,SOURCE_ONLY,False,1591,
PLANT-1913,Satureja hortensis L.,Summer Savory (Eng.),LAMIACEAE,Summer Savory (Eng.),,,,,,,,https://archive.bsi.gov.in/echoHerbarium-Details/en?link=CAL0000008715&column=szBarcode,BSI,SOURCE_ONLY,False,1592,
PLANT-1914,Sauromatum venosum (Aiton) Kunth,Nurki (Mar.),ARACEAE,Nurki (Mar.),,,,,,,,https://archive.bsi.gov.in/echoHerbarium-Details/en?link=CAL0000002991&column=szBarcode,BSI,SOURCE_ONLY,False,1593,
PLANT-1915,Sauropus androgynus (L.) Merr.,Thavasai murungai (Tam.),EUPHORBIACEAE,Thavasai murungai (Tam.),,,,,,,,https://archive.bsi.gov.in/echoHerbarium-Details/en?link=CAL0000008795&column=szBarcode,BSI,SOURCE_ONLY,False,1594,
PLANT-1916,Sauropus quadrangularis (Willd.) Müll.Arg.,Tellavusirika (Tel.),EUPHORBIACEAE,Tellavusirika (Tel.),,,,,,,,https://archive.bsi.gov.in/echoHerbarium-Details/en?link=CAL0000008797&column=szBarcode,BSI,SOURCE_ONLY,False,1595,
PLANT-1917,Saussurea affinis Spreng. ex DC.,Gangamula (Assam),ASTERACEAE,Gangamula (Assam),,,,,,,,https://archive.bsi.gov.in/echoHerbarium-Details/en?link=CAL0000009350&column=szBarcode,BSI,SOURCE_ONLY,False,1596,
PLANT-1918,Saussurea auriculata (Spreng. ex DC.) Sch.Bip.,Kut,ASTERACEAE,Kut,,,,,,,,https://archive.bsi.gov.in/echoHerbarium-Details/en?link=CAL0000009349&column=szBarcode,BSI,SOURCE_ONLY,False,1597,
PLANT-1919,Saussurea costus (Falc.) Lipsch.; [ = S. lappa (Decne.) Sch.Bip.],"Kuth, Uplet",ASTERACEAE,"Kuth, Uplet; Kustha",Ayurveda,,,"Root, Stem",Herb,AFSTU,Kustha,,NMPB,SOURCE_ONLY,False,,800
PLANT-1920,Saussurea heteromalla (D.Don) Hand.-Mazz.,Batula (Punjab),ASTERACEAE,Batula (Punjab),,,,,,,,https://archive.bsi.gov.in/echoHerbarium-Details/en?link=CAL0000009353&column=szBarcode,BSI,SOURCE_ONLY,False,1598,
PLANT-1921,Saussurea hypoleuca Spreng. ex DC.,Kuth (Subs.),ASTERACEAE,Kuth (Subs.),,,,Root,Herb,F,,,NMPB,SOURCE_ONLY,False,,799
PLANT-1922,Saussurea lappa (Decne.) Sch.Bip.,"Kut, Kur",ASTERACEAE,"Kut, Kur",,,,,,,,https://archive.bsi.gov.in/echoHerbarium-Details/en?link=CAL0000009352&column=szBarcode,BSI,SOURCE_ONLY,False,1599,
PLANT-1923,Saussurea obvallata (DC.) Sch.Bip.,Kanwal (Punjab),ASTERACEAE,Kanwal (Punjab),,,,,,,,https://archive.bsi.gov.in/echoHerbarium-Details/en?link=CAL0000009351&column=szBarcode,BSI,SOURCE_ONLY,False,1600,
PLANT-1924,Scaevola taccada (Gaertn.) Roxb.,Bhadrak (Mar.),GOODENIACEAE,Bhadrak (Mar.),,,,,,,,https://archive.bsi.gov.in/echoHerbarium-Details/en?link=CAL0000013194&column=szBarcode,BSI,SOURCE_ONLY,False,1601,
PLANT-1925,Schima wallichii (DC.) Korth.,"Chilauni, Kanak",THEACEAE,"Chilauni, Kanak",,,,,,,,https://archive.bsi.gov.in/echoHerbarium-Details/en?link=CAL0000013817&column=szBarcode,BSI,SOURCE_ONLY,False,1602,
PLANT-1926,Schizachyrium exile (Hochot.) Stapf,Sprkka,POACEAE,Sprkka,Ayurveda,,,Whole Plant,Herb,A,,,NMPB,SOURCE_ONLY,False,,801
PLANT-1927,Schleichera oleosa (Lour.) Oken,Kusum,SAPINDACEAE,Kusum; Kusum beeja,Ayurveda,,,Fruit (Seed),Tree,AFS,,https://archive.bsi.gov.in/echoHerbarium-Details/en?link=CAL0000003394&column=szBarcode,BSI+NMPB,HIGH,False,1603,802
PLANT-1928,Schrebera swietenioides Roxb.,"Moka, Banpalas",OLEACEAE,"Moka, Banpalas",,,,,,,,https://archive.bsi.gov.in/echoHerbarium-Details/en?link=CAL0000009573&column=szBarcode,BSI,SOURCE_ONLY,False,1604,
PLANT-1929,Schrebera swietenoides Roxb.,Ghanti phal,OLEACEAE,Ghanti phal; Names,Ayurveda,,,"Bark (Stem),; Fruit",Tree,AFSTTag **,Names,,NMPB,SOURCE_ONLY,False,,803
PLANT-1930,Schweinfurthia papilionacea (Burm.f.) Boiss.,"Nepal nimb, Sanipat",SCROPHULARIACEAE,"Nepal nimb, Sanipat",,,,,,,,https://archive.bsi.gov.in/echoHerbarium-Details/en?link=CAL0000013188&column=szBarcode,BSI,SOURCE_ONLY,False,1605,
PLANT-1931,Scilla hyacinthina (Roth) Macbridge,Safedi-khus,LILIACEAE,Safedi-khus,,,,,,,,https://archive.bsi.gov.in/echoHerbarium-Details/en?link=CAL0000002957&column=szBarcode,BSI,SOURCE_ONLY,False,1606,
PLANT-1932,Scindapsus officinalis (Roxb.) Schott,"Gajapipal, Pippal-jhanca",ARACEAE,"Gajapipal, Pippal-jhanca; Gaj pipal; Gajapippali",Ayurveda,,,Fruit,Climber,AFSTU,Gajapippali,https://archive.bsi.gov.in/echoHerbarium-Details/en?link=CAL0000002985&column=szBarcode,BSI+NMPB,HIGH,False,1607,804
PLANT-1933,Scirpus articulatus L.,Chichora,CYPERACEAE,Chichora,,,,,,,,https://archive.bsi.gov.in/echoHerbarium-Details/en?link=CAL0000003236&column=szBarcode,BSI,SOURCE_ONLY,False,1608,
PLANT-1934,Scirpus grossus L.f.,"Kasuru, Kesur",CYPERACEAE,"Kasuru, Kesur",,,,,,,,https://archive.bsi.gov.in/echoHerbarium-Details/en?link=CAL0000003232&column=szBarcode,BSI,SOURCE_ONLY,False,1609,
PLANT-1935,Scirpus lacustris L.,Great Bulrush (Eng.),CYPERACEAE,Great Bulrush (Eng.),,,,,,,,https://archive.bsi.gov.in/echoHerbarium-Details/en?link=CAL0000003235&column=szBarcode,BSI,SOURCE_ONLY,False,1610,
PLANT-1936,Scirpus maritimus L.,Saltmarsh buirush (Eng.),CYPERACEAE,Saltmarsh buirush (Eng.),,,,,,,,https://archive.bsi.gov.in/echoHerbarium-Details/en?link=CAL0000003234&column=szBarcode,BSI,SOURCE_ONLY,False,1611,
PLANT-1937,Scleria levis Retz.,Nutrushes (Eng.),CYPERACEAE,Nutrushes (Eng.),,,,,,,,https://archive.bsi.gov.in/echoHerbarium-Details/en?link=CAL0000003230&column=szBarcode,BSI,SOURCE_ONLY,False,1612,
PLANT-1938,Scleria lithosperma (L.) Sw.,Nakkupullu (Malayalam),CYPERACEAE,Nakkupullu (Malayalam),,,,,,,,https://archive.bsi.gov.in/echoHerbarium-Details/en?link=CAL0000003231&column=szBarcode,BSI,SOURCE_ONLY,False,1613,
PLANT-1939,Scoparia dulcis L.,Jastimadhu (Santal),SCROPHULARIACEAE,Jastimadhu (Santal),,,,,,,,https://archive.bsi.gov.in/echoHerbarium-Details/en?link=CAL0000008761&column=szBarcode,BSI,SOURCE_ONLY,False,1614,
PLANT-1940,Scutellaria discolor Wall. ex Benth.,Daampaate (Nepali),LAMIACEAE,Daampaate (Nepali),,,,,,,,https://archive.bsi.gov.in/echoHerbarium-Details/en?link=CAL0000013215&column=szBarcode,BSI,SOURCE_ONLY,False,1615,
PLANT-1941,Scutellaria galericulata L.,Common Skullcap (Eng.),LAMIACEAE,Common Skullcap (Eng.),,,,,,,,https://archive.bsi.gov.in/echoHerbarium-Details/en?link=CAL0000013214&column=szBarcode,BSI,SOURCE_ONLY,False,1616,
PLANT-1942,Sebastiania chamaelea(L.) Muell.Arg.,Bhuierendi (Konkan),EUPHORBIACEAE,Bhuierendi (Konkan),,,,,,,,https://archive.bsi.gov.in/echoHerbarium-Details/en?link=CAL0000008786&column=szBarcode,BSI,SOURCE_ONLY,False,1617,
PLANT-1943,Secamone emetica (Retz.) R.Br. ex Sm.,Shadaburi (Beng.),EUPHORBIACEAE,Shadaburi (Beng.),,,,,,,,https://archive.bsi.gov.in/echoHerbarium-Details/en?link=CAL0000009468&column=szBarcode,BSI,SOURCE_ONLY,False,1618,
PLANT-1944,Securinega leucopyrus (Willd.) Müll.Arg.,"Hartho, Ainta",EUPHORBIACEAE,"Hartho, Ainta; Hartho,; Bhuriphali",Ayurveda,,,"Leaf, Fruit",Shrub,AFS,,https://archive.bsi.gov.in/echoHerbarium-Details/en?link=CAL0000008818&column=szBarcode,BSI+NMPB,HIGH,False,1619,805
PLANT-1945,Securinega virosa (Roxb. ex Willd.) Baill.,"Dalme, Patala",EUPHORBIACEAE,"Dalme, Patala",,,,,,,,https://archive.bsi.gov.in/echoHerbarium-Details/en?link=CAL0000008820&column=szBarcode,BSI,SOURCE_ONLY,False,1620,
PLANT-1946,Sedum multicaule Wall. ex Lindl.,Multi-Stem Sedum (Eng.),CRASSULACEAE,Multi-Stem Sedum (Eng.),,,,,,,,https://archive.bsi.gov.in/echoHerbarium-Details/en?link=CAL0000009440&column=szBarcode,BSI,SOURCE_ONLY,False,1621,
PLANT-1947,Selinum candollei DC.,Mura,APIACEAE,Mura,Ayurveda,,,Root,Herb,A,Mura,,NMPB,SOURCE_ONLY,False,,806
PLANT-1948,Selinum vaginatum (Edgew.) C.B.Clarke,Butkesh,APIACEAE,Butkesh,,,,Root; (Rhizome),Herb,F,,,NMPB,SOURCE_ONLY,False,,807
PLANT-1949,Semecarpus anacardium L.f.,"Bhela, Bhilawa",ANACARDIACEAE,"Bhela, Bhilawa; Balave,; Bhilavan,; Bhilawa,; Marking nuts; Bhallataka",Ayurveda,,,"Fruit, Root,; Fruit (Seed)",Tree,AFHSTU,Bhallataka,https://archive.bsi.gov.in/echoHerbarium-Details/en?link=CAL0000003443&column=szBarcode,BSI+NMPB,HIGH,False,1622,808
PLANT-1950,Senecio bhutanicus N.P.Balakr.,Lemon Bean Bush (Eng.),ASTERACEAE,Lemon Bean Bush (Eng.),,,,,,,,https://archive.bsi.gov.in/echoHerbarium-Details/en?link=CAL0000009343&column=szBarcode,BSI,SOURCE_ONLY,False,1623,
PLANT-1951,Senecio chrysanthemoides DC.,Cheerful Senecio (Eng.),ASTERACEAE,Cheerful Senecio (Eng.),,,,,,,,https://archive.bsi.gov.in/echoHerbarium-Details/en?link=CAL0000009346&column=szBarcode,BSI,SOURCE_ONLY,False,1624,
PLANT-1952,Senecio jacquemontianus (Decne.) Benth. ex Hook.f.,Poshkar (Kashmir),ASTERACEAE,Poshkar (Kashmir),,,,,,,,https://archive.bsi.gov.in/echoHerbarium-Details/en?link=CAL0000009342&column=szBarcode,BSI,SOURCE_ONLY,False,1625,
PLANT-1953,Senecio tenuifolius Burm.f.,Katimera (Tel.),ASTERACEAE,Katimera (Tel.),,,,,,,,https://archive.bsi.gov.in/echoHerbarium-Details/en?link=CAL0000009341&column=szBarcode,BSI,SOURCE_ONLY,False,1626,
PLANT-1954,Senecio vulgaris L.,Groundsel (Eng.),ASTERACEAE,Groundsel (Eng.),,,,,,,,https://archive.bsi.gov.in/echoHerbarium-Details/en?link=CAL0000009294&column=szBarcode,BSI,SOURCE_ONLY,False,1627,
PLANT-1955,Senna italica Mill.; [ = Cassia italica (Mill.) Lam. ex Andr.;,Nila aavaarai,CAESALPINIACEAE,Nila aavaarai,Ayurveda,,,"Leaf, Fruit",Herb,AFH,,,NMPB,SOURCE_ONLY,False,,809
PLANT-1956,Sesamum orientale L.,Til,PEDALIACEAE,Til; Tila,Ayurveda,,,Fruit (Seed),Herb,AS,Tila,https://archive.bsi.gov.in/echoHerbarium-Details/en?link=CAL0000009086&column=szBarcode,BSI+NMPB,HIGH,False,1628,810
PLANT-1957,Sesbania bispinosa (Jacq.) W.Wight,Ikkada,FABACEAE,Ikkada,,,,,,,,https://archive.bsi.gov.in/echoHerbarium-Details/en?link=CAL0000003343&column=szBarcode,BSI,SOURCE_ONLY,False,1629,
PLANT-1958,Sesbania grandiflora (L.) Poir.,"Bak, Agasti",FABACEAE,"Bak, Agasti; Agase; Itkata",Ayurveda,,,Fruit (Seed),Tree,AFSTU,Itkata,https://archive.bsi.gov.in/echoHerbarium-Details/en?link=CAL0000003342&column=szBarcode,BSI+NMPB,HIGH,False,1630,811
PLANT-1959,Sesbania sesban (L.) Merr.,"Jainti, Jait",FABACEAE,"Jainti, Jait",,,,,,,,https://archive.bsi.gov.in/echoHerbarium-Details/en?link=CAL0000003344&column=szBarcode,BSI,SOURCE_ONLY,False,1631,
PLANT-1960,Sesbania speciosa Taub.,Seemai agathi,FABACEAE,Seemai agathi,,,,Whole Plant,Tree,F,,,NMPB,SOURCE_ONLY,False,,812
PLANT-1961,Seseli diffusum (Roxb. ex Sm.) Santapau & Wagh,Vanayamani (Sans.),APIACEAE,"Vanayamani (Sans.); Kirmani,; Ajwain",Ayurveda,,,Fruit,Herb,A,,https://archive.bsi.gov.in/echoHerbarium-Details/en?link=CAL0000013517&column=szBarcode,BSI+NMPB,HIGH,False,1632,813
PLANT-1962,Seseli sibiricum Benth. ex C.B.Clarke,Bhootakeshi (J &K),APIACEAE,Bhootakeshi (J &K),,,,,,,,https://archive.bsi.gov.in/echoHerbarium-Details/en?link=CAL0000013516&column=szBarcode,BSI,SOURCE_ONLY,False,1633,
PLANT-1963,Setaria italica (L.) Beauv,Kangni,POACEAE,Kangni; Names,Ayurveda,,,Fruit (Seed),Herb,AFSTU**,Names,,NMPB,SOURCE_ONLY,False,,814
PLANT-1964,Setaria plicata (Lam.) T.Cook,Kangni,POACEAE,Kangni,,,,,,,,https://archive.bsi.gov.in/echoHerbarium-Details/en?link=CAL0000002938&column=szBarcode,BSI,SOURCE_ONLY,False,1634,
PLANT-1965,Shorea robusta Gaertn.f.,"Sal, Sakhu",DIPTEROCARPACEAE,"Sal, Sakhu; Raal",Ayurveda,,,"Resinous; Exudate,; Bark (Stem),; Fruit (Seed)",Tree,AFSTU,,https://archive.bsi.gov.in/echoHerbarium-Details/en?link=CAL0000013848&column=szBarcode,BSI+NMPB,HIGH,False,1635,815
PLANT-1966,Sida acuta Burm.f.,"Bariara, Kareta",MALVACEAE,"Bariara, Kareta; Bala",Ayurveda,,,"Root,; Whole Plant",Herb,AFS,,https://archive.bsi.gov.in/echoHerbarium-Details/en?link=CAL0000013843&column=szBarcode,BSI+NMPB,HIGH,False,1636,816
PLANT-1967,Sida cordata (Burm.f.) Borss.Waalk.,"Bhiunli, Junka (Beng.)",MALVACEAE,"Bhiunli, Junka (Beng.)",,,,,,,,https://archive.bsi.gov.in/echoHerbarium-Details/en?link=CAL0000013846&column=szBarcode,BSI,SOURCE_ONLY,False,1637,
PLANT-1968,Sida cordifolia L.,Kungyi,MALVACEAE,Kungyi; Bala,Ayurveda,,,"Root,; Fruit (Seed),; Whole Plant",Herb,AFST,,https://archive.bsi.gov.in/echoHerbarium-Details/en?link=CAL0000013841&column=szBarcode,BSI+NMPB,HIGH,False,1638,817
PLANT-1969,Sida ovata Forsk.,Ball (Rajasthan),MALVACEAE,Ball (Rajasthan),,,,,,,,https://archive.bsi.gov.in/echoHerbarium-Details/en?link=CAL0000013844&column=szBarcode,BSI,SOURCE_ONLY,False,1639,
PLANT-1970,Sida rhombifolia L.,Lal barela,MALVACEAE,Lal barela; Bala; Mahabala,Ayurveda,,,"Root,; Fruit (Seed),; Whole Plant",Herb,AFS,Mahabala,https://archive.bsi.gov.in/echoHerbarium-Details/en?link=CAL0000013842&column=szBarcode,BSI+NMPB,HIGH,False,1640,818
PLANT-1971,Siegesbeckia orientalis L.,Pilibadkadi (Guj.),ASTERACEAE,Pilibadkadi (Guj.),,,,,,,,https://archive.bsi.gov.in/echoHerbarium-Details/en?link=CAL0000009331&column=szBarcode,BSI,SOURCE_ONLY,False,1641,
PLANT-1972,Silene conoidea L.,Cone campion (Eng.),CARYOPHYLLACEAE,Cone campion (Eng.),,,,,,,,https://archive.bsi.gov.in/echoHerbarium-Details/en?link=CAL0000013959&column=szBarcode,BSI,SOURCE_ONLY,False,1642,
PLANT-1973,Silene gallica L.,Windmill Pink (Eng.),CARYOPHYLLACEAE,Windmill Pink (Eng.),,,,,,,,https://archive.bsi.gov.in/echoHerbarium-Details/en?link=CAL0000013967&column=szBarcode,BSI,SOURCE_ONLY,False,1643,
PLANT-1974,Silybum marianum (L.) Gaertn.,Milk Thistle (Eng.),ASTERACEAE,Milk Thistle (Eng.); Milk thistle,,,,Fruit (Seed),Herb,HW,,https://archive.bsi.gov.in/echoHerbarium-Details/en?link=CAL0000009329&column=szBarcode,BSI+NMPB,HIGH,False,1644,819
PLANT-1975,Simmondsia chinensis (Link),Jojoba,SIMMONDSIACEAE,Jojoba,,,,Fruit,Shrub,W,,,NMPB,SOURCE_ONLY,False,,820
PLANT-1976,Sinapis alba L.,"Safedrai,; Yellow; mustard",BRASSICACEAE,"Safedrai,; Yellow; mustard",Ayurveda,,,Fruit (Seed),Herb,AHS,,,NMPB,SOURCE_ONLY,False,,821
PLANT-1977,Sisymbrium altissimum L.,Tumble-Mustard (Eng.),BRASSICACEAE,Tumble-Mustard (Eng.),,,,,,,,https://archive.bsi.gov.in/echoHerbarium-Details/en?link=CAL0000013872&column=szBarcode,BSI,SOURCE_ONLY,False,1645,
PLANT-1978,Sisymbrium irio L.,Khubkalan,BRASSICACEAE,Khubkalan,Ayurveda,,,Fruit (Seed),Herb,AU,Khubkalan,https://archive.bsi.gov.in/echoHerbarium-Details/en?link=CAL0000013871&column=szBarcode,BSI+NMPB,HIGH,False,1646,822
PLANT-1979,Sisymbrium loeselii L.,Small tumble weed mustard (Eng.),BRASSICACEAE,Small tumble weed mustard (Eng.),,,,,,,,https://archive.bsi.gov.in/echoHerbarium-Details/en?link=CAL0000013869&column=szBarcode,BSI,SOURCE_ONLY,False,1647,
PLANT-1980,Skimmia laureola (DC.) Sieb. & Zucc. ex Walp.,"Kedarpatta, Masturipath (Local names)",RUTACEAE,"Kedarpatta, Masturipath (Local names); Ner, Patrang,; Barru",,,,Leaf,Shrub,F,,https://archive.bsi.gov.in/echoHerbarium-Details/en?link=CAL0000009836&column=szBarcode,BSI+NMPB,HIGH,False,1648,823
PLANT-1981,Smilax aspera L.,Chopchi; ni; (Subs.),SMILACACEAE,Chopchi; ni; (Subs.),Ayurveda,,,Root,Climber,AH,,,NMPB,SOURCE_ONLY,False,,824
PLANT-1982,Smilax china L.,Chobchini,SMILACACEAE,Chobchini; Madhusnuhi,Ayurveda,,,Root,Climber,ASU,Madhusnuhi,,NMPB,SOURCE_ONLY,False,,825
PLANT-1983,Smilax glabra Roxb.,Barichob-chini,SMILACACEAE,"Barichob-chini; Chobchini,; Lokhandi",Ayurveda,,,Root,Climber,A,,https://archive.bsi.gov.in/echoHerbarium-Details/en?link=CAL0000003004&column=szBarcode,BSI+NMPB,HIGH,False,1649,826
PLANT-1984,Smilax lanceaefolia Roxb.,Hindichobchini,SMILACACEAE,Hindichobchini,,,,,,,,https://archive.bsi.gov.in/echoHerbarium-Details/en?link=CAL0000003007&column=szBarcode,BSI,SOURCE_ONLY,False,1650,
PLANT-1985,Smilax ovalifolia Roxb.,"Jangli- aushbah, Chob-chini",SMILACACEAE,"Jangli- aushbah, Chob-chini",,,,,,,,https://archive.bsi.gov.in/echoHerbarium-Details/en?link=CAL0000003009&column=szBarcode,BSI,SOURCE_ONLY,False,1651,
PLANT-1986,Smilax zeylanica L.,Chopchi; ni; (Subs.),SMILACACEAE,Chopchi; ni; (Subs.),Ayurveda,,,Root,Climber,AFS,,,NMPB,SOURCE_ONLY,False,,827
PLANT-1987,Smithia conferta Sm.,Naichibha (Mar.),FABACEAE,Naichibha (Mar.),,,,,,,,https://archive.bsi.gov.in/echoHerbarium-Details/en?link=CAL0000003339&column=szBarcode,BSI,SOURCE_ONLY,False,1652,
PLANT-1988,Smithia sensitiva Aiton,Odabrini,FABACEAE,Odabrini,,,,,,,,https://archive.bsi.gov.in/echoHerbarium-Details/en?link=CAL0000003338&column=szBarcode,BSI,SOURCE_ONLY,False,1653,
PLANT-1989,Solanum albicaule Kotschy ex Dunal,Narkanta (Rajasthan),SOLANACEAE,Narkanta (Rajasthan),,,,,,,,https://archive.bsi.gov.in/echoHerbarium-Details/en?link=CAL0000009178&column=szBarcode,BSI,SOURCE_ONLY,False,1654,
PLANT-1990,Solanum anguivi Lam.; [= S. indicum auct. non L.;,Katheli-badhi,SOLANACEAE,Katheli-badhi; Brhati,Ayurveda,,,Root,Shrub,AS,Brhati,,NMPB,SOURCE_ONLY,False,,828
PLANT-1991,Solanum dulcamara L.,Kakmachi (Sans.),SOLANACEAE,Kakmachi (Sans.),,,,,,,,https://archive.bsi.gov.in/echoHerbarium-Details/en?link=CAL0000009166&column=szBarcode,BSI,SOURCE_ONLY,False,1655,
PLANT-1992,Solanum erianthum D.Don,Vidari (Sans.),SOLANACEAE,Vidari (Sans.),,,,,,,,https://archive.bsi.gov.in/echoHerbarium-Details/en?link=CAL0000009167&column=szBarcode,BSI,SOURCE_ONLY,False,1656,
PLANT-1993,Solanum ferox L.,Garbhada (Sans.),SOLANACEAE,Garbhada (Sans.),,,,,,,,https://archive.bsi.gov.in/echoHerbarium-Details/en?link=CAL0000009168&column=szBarcode,BSI,SOURCE_ONLY,False,1657,
PLANT-1994,Solanum gracilipes Decne.,Howa (Punjab),SOLANACEAE,Howa (Punjab),,,,,,,,https://archive.bsi.gov.in/echoHerbarium-Details/en?link=CAL0000009177&column=szBarcode,BSI,SOURCE_ONLY,False,1658,
PLANT-1995,Solanum indicum L.,"Barhanta, Birhatta (Hindi)",SOLANACEAE,"Barhanta, Birhatta (Hindi)",,,,,,,,https://archive.bsi.gov.in/echoHerbarium-Details/en?link=CAL0000009170&column=szBarcode,BSI,SOURCE_ONLY,False,1659,
PLANT-1996,Solanum melongena L.,"Bengan, Ubhi ringani (Guj)",SOLANACEAE,"Bengan, Ubhi ringani (Guj); Baingan; Names",Ayurveda,,,"Fruit, Leaf",Herb,AFSU**,Names,https://archive.bsi.gov.in/echoHerbarium-Details/en?link=CAL0000013129&column=szBarcode,BSI+NMPB,HIGH,False,1660,829
PLANT-1997,Solanum nigrum L.,Makoi,SOLANACEAE,"Makoi; Makoi,; Kakamachi; Kakamaci",Ayurveda,,,"Fruit, Root,; Whole Plant",Herb,AFHSTU,Kakamaci,https://archive.bsi.gov.in/echoHerbarium-Details/en?link=CAL0000009164&column=szBarcode,BSI+NMPB,HIGH,False,1661,830
PLANT-1998,Solanum spirale Roxb.,Mungaskajur,SOLANACEAE,Mungaskajur,,,,,,,,https://archive.bsi.gov.in/echoHerbarium-Details/en?link=CAL0000009165&column=szBarcode,BSI,SOURCE_ONLY,False,1662,
PLANT-1999,Solanum surattense Burm.f.,"Kateli, Katai",SOLANACEAE,"Kateli, Katai",,,,,,,,https://archive.bsi.gov.in/echoHerbarium-Details/en?link=CAL0000009173&column=szBarcode,BSI,SOURCE_ONLY,False,1663,
PLANT-2000,Solanum torvum Sw.,Titbaigun (Beng.),SOLANACEAE,Titbaigun (Beng.); Padarchunda,Ayurveda,,,"Fruit, Root",Shrub,AFS,,https://archive.bsi.gov.in/echoHerbarium-Details/en?link=CAL0000009169&column=szBarcode,BSI+NMPB,HIGH,False,1664,831
PLANT-2001,Solanum trilobatum L.,Alarka (Sans.),SOLANACEAE,Alarka (Sans.); Alarka,Ayurveda,,,Root,Climber,AFS,,https://archive.bsi.gov.in/echoHerbarium-Details/en?link=CAL0000009171&column=szBarcode,BSI+NMPB,HIGH,False,1665,832
PLANT-2002,Solanum tuberosum L.,Alu,SOLANACEAE,Alu,,,,,,,,https://archive.bsi.gov.in/echoHerbarium-Details/en?link=CAL0000009175&column=szBarcode,BSI,SOURCE_ONLY,False,1666,
PLANT-2003,Solanum virginianum L.; [= S. surattense Burm.f.;,Kateli,SOLANACEAE,Kateli; Kantakari,Ayurveda,,,"Fruit, Root,; Whole Plant",Herb,AH,Kantakari,,NMPB,SOURCE_ONLY,False,,833
PLANT-2004,Solidago virgaurea L.,Woundwort (Eng.),ASTERACEAE,Woundwort (Eng.),,,,,,,,https://archive.bsi.gov.in/echoHerbarium-Details/en?link=CAL0000009309&column=szBarcode,BSI,SOURCE_ONLY,False,1667,
PLANT-2005,Sonchus asper (L.) Hill,Didhi,ASTERACEAE,Didhi,,,,,,,,https://archive.bsi.gov.in/echoHerbarium-Details/en?link=CAL0000009306&column=szBarcode,BSI,SOURCE_ONLY,False,1668,
PLANT-2006,Sonchus brachyotus DC.,Sadhi,ASTERACEAE,Sadhi,,,,,,,,https://archive.bsi.gov.in/echoHerbarium-Details/en?link=CAL0000009308&column=szBarcode,BSI,SOURCE_ONLY,False,1669,
PLANT-2007,Sonchus oleraceus L.,"Dudhi, Dodak",ASTERACEAE,"Dudhi, Dodak",,,,,,,,https://archive.bsi.gov.in/echoHerbarium-Details/en?link=CAL0000009307&column=szBarcode,BSI,SOURCE_ONLY,False,1670,
PLANT-2008,Sonneratia caseolaris (L.) Engl.,"Orcha, Archa (Beng.)",SONNERATIACEAE,"Orcha, Archa (Beng.)",,,,,,,,https://archive.bsi.gov.in/echoHerbarium-Details/en?link=CAL0000009525&column=szBarcode,BSI,SOURCE_ONLY,False,1671,
PLANT-2009,Sophora mollis (Royle) Baker,"Kun, Malan (Punjab)",FABACEAE,"Kun, Malan (Punjab)",,,,,,,,https://archive.bsi.gov.in/echoHerbarium-Details/en?link=CAL0000003298&column=szBarcode,BSI,SOURCE_ONLY,False,1672,
PLANT-2010,Sophora tomentosa L.,Silver Bush (Eng.),FABACEAE,Silver Bush (Eng.),,,,,,,,https://archive.bsi.gov.in/echoHerbarium-Details/en?link=CAL0000003299&column=szBarcode,BSI,SOURCE_ONLY,False,1673,
PLANT-2011,Sopubia delphinifolia (L.) G.Don,Dudhali (Mar. & Guj.),SCROPHULARIACEAE,Dudhali (Mar. & Guj.),,,,,,,,https://archive.bsi.gov.in/echoHerbarium-Details/en?link=CAL0000008755&column=szBarcode,BSI,SOURCE_ONLY,False,1674,
PLANT-2012,Sorbaria tomentosa (Lindl.) Rehder,Baakhre jhaar (Nepali),ROSACEAE,Baakhre jhaar (Nepali),,,,,,,,https://archive.bsi.gov.in/echoHerbarium-Details/en?link=CAL0000009600&column=szBarcode,BSI,SOURCE_ONLY,False,1675,
PLANT-2013,Sorbus aucuparia L.,Baltal (Punjab),ROSACEAE,Baltal (Punjab),,,,,,,,https://archive.bsi.gov.in/echoHerbarium-Details/en?link=CAL0000009620&column=szBarcode,BSI,SOURCE_ONLY,False,1676,
PLANT-2014,Sorghum halepense (L.) Pers.,Baru,POACEAE,Baru,,,,,,,,https://archive.bsi.gov.in/echoHerbarium-Details/en?link=CAL0000003187&column=szBarcode,BSI,SOURCE_ONLY,False,1677,
PLANT-2015,Soymida febrifuga A.Juss.,"Rohun, Rohunna",MELIACEAE,"Rohun, Rohunna; Rohan",Ayurveda,,,Fruit,Tree,AFSTU,,https://archive.bsi.gov.in/echoHerbarium-Details/en?link=CAL0000009861&column=szBarcode,BSI+NMPB,HIGH,False,1678,834
PLANT-2016,Spatholobus roxburghii Benth.,Mula,FABACEAE,Mula,,,,Bark (Stem),Climber,FS,,,NMPB,SOURCE_ONLY,False,,835
PLANT-2017,Spermacoce articularis L.f.,Tukah,RUBIACEAE,Tukah,Ayurveda,,,"Fruit (Seed),; Whole Plant",Herb,A,,,NMPB,SOURCE_ONLY,False,,836
PLANT-2018,Spermadictyon suaveolens Roxb.,Kondamuritidi (Tel.),RUBIACEAE,Kondamuritidi (Tel.),,,,,,,,https://archive.bsi.gov.in/echoHerbarium-Details/en?link=CAL0000009592&column=szBarcode,BSI,SOURCE_ONLY,False,1679,
PLANT-2019,Sphaeranthus africanus L.,Sveta hapusa (Sans.),ASTERACEAE,Sveta hapusa (Sans.); Mundi,Ayurveda,,,Flower,Herb,A,,https://archive.bsi.gov.in/echoHerbarium-Details/en?link=CAL0000009320&column=szBarcode,BSI+NMPB,HIGH,False,1680,837
PLANT-2020,Sphaeranthus amaranthoides Burm.,Cevayam,ASTERACEAE,Cevayam,,,,Flower,Herb,FS,,,NMPB,SOURCE_ONLY,False,,838
PLANT-2021,Sphaeranthus indicus L.,"Mundi, Gorakh mundi",ASTERACEAE,"Mundi, Gorakh mundi; Gorak mundi; Munditika",Ayurveda,,,Flower,Herb,AFSTU,Munditika,https://archive.bsi.gov.in/echoHerbarium-Details/en?link=CAL0000009319&column=szBarcode,BSI+NMPB,HIGH,False,1681,839
PLANT-2022,Sphenodesme pentandra Jack.,Tukha-karaing (Kach.),VERBENACEAE,Tukha-karaing (Kach.),,,,,,,,https://archive.bsi.gov.in/echoHerbarium-Details/en?link=CAL0000013278&column=szBarcode,BSI,SOURCE_ONLY,False,1682,
PLANT-2023,Spilanthes calva DC.,Akkalkara (Mar.),ASTERACEAE,Akkalkara (Mar.),,,,,,,,https://archive.bsi.gov.in/echoHerbarium-Details/en?link=CAL0000009323&column=szBarcode,BSI,SOURCE_ONLY,False,1683,
PLANT-2024,Spilanthes oleracea L.; [= S. acmella Murr. var. oleracea,"Akarkara,; Sarahattik; a, Vana-; mugali",ASTERACEAE,"Akarkara,; Sarahattik; a, Vana-; mugali",Ayurveda,,,"Flower, Root",Herb,A,,,NMPB,SOURCE_ONLY,False,,840
PLANT-2025,Spinacia oleracea L.,Para cress (Eng.),CHENOPODIACEAE,Para cress (Eng.),,,,,,,,https://archive.bsi.gov.in/echoHerbarium-Details/en?link=CAL0000013364&column=szBarcode,BSI,SOURCE_ONLY,False,1684,
PLANT-2026,Spondias pinnata (L.f.) Kurz,"Ambada, Jangali Aam",ANACARDIACEAE,"Ambada, Jangali Aam; Amate; Amrata",Ayurveda,,,Bark (Stem),Tree,AFSTU,Amrata,https://archive.bsi.gov.in/echoHerbarium-Details/en?link=CAL0000003383&column=szBarcode,BSI+NMPB,HIGH,False,1685,841
PLANT-2027,Stachys palustris L.,Marsh Woundwort (Eng.),LAMIACEAE,Marsh Woundwort (Eng.),,,,,,,,https://archive.bsi.gov.in/echoHerbarium-Details/en?link=CAL0000008655&column=szBarcode,BSI,SOURCE_ONLY,False,1686,
PLANT-2028,Stachys parviflora Benth.,"Baggibuti, Kirimar (Punjab)",LAMIACEAE,"Baggibuti, Kirimar (Punjab)",,,,,,,,https://archive.bsi.gov.in/echoHerbarium-Details/en?link=CAL0000008656&column=szBarcode,BSI,SOURCE_ONLY,False,1687,
PLANT-2029,Stachys sylvatica L.,Hedge Woundwort (Eng.),LAMIACEAE,Hedge Woundwort (Eng.),,,,,,,,https://archive.bsi.gov.in/echoHerbarium-Details/en?link=CAL0000008652&column=szBarcode,BSI,SOURCE_ONLY,False,1688,
PLANT-2030,Stachytarpheta indica (L.) Vahl,Kariyartharani,VERBENACEAE,Kariyartharani,,,,,,,,https://archive.bsi.gov.in/echoHerbarium-Details/en?link=CAL0000013204&column=szBarcode,BSI,SOURCE_ONLY,False,1689,
PLANT-2031,Stellaria alsine Grimm,Bog stitchwort (Eng.),CARYOPHYLLACEAE,Bog stitchwort (Eng.),,,,,,,,https://archive.bsi.gov.in/echoHerbarium-Details/en?link=CAL0000013962&column=szBarcode,BSI,SOURCE_ONLY,False,1690,
PLANT-2032,Stellaria media (L.) Vill.,Morolia (Assam),CARYOPHYLLACEAE,Morolia (Assam),,,,,,,,https://archive.bsi.gov.in/echoHerbarium-Details/en?link=CAL0000013961&column=szBarcode,BSI,SOURCE_ONLY,False,1691,
PLANT-2033,Stemodia viscosa Roxb.,Nukachuni (Beng.),SCROPHULARIACEAE,Nukachuni (Beng.),,,,,,,,https://archive.bsi.gov.in/echoHerbarium-Details/en?link=CAL0000013268&column=szBarcode,BSI,SOURCE_ONLY,False,1692,
PLANT-2034,Stephania glabra (Roxb.) Miers.,Gindaru (Garhwal),MENISPERMACEAE,"Gindaru (Garhwal); Patha,; Rajapat",Ayurveda,,,Root,Climber,A,,https://archive.bsi.gov.in/echoHerbarium-Details/en?link=CAL0000013896&column=szBarcode,BSI+NMPB,HIGH,False,1693,842
PLANT-2035,Stephania hernandifolia (Willd.) Walp.,"Musakani, Vanatiktika (Sans.)",MENISPERMACEAE,"Musakani, Vanatiktika (Sans.)",,,,,,,,https://archive.bsi.gov.in/echoHerbarium-Details/en?link=CAL0000013894&column=szBarcode,BSI,SOURCE_ONLY,False,1694,
PLANT-2036,Sterculia balanghas L.,Kavalam (Tam.),STERCULIACEAE,Kavalam (Tam.),,,,,,,,https://archive.bsi.gov.in/echoHerbarium-Details/en?link=CAL0000013944&column=szBarcode,BSI,SOURCE_ONLY,False,1695,
PLANT-2037,Sterculia foetida L.,Jangli badam,STERCULIACEAE,"Jangli badam; Janlibada; m, Java; Names",Ayurveda,,,"Fruit, Wood",Tree,AFSTag **,Names,https://archive.bsi.gov.in/echoHerbarium-Details/en?link=CAL0000013941&column=szBarcode,BSI+NMPB,HIGH,False,1696,843
PLANT-2038,Sterculia rubiginosa Vent.,Rusty Sterculai (Eng.),STERCULIACEAE,Rusty Sterculai (Eng.),,,,,,,,https://archive.bsi.gov.in/echoHerbarium-Details/en?link=CAL0000013943&column=szBarcode,BSI,SOURCE_ONLY,False,1697,
PLANT-2039,Sterculia urens Roxb.,"Gular, Gulu",STERCULIACEAE,"Gular, Gulu; Karaya,; Kateera",Ayurveda,,,Gum,Tree,AFSW,,https://archive.bsi.gov.in/echoHerbarium-Details/en?link=CAL0000008603&column=szBarcode,BSI+NMPB,HIGH,False,1698,844
PLANT-2040,Stereospermum chelonoides (L.f.) DC.,"Parral, Pader",BIGNONIACEAE,"Parral, Pader; Patala; Patalai",Ayurveda,,,Root,Tree,AFS,Patalai,https://archive.bsi.gov.in/echoHerbarium-Details/en?link=CAL0000009122&column=szBarcode,BSI+NMPB,HIGH,False,1699,845
PLANT-2041,Stereospermum colais (Buch.-Ham.; [= S. personatum (Hassk.) Chatterjee],Patala,BIGNONIACEAE,Patala,Ayurveda,,,Root,Tree,AF,,,NMPB,SOURCE_ONLY,False,,846
PLANT-2042,Stereospermum personatum (Hassk.) Chatterjee,"Parral, Pader",BIGNONIACEAE,"Parral, Pader",,,,,,,,https://archive.bsi.gov.in/echoHerbarium-Details/en?link=CAL0000009124&column=szBarcode,BSI,SOURCE_ONLY,False,1700,
PLANT-2043,Stranvaesia glaucescens Lindl.,Gadh-mehal (Kumaun),ROSACEAE,Gadh-mehal (Kumaun),,,,,,,,https://archive.bsi.gov.in/echoHerbarium-Details/en?link=CAL0000009605&column=szBarcode,BSI,SOURCE_ONLY,False,1701,
PLANT-2044,Streblus asper Lour.,"Siora, Karchanua",MORACEAE,"Siora, Karchanua; Bajradanti; Sakhotaka",Ayurveda,,,Root,Tree,AFS,Sakhotaka,https://archive.bsi.gov.in/echoHerbarium-Details/en?link=CAL0000009205&column=szBarcode,BSI+NMPB,HIGH,False,1702,847
PLANT-2045,Striga asiatica (L.) Kuntze,Agia,SCROPHULARIACEAE,Agia,,,,,,,,https://archive.bsi.gov.in/echoHerbarium-Details/en?link=CAL0000008753&column=szBarcode,BSI,SOURCE_ONLY,False,1703,
PLANT-2046,Striga gesnerioides (Willd.) Vatke,Missi,SCROPHULARIACEAE,Missi,,,,,,,,https://archive.bsi.gov.in/echoHerbarium-Details/en?link=CAL0000008751&column=szBarcode,BSI,SOURCE_ONLY,False,1704,
PLANT-2047,Strobilanthes callosus Nees,Maruadana,ACANTHACEAE,Maruadana,,,,,,,,https://archive.bsi.gov.in/echoHerbarium-Details/en?link=CAL0000013334&column=szBarcode,BSI,SOURCE_ONLY,False,1705,
PLANT-2048,Strobilanthes cusia (Nees.) Kuntze,Rum (Assam),ACANTHACEAE,Rum (Assam),,,,,,,,https://archive.bsi.gov.in/echoHerbarium-Details/en?link=CAL0000013332&column=szBarcode,BSI,SOURCE_ONLY,False,1706,
PLANT-2049,Strobilanthes lupulinus Nees,Karun Kurinji (Tam.),ACANTHACEAE,Karun Kurinji (Tam.),,,,,,,,https://archive.bsi.gov.in/echoHerbarium-Details/en?link=CAL0000013338&column=szBarcode,BSI,SOURCE_ONLY,False,1707,
PLANT-2050,Strophanthus wightianus Wall.,Neivalli (Tam.),APOCYNACEAE,Neivalli (Tam.); Naithal; kizhangu,,,,Root,Climber,F,,https://archive.bsi.gov.in/echoHerbarium-Details/en?link=CAL0000009460&column=szBarcode,BSI+NMPB,HIGH,False,1708,848
PLANT-2051,Strychnos aenea A.W.Hill,Mothira-kanjiram (Mal.),LOGANIAACEAE,Mothira-kanjiram (Mal.),,,,,,,,https://archive.bsi.gov.in/echoHerbarium-Details/en?link=CAL0000009519&column=szBarcode,BSI,SOURCE_ONLY,False,1709,
PLANT-2052,Strychnos cinnamomifolia Thwaites,Valli-kanjiram (Madras),LOGANIAACEAE,Valli-kanjiram (Madras),,,,,,,,https://archive.bsi.gov.in/echoHerbarium-Details/en?link=CAL0000009518&column=szBarcode,BSI,SOURCE_ONLY,False,1710,
PLANT-2053,Strychnos colubrina L.,Kuchila lata,LOGANIAACEAE,Kuchila lata,,,,,,,,https://archive.bsi.gov.in/echoHerbarium-Details/en?link=CAL0000009520&column=szBarcode,BSI,SOURCE_ONLY,False,1711,
PLANT-2054,Strychnos ignatii Berg.,Pipita,LOGANIACEAE,Pipita,,,,,,,,https://archive.bsi.gov.in/echoHerbarium-Details/en?link=CAL0000009647&column=szBarcode,BSI,SOURCE_ONLY,False,1712,
PLANT-2055,Strychnos nux-vomica L.,"Bailewa, Kajra",LOGANIAACEAE,"Bailewa, Kajra; Kuchla,; Itti beeja; (Subs.)",,,,Fruit (Seed),Tree,F,,https://archive.bsi.gov.in/echoHerbarium-Details/en?link=CAL0000009521&column=szBarcode,BSI+NMPB,HIGH,False,1713,849
PLANT-2056,Strychnos potatorum L.f.,"Nirmali, Nelmal",LOGANIAACEAE,"Nirmali, Nelmal; Nirmali,; Cleaning; nuts; Kataka",Ayurveda,,,Fruit (Seed),Tree,AFSTU,Kataka,https://archive.bsi.gov.in/echoHerbarium-Details/en?link=CAL0000009522&column=szBarcode,BSI+NMPB,HIGH,False,1714,851
PLANT-2057,Stylocoryna lucens (Hook.f.) Gamble; [= Tarenna alpestris (Wight) N.P.Balakr.],Paphanals,RUBIACEAE,Paphanals,Ayurveda,,,Root,Shrub,A,,,NMPB,SOURCE_ONLY,False,,852
PLANT-2058,Styrax benzoin Dryand.,"Luban, Loban",STYRACACEAE,"Luban, Loban",,,,,,,,https://archive.bsi.gov.in/echoHerbarium-Details/en?link=CAL0000009513&column=szBarcode,BSI,SOURCE_ONLY,False,1715,
PLANT-2059,Suaeda fruticosa (L.) Forsk.,"Lunak, Chhoti-lani",CHENOPODIACEAE,"Lunak, Chhoti-lani",,,,,,,,https://archive.bsi.gov.in/echoHerbarium-Details/en?link=CAL0000013374&column=szBarcode,BSI,SOURCE_ONLY,False,1716,
PLANT-2060,Swertia alata (D.Don) Royle ex C.B.Clarke,Bui (Kashmir),GENTIANACEAE,Bui (Kashmir); Kiratatikta,Ayurveda,,,Whole Plant,Herb,A,,https://archive.bsi.gov.in/echoHerbarium-Details/en?link=CAL0000013190&column=szBarcode,BSI+NMPB,HIGH,False,1717,853
PLANT-2061,Swertia angustifolia Buch.-Ham. ex D.Don,"Pahari kiretta, Mitha kirayat",GENTIANACEAE,"Pahari kiretta, Mitha kirayat; Chiraeta; shireen",Ayurveda,,,Whole Plant,Herb,AU,,https://archive.bsi.gov.in/echoHerbarium-Details/en?link=CAL0000009502&column=szBarcode,BSI+NMPB,HIGH,False,1718,854
PLANT-2062,Swertia chirayita (Roxb. ex,Chiraiyata,GENTIANACEAE,Chiraiyata; Kiratatikta,Ayurveda,,,Whole Plant,Herb,AFH,Kiratatikta,,NMPB,SOURCE_ONLY,False,,855
PLANT-2063,Swertia paniculata Wall.,Kadavi (Mar.),GENTIANACEAE,Kadavi (Mar.),,,,,,,,https://archive.bsi.gov.in/echoHerbarium-Details/en?link=CAL0000009501&column=szBarcode,BSI,SOURCE_ONLY,False,1719,
PLANT-2064,Symplocos chinensis (Lour.) Druce,Ludh,SYMPLOCACEAE,Ludh,,,,,,,,https://archive.bsi.gov.in/echoHerbarium-Details/en?link=CAL0000009515&column=szBarcode,BSI,SOURCE_ONLY,False,1720,
PLANT-2065,Symplocos cochinchinensis S.Moore,Lodhra,SYMPLOCACEAE,Lodhra,Ayurveda,,,Bark (Stem),Tree,AFS,,,NMPB,SOURCE_ONLY,False,,856
PLANT-2066,Symplocos paniculata (Thunb.) Miq.,"Lodhra,",SYMPLOCACEAE,"Lodhra,; Names",Ayurveda,,,Bark (Stem),Tree,AUTag **,Names,,NMPB,SOURCE_ONLY,False,,857
PLANT-2067,Symplocos racemosa Roxb.,Lodha,SYMPLOCACEAE,Lodha; Pathani lodh; Lodhra,Ayurveda,,,Bark (Stem),Tree,AFSTU,Lodhra,https://archive.bsi.gov.in/echoHerbarium-Details/en?link=CAL0000009516&column=szBarcode,BSI+NMPB,HIGH,False,1721,858
PLANT-2068,Synedrella nodiflora (L.) Gaertn.,Mudiyendra pacha (Mal.),ASTERACEAE,Mudiyendra pacha (Mal.),,,,,,,,https://archive.bsi.gov.in/echoHerbarium-Details/en?link=CAL0000009338&column=szBarcode,BSI,SOURCE_ONLY,False,1722,
PLANT-2069,Syringa persica L.,Hiasmin (Kashmir),OLEACEAE,Hiasmin (Kashmir),,,,,,,,https://archive.bsi.gov.in/echoHerbarium-Details/en?link=CAL0000009570&column=szBarcode,BSI,SOURCE_ONLY,False,1723,
PLANT-2070,Syzygium aromaticum (L.) Merr. & L.M.Perry,"Laung, Lavanga",MYRTACEAE,"Laung, Lavanga; Laung, Cloves; Lavanga",Ayurveda,,,"Dried Flower; (Bud), Leaf,; Stem",Tree,AFSTUW,Lavanga,https://archive.bsi.gov.in/echoHerbarium-Details/en?link=CAL0000009650&column=szBarcode,BSI+NMPB,HIGH,False,1724,859
PLANT-2071,Syzygium caryophyllatum (L.) Alston; [= Eugenia caryophyllaea Wight],"Clove, Lavang Tree",MYRTACEAE,"Clove, Lavang Tree",Ayurveda,,,"Stem, Flower; (Bud)",,AFSU,,,NMPB,SOURCE_ONLY,False,,860
PLANT-2072,Syzygium cumini (L.) Skeels,"Jaman, Jam",MYRTACEAE,"Jaman, Jam; Jamun; Jambu",Ayurveda,,,"Flower (Bud),; Fruit (Fruit,; Seed), Fruit,; Bark (Stem)",Tree,AFHSTU,Jambu,https://archive.bsi.gov.in/echoHerbarium-Details/en?link=CAL0000009538&column=szBarcode,BSI+NMPB,HIGH,False,1725,861
PLANT-2073,Syzygium jambos (L.) Alston,Gulabjaman (Hindi & Mal.),MYRTACEAE,Gulabjaman (Hindi & Mal.),,,,,,,,https://archive.bsi.gov.in/echoHerbarium-Details/en?link=CAL0000009543&column=szBarcode,BSI,SOURCE_ONLY,False,1726,
PLANT-2074,Syzygium zeylanicum (L.) DC.,Bhedas (Mar.),MYRTACEAE,Bhedas (Mar.),,,,,,,,https://archive.bsi.gov.in/echoHerbarium-Details/en?link=CAL0000009539&column=szBarcode,BSI,SOURCE_ONLY,False,1727,
PLANT-2075,Tabernaemontana divaricata (L.) R.Br. ex Roem. & Schult.,"Chandni, Tagar",APOCYNACEAE,"Chandni, Tagar; Candni",Ayurveda,,,Root,Shrub,AF,,https://archive.bsi.gov.in/echoHerbarium-Details/en?link=CAL0000009272&column=szBarcode,BSI+NMPB,HIGH,False,1728,862
PLANT-2076,Tacca aspera Roxb.; [= T. integrifolia Ker Gawl.],Varahikand,TACCACEAE,Varahikand,Ayurveda,,,Root (Tuber),Herb,A,,,NMPB,SOURCE_ONLY,False,,863
PLANT-2077,Tacca integrifolia Ker-Gawl.,Vrahikanda,TACCACEAE,Vrahikanda,,,,,,,,https://archive.bsi.gov.in/echoHerbarium-Details/en?link=CAL0000003013&column=szBarcode,BSI,SOURCE_ONLY,False,1729,
PLANT-2078,Tagetes erecta L.,"Genda, Gultera",ASTERACEAE,"Genda, Gultera; African; Marygold,; Genda,; Sandu",Ayurveda,,,Flower,Herb,AFS,,https://archive.bsi.gov.in/echoHerbarium-Details/en?link=CAL0000009336&column=szBarcode,BSI+NMPB,HIGH,False,1730,864
PLANT-2079,Tagetes minuta L.,Stinking roger,ASTERACEAE,Stinking roger,,,,Flower,Herb,F,,,NMPB,SOURCE_ONLY,False,,865
PLANT-2080,Tamarindus indica L.,"Imli, Amli",CAESALPINIACEAE,"Imli, Amli; Imli; Cinca",Ayurveda,,,"Fruit, Leaf,; Bark (Stem),; Fruit (Seed)",Tree,AFSTU,Cinca,https://archive.bsi.gov.in/echoHerbarium-Details/en?link=CAL0000003788&column=szBarcode,BSI+NMPB,HIGH,False,1731,866
PLANT-2081,Tamarix indica Roxb.,Jhan,TAMARICACEAE,Jhan,Ayurveda,,,Bark (Stem),Shrub,AFU,,,NMPB,SOURCE_ONLY,False,,867
PLANT-2082,Tanacetum vulgare L.,Tansy,ASTERACEAE,Tansy,,,,Flower,Herb,HW,,,NMPB,SOURCE_ONLY,False,,868
PLANT-2083,Taraxacum officinale F.H.Wigg.,"Kanphul,; Dudhal",ASTERACEAE,"Kanphul,; Dudhal",Ayurveda,,,Root; (Rhizome),Herb,AFHW,,,NMPB,SOURCE_ONLY,False,,869
PLANT-2084,Taraxacum offininale Weber,"Dulal, Barau",ASTERACEAE,"Dulal, Barau",,,,,,,,https://archive.bsi.gov.in/echoHerbarium-Details/en?link=CAL0000009295&column=szBarcode,BSI,SOURCE_ONLY,False,1732,
PLANT-2085,Tarenna asiatica (L.) Kuntze ex K.Schum.,Kankra (Beng.),RUBIACEAE,Kankra (Beng.),,,,,,,,https://archive.bsi.gov.in/echoHerbarium-Details/en?link=CAL0000009393&column=szBarcode,BSI,SOURCE_ONLY,False,1733,
PLANT-2086,Taverniera cuneifolia (Roth) Arn.,East-Indian Moneywort (Eng.),FABACEAE,East-Indian Moneywort (Eng.),,,,,,,,https://archive.bsi.gov.in/echoHerbarium-Details/en?link=CAL0000003336&column=szBarcode,BSI,SOURCE_ONLY,False,1734,
PLANT-2087,Taxus wallichiana Zucc.,"Thuno, Birmi",TAXACEAE,"Thuno, Birmi; Talispatra; Sthauneya; Names",Ayurveda,,,Leaf,Tree,AFWTag **,Sthauneya; Names,https://archive.bsi.gov.in/echoHerbarium-Details/en?link=CAL0000009160&column=szBarcode,BSI+NMPB,HIGH,False,1735,870
PLANT-2088,Tecoma stans (L.) Juss. ex Kunth,Sonapatti (Tam.),BIGNONIACEAE,Sonapatti (Tam.),,,,,,,,https://archive.bsi.gov.in/echoHerbarium-Details/en?link=CAL0000009125&column=szBarcode,BSI,SOURCE_ONLY,False,1736,
PLANT-2089,Tecomella undulata (Sm.) Seem.,"Rugtrora, Roheda",BIGNONIACEAE,"Rugtrora, Roheda; Rohitaka",Ayurveda,,,Bark (Stem),Shrub,AT,,https://archive.bsi.gov.in/echoHerbarium-Details/en?link=CAL0000009128&column=szBarcode,BSI+NMPB,HIGH,False,1737,871
PLANT-2090,Tectona grandis L.f.,"Sagun, Sagwan",VERBENACEAE,"Sagun, Sagwan; Teak; Saka",Ayurveda,,,Root,Tree,AFSTU,Saka,https://archive.bsi.gov.in/echoHerbarium-Details/en?link=CAL0000013201&column=szBarcode,BSI+NMPB,HIGH,False,1738,872
PLANT-2091,Tephrosia candida (Roxb.) DC.,"Lashtia, Masethi",FABACEAE,"Lashtia, Masethi",,,,,,,,https://archive.bsi.gov.in/echoHerbarium-Details/en?link=CAL0000003353&column=szBarcode,BSI,SOURCE_ONLY,False,1739,
PLANT-2092,Tephrosia purpurea (L.) Pers.,"Jand, Chaunkra",FABACEAE,"Jand, Chaunkra; Sarad foka,; Sarpankha",Ayurveda,,,"Leaf, Root,; Fruit (Seed)",Herb,AFSU,,https://archive.bsi.gov.in/echoHerbarium-Details/en?link=CAL0000003352&column=szBarcode,BSI+NMPB,HIGH,False,1740,873
PLANT-2093,Tephrosia uniflora Pers.,Kanthalu (Sans.),FABACEAE,Kanthalu (Sans.),,,,,,,,https://archive.bsi.gov.in/echoHerbarium-Details/en?link=CAL0000003350&column=szBarcode,BSI,SOURCE_ONLY,False,1741,
PLANT-2094,Tephrosia villosa (L.) Pers.,Runchhalisarpankho (Guj.),FABACEAE,Runchhalisarpankho (Guj.),,,,,,,,https://archive.bsi.gov.in/echoHerbarium-Details/en?link=CAL0000003351&column=szBarcode,BSI,SOURCE_ONLY,False,1742,
PLANT-2095,Teramnus labialis (L.f.) Spreng,"Mashoni, Mashparui",FABACEAE,"Mashoni, Mashparui; Masparni; Masaparni",Ayurveda,,,Whole Plant,Climber,AFST,Masaparni,https://archive.bsi.gov.in/echoHerbarium-Details/en?link=CAL0000003320&column=szBarcode,BSI+NMPB,HIGH,False,1743,874
PLANT-2096,Terminalia alata B.Heyne ex Roth,"Asan, Sain",COMBRETACEAE,"Asan, Sain",,,,,,,,https://archive.bsi.gov.in/echoHerbarium-Details/en?link=CAL0000009563&column=szBarcode,BSI,SOURCE_ONLY,False,1744,
PLANT-2097,Terminalia arjuna (Roxb.) Wight & Arn.,Arjuna,COMBRETACEAE,Arjuna; Arjun,Ayurveda,,,"Fruit (Seed),; Bark (Stem)",Tree,AFHSTU,Arjuna,https://archive.bsi.gov.in/echoHerbarium-Details/en?link=CAL0000009561&column=szBarcode,BSI+NMPB,HIGH,False,1745,875
PLANT-2098,Terminalia bellirica (Gaertn.) Roxb.,Bahera,COMBRETACEAE,"Bahera; Behda,; Bibhitaki; Bibhitaka",Ayurveda,,,Fruit,Tree,AFSU,Bibhitaka,https://archive.bsi.gov.in/echoHerbarium-Details/en?link=CAL0000009566&column=szBarcode,BSI+NMPB,HIGH,False,1746,876
PLANT-2099,Terminalia bialata Steud.,Safed chuglam (Andamans),COMBRETACEAE,Safed chuglam (Andamans),,,,,,,,https://archive.bsi.gov.in/echoHerbarium-Details/en?link=CAL0000009636&column=szBarcode,BSI,SOURCE_ONLY,False,1747,
PLANT-2100,Terminalia catappa L.,Deshi Badam,COMBRETACEAE,Deshi Badam,,,,,,,,https://archive.bsi.gov.in/echoHerbarium-Details/en?link=CAL0000009565&column=szBarcode,BSI,SOURCE_ONLY,False,1748,
PLANT-2101,Terminalia chebula (Gaertn.) Retz.,Harre,COMBRETACEAE,"Harre; Harda, Himaj; Haritaki",Ayurveda,,,"Fruit, Galls",Tree,AFHSTU,Haritaki,https://archive.bsi.gov.in/echoHerbarium-Details/en?link=CAL0000009564&column=szBarcode,BSI+NMPB,HIGH,False,1749,877
PLANT-2102,Terminalia citrina Roxb.,Hritaki (Beng.),COMBRETACEAE,Hritaki (Beng.),,,,,,,,https://archive.bsi.gov.in/echoHerbarium-Details/en?link=CAL0000009558&column=szBarcode,BSI,SOURCE_ONLY,False,1750,
PLANT-2103,Terminalia coriacea Wight & Arn.,Tani (Tel.),COMBRETACEAE,Tani (Tel.),,,,,,,,https://archive.bsi.gov.in/echoHerbarium-Details/en?link=CAL0000009559&column=szBarcode,BSI,SOURCE_ONLY,False,1751,
PLANT-2104,Terminalia crenulata Roth,Asan,COMBRETACEAE,Asan,Ayurveda,,,Bark (Stem),Tree,AF,,,NMPB,SOURCE_ONLY,False,,878
PLANT-2105,Terminalia myriocarpa Van Heurck & Muell.Arg.,Pnisaj (Beng.),COMBRETACEAE,Pnisaj (Beng.),,,,,,,,https://archive.bsi.gov.in/echoHerbarium-Details/en?link=CAL0000009557&column=szBarcode,BSI,SOURCE_ONLY,False,1752,
PLANT-2106,Terminalia pallida Brandis,Tellakaraka (Tel.),COMBRETACEAE,Tellakaraka (Tel.),,,,,,,,https://archive.bsi.gov.in/echoHerbarium-Details/en?link=CAL0000009554&column=szBarcode,BSI,SOURCE_ONLY,False,1753,
PLANT-2107,Terminalia paniculata Roth,Kinjal (Mar.),COMBRETACEAE,Kinjal (Mar.); Vanmaruthu,Ayurveda,,,Bark (Stem),Tree,AFS,,https://archive.bsi.gov.in/echoHerbarium-Details/en?link=CAL0000009562&column=szBarcode,BSI+NMPB,HIGH,False,1754,879
PLANT-2108,Terminalia tomentosa (Roxb. ex DC.); [= T. alata Heyne ex Roth],Asan,COMBRETACEAE,Asan,Ayurveda,,,Bark (Stem),Tree,AST,,,NMPB,SOURCE_ONLY,False,,880
PLANT-2109,Ternstroemia gymnanthera (Wight & Arn.) Bedd.,Kamoni (Kan.),THEACEAE,Kamoni (Kan.),,,,,,,,https://archive.bsi.gov.in/echoHerbarium-Details/en?link=CAL0000013182&column=szBarcode,BSI,SOURCE_ONLY,False,1755,
PLANT-2110,Tetracera laevis Vahl,Anaittichal (Tam.),DILLENIACEAE,Anaittichal (Tam.),,,,,,,,https://archive.bsi.gov.in/echoHerbarium-Details/en?link=CAL0000013913&column=szBarcode,BSI,SOURCE_ONLY,False,1756,
PLANT-2111,Tetradium fraxinifolium (Hook.) Hartley,Kanukpa (Nepal & Bengal),RUTACEAE,Kanukpa (Nepal & Bengal),,,,,,,,https://archive.bsi.gov.in/echoHerbarium-Details/en?link=CAL0000009970&column=szBarcode,BSI,SOURCE_ONLY,False,1757,
PLANT-2112,Tetradium ruticarpum (A.Juss.) Hartley,Bora-asing (Assam),RUTACEAE,Bora-asing (Assam),,,,,,,,https://archive.bsi.gov.in/echoHerbarium-Details/en?link=CAL0000009969&column=szBarcode,BSI,SOURCE_ONLY,False,1758,
PLANT-2113,Teucrium chamaedrys L.,Wall-Germander,VITACEAE,Wall-Germander,,,,,,,,https://archive.bsi.gov.in/echoHerbarium-Details/en?link=CAL0000008733&column=szBarcode,BSI,SOURCE_ONLY,False,1759,
PLANT-2114,Teucrium polium L.,Felty germander (Eng.),VITACEAE,Felty germander (Eng.),,,,,,,,https://archive.bsi.gov.in/echoHerbarium-Details/en?link=CAL0000008734&column=szBarcode,BSI,SOURCE_ONLY,False,1760,
PLANT-2115,Teucrium scordium L.,Water-Germander (Eng.),LAMIACEAE,Water-Germander (Eng.),,,,,,,,https://archive.bsi.gov.in/echoHerbarium-Details/en?link=CAL0000008729&column=szBarcode,BSI,SOURCE_ONLY,False,1761,
PLANT-2116,Thalictrum foliolosum DC.,"Pilazari, Mamiri",RANUNCULACEAE,"Pilazari, Mamiri; Mamira",Ayurveda,,,Root,Herb,AFS,,https://archive.bsi.gov.in/echoHerbarium-Details/en?link=CAL0000013931&column=szBarcode,BSI+NMPB,HIGH,False,1762,881
PLANT-2117,Thalictrum minus L.,Dwarf meadow Rue (Eng.),RANUNCULACEAE,Dwarf meadow Rue (Eng.),,,,,,,,https://archive.bsi.gov.in/echoHerbarium-Details/en?link=CAL0000013929&column=szBarcode,BSI,SOURCE_ONLY,False,1763,
PLANT-2118,Theobroma cacao L.,Chocolate Tree (Eng.),STERCULIACEAE,Chocolate Tree (Eng.),,,,,,,,https://archive.bsi.gov.in/echoHerbarium-Details/en?link=CAL0000013932&column=szBarcode,BSI,SOURCE_ONLY,False,1764,
PLANT-2119,Thespesia populnea (L.) Soland. ex Correa,"Parsipu, Porush",MALVACEAE,"Parsipu, Porush; Phalisa-Chhal; Kapitan",Ayurveda,,,Bark (Stem),Tree,AFSU,Kapitan,https://archive.bsi.gov.in/echoHerbarium-Details/en?link=CAL0000008744&column=szBarcode,BSI+NMPB,HIGH,False,1765,882
PLANT-2120,Thevetia peruviana (Pers.) Schum.,"Pile kaner, Zard kunel",APOCYNACEAE,"Pile kaner, Zard kunel",,,,,,,,https://archive.bsi.gov.in/echoHerbarium-Details/en?link=CAL0000009448&column=szBarcode,BSI,SOURCE_ONLY,False,1766,
PLANT-2121,Thlaspi arvense L.,Common Penycress (Eng.),BRASSICACEAE,Common Penycress (Eng.),,,,,,,,https://archive.bsi.gov.in/echoHerbarium-Details/en?link=CAL0000013859&column=szBarcode,BSI,SOURCE_ONLY,False,1767,
PLANT-2122,Thuja orientalis L.,"Morepankhi, Mayurpankh",CUPRESSACEAE,"Morepankhi, Mayurpankh",,,,,,,,https://archive.bsi.gov.in/echoHerbarium-Details/en?link=CAL0000009162&column=szBarcode,BSI,SOURCE_ONLY,False,1768,
PLANT-2123,Thunbergia alata Bojer ex Sims,Black-Eyed Susan (Eng.),ACANTHACEAE,Black-Eyed Susan (Eng.),,,,,,,,https://archive.bsi.gov.in/echoHerbarium-Details/en?link=CAL0000013301&column=szBarcode,BSI,SOURCE_ONLY,False,1769,
PLANT-2124,Thunbergia grandiflora (Roxb. ex Rottl.) Roxb.,Mulluta,ACANTHACEAE,Mulluta,,,,,,,,https://archive.bsi.gov.in/echoHerbarium-Details/en?link=CAL0000013500&column=szBarcode,BSI,SOURCE_ONLY,False,1770,
PLANT-2125,Thunbergia laurifolia Lindl.,Purple allamanda (Eng.),ACANTHACEAE,Purple allamanda (Eng.),,,,,,,,https://archive.bsi.gov.in/echoHerbarium-Details/en?link=CAL0000013303&column=szBarcode,BSI,SOURCE_ONLY,False,1771,
PLANT-2126,Thymus serpyllum L.,Banajwain,LAMIACEAE,"Banajwain; Ban; Ajwain,; Satar Farsi",Ayurveda,,,Whole Plant,Herb,AHU,,https://archive.bsi.gov.in/echoHerbarium-Details/en?link=CAL0000008710&column=szBarcode,BSI+NMPB,HIGH,False,1772,883
PLANT-2127,Thymus vulgaris L.,Common Thyme (Eng.),LAMIACEAE,Common Thyme (Eng.),,,,,,,,https://archive.bsi.gov.in/echoHerbarium-Details/en?link=CAL0000008712&column=szBarcode,BSI,SOURCE_ONLY,False,1773,
PLANT-2128,Tiliacora acuminata (Lam.) Hook.f. & Thomson,"Bega, Bhaga",MENISPERMACEAE,"Bega, Bhaga; Kappatiga,; Bagamushada",,,,Leaf,Climber,FS,,https://archive.bsi.gov.in/echoHerbarium-Details/en?link=CAL0000013898&column=szBarcode,BSI+NMPB,HIGH,False,1774,884
PLANT-2129,Tinospora cordifolia (Willd.) Hook.f. & Thomson,"Amrita, Giloe",MENISPERMACEAE,"Amrita, Giloe; Giloy, Galo,; Amrithaballi; Guduci",Ayurveda,,,Stem,Climber,AFHSTU,Guduci,https://archive.bsi.gov.in/echoHerbarium-Details/en?link=CAL0000013900&column=szBarcode,BSI+NMPB,HIGH,False,1775,885
PLANT-2130,Tinospora crispa (L.),"Giloy, Galo,; Amrithaballi",MENISPERMACEAE,"Giloy, Galo,; Amrithaballi",,,,Stem,Climber,F,,,NMPB,SOURCE_ONLY,False,,886
PLANT-2131,Tinospora sinensis (Lour.) Merr.,"Giloe, Gulancha",MENISPERMACEAE,"Giloe, Gulancha; Amrata; Names",Ayurveda,,,Stem,Climber,AFSTag **,Names,https://archive.bsi.gov.in/echoHerbarium-Details/en?link=CAL0000013899&column=szBarcode,BSI+NMPB,HIGH,False,1776,887
PLANT-2132,Toddalia asiatica (L.) Lam.,"Jangli-kalimirch, Kanj",RUTACEAE,"Jangli-kalimirch, Kanj; Janglikalimirch Shrub",Ayurveda,,,Root,,AFS,,https://archive.bsi.gov.in/echoHerbarium-Details/en?link=CAL0000009837&column=szBarcode,BSI+NMPB,HIGH,False,1777,888
PLANT-2133,Toona ciliata Roem.,"Tun, Mahanim",MELIACEAE,"Tun, Mahanim; Thooniya-; noikam; Tuni",,,,Bark (Stem),Tree,F,Tuni,https://archive.bsi.gov.in/echoHerbarium-Details/en?link=CAL0000013146&column=szBarcode,BSI+NMPB,HIGH,False,1778,889
PLANT-2134,Torenia asiatica L.,Kakapu (Mal.),SCROPHULARIACEAE,Kakapu (Mal.),,,,,,,,https://archive.bsi.gov.in/echoHerbarium-Details/en?link=CAL0000013255&column=szBarcode,BSI,SOURCE_ONLY,False,1779,
PLANT-2135,Trachelospermum lucidum (D.Don) K.Schum.,Akhahilata (Assam),APOCYNACEAE,Akhahilata (Assam),,,,,,,,https://archive.bsi.gov.in/echoHerbarium-Details/en?link=CAL0000009457&column=szBarcode,BSI,SOURCE_ONLY,False,1780,
PLANT-2136,Trachylobium hornemannianum Hayne,Zangiber copal (Eng.),CAESALPINIACEAE,Zangiber copal (Eng.),,,,,,,,https://archive.bsi.gov.in/echoHerbarium-Details/en?link=CAL0000003406&column=szBarcode,BSI,SOURCE_ONLY,False,1781,
PLANT-2137,Trachyspermum ammi (L.) Sprague,"Ajowan, Ajwain",APIACEAE,"Ajowan, Ajwain; Ajmo,; Ajwayan; Yavani",Ayurveda,,,Fruit,Herb,AFSTU,Yavani,https://archive.bsi.gov.in/echoHerbarium-Details/en?link=CAL0000013531&column=szBarcode,BSI+NMPB,HIGH,False,1782,890
PLANT-2138,Trachyspermum roxburghianum (DC.) Wolff,"Ajmud, Ajmod",APIACEAE,"Ajmud, Ajmod; Sath Ajwain",Ayurveda,,,Fruit,Herb,AFSU,,https://archive.bsi.gov.in/echoHerbarium-Details/en?link=CAL0000013754&column=szBarcode,BSI+NMPB,HIGH,False,1783,891
PLANT-2139,Tragia involucrata L.,Barhanta,EUPHORBIACEAE,Barhanta; Vrscikalli,Ayurveda,,,Root,Climber,AFS,Vrscikalli,https://archive.bsi.gov.in/echoHerbarium-Details/en?link=CAL0000008778&column=szBarcode,BSI+NMPB,HIGH,False,1784,892
PLANT-2140,Tragopogon pratensis L.,Bucks-beard (Eng.),ASTERACEAE,Bucks-beard (Eng.),,,,,,,,https://archive.bsi.gov.in/echoHerbarium-Details/en?link=CAL0000009304&column=szBarcode,BSI,SOURCE_ONLY,False,1785,
PLANT-2141,Tragopogon sinuatus Avé-Lall.,Oyester-Plant (Eng.),ASTERACEAE,Oyester-Plant (Eng.),,,,,,,,https://archive.bsi.gov.in/echoHerbarium-Details/en?link=CAL0000009296&column=szBarcode,BSI,SOURCE_ONLY,False,1786,
PLANT-2142,Trapa natans L.,Singhara,TRAPACEAE,Singhara; Singhada; Srngataka,Ayurveda,,,Fruit,Herb,A,Srngataka,https://archive.bsi.gov.in/echoHerbarium-Details/en?link=CAL0000009512&column=szBarcode,BSI+NMPB,HIGH,False,1787,893
PLANT-2143,Trema orientalis (L.) Blume,Gio,ULMACEAE,Gio,,,,,,,,https://archive.bsi.gov.in/echoHerbarium-Details/en?link=CAL0000013383&column=szBarcode,BSI,SOURCE_ONLY,False,1788,
PLANT-2144,Trewia nudiflora L.,"Bhillaura, Gamhar",EUPHORBIACEAE,"Bhillaura, Gamhar",,,,,,,,https://archive.bsi.gov.in/echoHerbarium-Details/en?link=CAL0000008804&column=szBarcode,BSI,SOURCE_ONLY,False,1789,
PLANT-2145,Trianthema decandra L.; [= Zaleya decandra (L.) Burm.f.],Saaranai ver,AIZOACEAE,Saaranai ver,Ayurveda,,,Root,Herb,AS,,,NMPB,SOURCE_ONLY,False,,894
PLANT-2146,Trianthema portulacastrum L.,Lalsabuni,AIZOACEAE,Lalsabuni; Varsabhu,Ayurveda,,,Root,Herb,AFS,Varsabhu,,NMPB,SOURCE_ONLY,False,,895
PLANT-2147,Tribulus alatus Del.,Gokhru kalan,ZYGOPHYLLACEAE,Gokhru kalan,,,,"Fruit, Stem",Herb,FU,,,NMPB,SOURCE_ONLY,False,,896
PLANT-2148,Tribulus lanuginosus L.,Gokhru,ZYGOPHYLLACEAE,Gokhru,Ayurveda,,,Fruit,Herb,AU,,,NMPB,SOURCE_ONLY,False,,897
PLANT-2149,Tribulus rajasthanensis M.M.Bhandari,Gokhru (Subs.) Herb,ZYGOPHYLLACEAE,Gokhru (Subs.) Herb,Ayurveda,,,Fruit,,AU,,,NMPB,SOURCE_ONLY,False,,898
PLANT-2150,"Tribulus subramanyamii P.Singh,",Gokhru (Subs.) Herb,ZYGOPHYLLACEAE,Gokhru (Subs.) Herb,Ayurveda,,,Fruit,,AU,,,NMPB,SOURCE_ONLY,False,,899
PLANT-2151,Tribulus terrestris L.,Gokhru,ZYGOPHYLLACEAE,"Gokhru; Gokhru,; Gokshu; ra; Goksura",Ayurveda,,,Fruit,Herb,AFHSTU,Goksura,https://archive.bsi.gov.in/echoHerbarium-Details/en?link=CAL0000013816&column=szBarcode,BSI+NMPB,HIGH,False,1790,900
PLANT-2152,Trichilia connaroides (Wight. & Arn.) Bentv.,Kapia kushi (Beng.),MELIACEAE,Kapia kushi (Beng.),,,,,,,,https://archive.bsi.gov.in/echoHerbarium-Details/en?link=CAL0000009892&column=szBarcode,BSI,SOURCE_ONLY,False,1791,
PLANT-2153,Trichodesma africanum (L.) R.Br.,African Barbbell (Eng.),BORAGINACEAE,African Barbbell (Eng.),,,,,,,,https://archive.bsi.gov.in/echoHerbarium-Details/en?link=CAL0000009146&column=szBarcode,BSI,SOURCE_ONLY,False,1792,
PLANT-2154,Trichodesma indicum (L.) Lehm.,"Chhota-kulpha, Ratmandi",BORAGINACEAE,"Chhota-kulpha, Ratmandi",,,,,,,,https://archive.bsi.gov.in/echoHerbarium-Details/en?link=CAL0000009144&column=szBarcode,BSI,SOURCE_ONLY,False,1793,
PLANT-2155,Trichodesma zeylanicum (Burm.f.) R.Br.,Hetenuria,BORAGINACEAE,Hetenuria; Dhadhona,Ayurveda,,,Whole Plant,Herb,AFS,,https://archive.bsi.gov.in/echoHerbarium-Details/en?link=CAL0000009143&column=szBarcode,BSI+NMPB,HIGH,False,1794,901
PLANT-2156,Tricholepis glaberrima DC.,Brahmadandi,ASTERACEAE,Brahmadandi,,,,,,,,https://archive.bsi.gov.in/echoHerbarium-Details/en?link=CAL0000009328&column=szBarcode,BSI,SOURCE_ONLY,False,1795,
PLANT-2157,Trichopus zeylanicus Gaertn.,Arogyapacha,DIOSCOREACEAE,Arogyapacha,,,,Root,Herb,F,,,NMPB,SOURCE_ONLY,False,,902
PLANT-2158,Trichosanthes anguina L.,Snakegourd,CUCURBITACEAE,Snakegourd,Ayurveda,,,Stem,Climber,AST,,,NMPB,SOURCE_ONLY,False,,903
PLANT-2159,Trichosanthes bracteata (Lam.) Voigt,"Lal indrayan, Mahakal",CUCURBITACEAE,"Lal indrayan, Mahakal",,,,,,,,https://archive.bsi.gov.in/echoHerbarium-Details/en?link=CAL0000009417&column=szBarcode,BSI,SOURCE_ONLY,False,1796,
PLANT-2160,Trichosanthes cordata Roxb.,"Bhumikumra, Patol (Beng.)",CUCURBITACEAE,"Bhumikumra, Patol (Beng.); Vidari",Ayurveda,,,Stem Root; (Tuber),Climber,A,,https://archive.bsi.gov.in/echoHerbarium-Details/en?link=CAL0000009418&column=szBarcode,BSI+NMPB,HIGH,False,1797,904
PLANT-2161,Trichosanthes cucumerina L.,Jangli-chachinda,CUCURBITACEAE,Jangli-chachinda; Patol; panchang,Ayurveda,,,Whole Plant,Climber,AFS,,https://archive.bsi.gov.in/echoHerbarium-Details/en?link=CAL0000009420&column=szBarcode,BSI+NMPB,HIGH,False,1798,905
PLANT-2162,Trichosanthes dioica Roxb.,Parwal,CUCURBITACEAE,Parwal; Patol; (Kadu Parval),Ayurveda,,,"Root, Leaf",Climber,AFHST,,https://archive.bsi.gov.in/echoHerbarium-Details/en?link=CAL0000009419&column=szBarcode,BSI+NMPB,HIGH,False,1799,906
PLANT-2163,Trichosanthes lobata Roxb.,"Patola,; Tiktapatola",CUCURBITACEAE,"Patola,; Tiktapatola; Names",Ayurveda,,,Leaf,Climber,ATag **,Names,,NMPB,SOURCE_ONLY,False,,907
PLANT-2164,Trichosanthes nervifolia L.,Palval,CUCURBITACEAE,Palval,,,,,,,,https://archive.bsi.gov.in/echoHerbarium-Details/en?link=CAL0000009422&column=szBarcode,BSI,SOURCE_ONLY,False,1800,
PLANT-2165,Trichosanthes tricuspidata Lour.; [= T. bracteata (Lam.) Voigt ],"Indrayan,; Mahakal",CUCURBITACEAE,"Indrayan,; Mahakal; Visala",Ayurveda,,,Root,Climber,AFS,Visala,,NMPB,SOURCE_ONLY,False,,908
PLANT-2166,Trichosanthes wallichiana (Ser.) Wight,Muzuumtong (Local name),CUCURBITACEAE,Muzuumtong (Local name),,,,,,,,https://archive.bsi.gov.in/echoHerbarium-Details/en?link=CAL0000009421&column=szBarcode,BSI,SOURCE_ONLY,False,1801,
PLANT-2167,Tridax procumbens L.,Jayanti,ASTERACEAE,Jayanti,Ayurveda,,,Whole Plant,Herb,AFS,,,NMPB,SOURCE_ONLY,False,,909
PLANT-2168,Trifolium alexandrinum L.,Egyptian clover (Eng.),FABACEAE,Egyptian clover (Eng.),,,,,,,,https://archive.bsi.gov.in/echoHerbarium-Details/en?link=CAL0000003364&column=szBarcode,BSI,SOURCE_ONLY,False,1802,
PLANT-2169,Trifolium pratense L.,"Trepatra, Chit-batto (Punjab)",FABACEAE,"Trepatra, Chit-batto (Punjab)",,,,,,,,https://archive.bsi.gov.in/echoHerbarium-Details/en?link=CAL0000003363&column=szBarcode,BSI,SOURCE_ONLY,False,1803,
PLANT-2170,Trifolium repens L.,White clover (Eng.),FABACEAE,White clover (Eng.),,,,,,,,https://archive.bsi.gov.in/echoHerbarium-Details/en?link=CAL0000003366&column=szBarcode,BSI,SOURCE_ONLY,False,1804,
PLANT-2171,Trigonella corniculata (L.) L.,"Kasuri Methi, Marwari Methi",FABACEAE,"Kasuri Methi, Marwari Methi; Kasuri Methi",Ayurveda,,,Whole Plant,Herb,AUS,,https://archive.bsi.gov.in/echoHerbarium-Details/en?link=CAL0000003356&column=szBarcode,BSI+NMPB,HIGH,False,1805,910
PLANT-2172,Trigonella foenum-graecum L.,"Methi, Muthi",FABACEAE,"Methi, Muthi; Methi",Ayurveda,,,Fruit (Seed),Herb,AFSUW,Methi,https://archive.bsi.gov.in/echoHerbarium-Details/en?link=CAL0000003359&column=szBarcode,BSI+NMPB,HIGH,False,1806,911
PLANT-2173,Trigonella incisa Benth.,Chainhari (Delhi),FABACEAE,Chainhari (Delhi),,,,,,,,https://archive.bsi.gov.in/echoHerbarium-Details/en?link=CAL0000003357&column=szBarcode,BSI,SOURCE_ONLY,False,1807,
PLANT-2174,Trigonella uncata Boiss. & Noe,Ban Methi,FABACEAE,Ban Methi,,,,,,,,https://archive.bsi.gov.in/echoHerbarium-Details/en?link=CAL0000003355&column=szBarcode,BSI,SOURCE_ONLY,False,1808,
PLANT-2175,Triphasia trifolia (Burm.f.) P.Wilson,Cheeninaranghi,RUTACEAE,Cheeninaranghi,,,,,,,,https://archive.bsi.gov.in/echoHerbarium-Details/en?link=CAL0000009835&column=szBarcode,BSI,SOURCE_ONLY,False,1809,
PLANT-2176,Triumfetta semitriloba L.,Burweed (Eng.),TILIACEAE,Burweed (Eng.),,,,,,,,https://archive.bsi.gov.in/echoHerbarium-Details/en?link=CAL0000013825&column=szBarcode,BSI,SOURCE_ONLY,False,1810,
PLANT-2177,Tulipa stellata Hook.,Meethi; Suranjan,LILIACEAE,Meethi; Suranjan,,,,Whole Plant,Herb,F,,,NMPB,SOURCE_ONLY,False,,912
PLANT-2178,Turraea villosa Benn.,Pandre (Mar.),MELIACEAE,Pandre (Mar.),,,,,,,,https://archive.bsi.gov.in/echoHerbarium-Details/en?link=CAL0000009868&column=szBarcode,BSI,SOURCE_ONLY,False,1811,
PLANT-2179,Tussilago farfara L.,Watpan,ASTERACEAE,Watpan,,,,,,,,https://archive.bsi.gov.in/echoHerbarium-Details/en?link=CAL0000009335&column=szBarcode,BSI,SOURCE_ONLY,False,1812,
PLANT-2180,Tylophora fasciculata Ham. ex Wight,"Bhindodi, Bhui-dari (Bombay)",ASCLEPIADACEAE,"Bhindodi, Bhui-dari (Bombay)",,,,,,,,https://archive.bsi.gov.in/echoHerbarium-Details/en?link=CAL0000009480&column=szBarcode,BSI,SOURCE_ONLY,False,1813,
PLANT-2181,Tylophora indica (Burm.f.) Merr.,"Jangli-pikvam, Antamul",ASCLEPIADACEAE,"Jangli-pikvam, Antamul; Antamul,; Country; Ipecacuahna",Ayurveda,,,Root,Climber,AFHS,,https://archive.bsi.gov.in/echoHerbarium-Details/en?link=CAL0000009476&column=szBarcode,BSI+NMPB,HIGH,False,1814,913
PLANT-2182,Tylophora tenuis Blume,Nanjaruppan (Tam. & Mal.),ASCLEPIADACEAE,Nanjaruppan (Tam. & Mal.),,,,,,,,https://archive.bsi.gov.in/echoHerbarium-Details/en?link=CAL0000009478&column=szBarcode,BSI,SOURCE_ONLY,False,1815,
PLANT-2183,"Typha elephantina Grah., non Roxb.; [= T. australis K.Schum. & Thonn.]",Anaikkorai,TYPHACEAE,Anaikkorai; Potagala,Ayurveda,,,Root,Herb,AFS,Potagala,,NMPB,SOURCE_ONLY,False,,914
PLANT-2184,Typhonium trilobatum (L.) Schott,Karunai; kizhangu,ARACEAE,Karunai; kizhangu,,,,Root,Herb,FS,,,NMPB,SOURCE_ONLY,False,,915
PLANT-2185,Uncaria gambier Thwaites,Kath,RUBIACEAE,Kath,Ayurveda,,,Bark (Stem),Climber,AS,,,NMPB,SOURCE_ONLY,False,,916
PLANT-2186,Uncaria gambir (Hunt) Roxb.,Kath-kutha,RUBIACEAE,Kath-kutha,,,,,,,,https://archive.bsi.gov.in/echoHerbarium-Details/en?link=CAL0000009372&column=szBarcode,BSI,SOURCE_ONLY,False,1816,
PLANT-2187,Uraria crinita Desv.,Dieng-kha-riu (Khasi Hills),FABACEAE,Dieng-kha-riu (Khasi Hills),,,,,,,,https://archive.bsi.gov.in/echoHerbarium-Details/en?link=CAL0000003329&column=szBarcode,BSI,SOURCE_ONLY,False,1817,
PLANT-2188,Uraria lagopodioides (L.) Desv.,Pithran,FABACEAE,Pithran; Kalasi,Ayurveda,,,Leaf,Herb,AFSU,,https://archive.bsi.gov.in/echoHerbarium-Details/en?link=CAL0000003328&column=szBarcode,BSI+NMPB,HIGH,False,1818,917
PLANT-2189,Uraria picta (Jacq.) Desv. ex DC.,"Dabra, Pithavan",FABACEAE,"Dabra, Pithavan; Prshniparni; Prsniparni",Ayurveda,,,Root,Herb,AFST,Prsniparni,https://archive.bsi.gov.in/echoHerbarium-Details/en?link=CAL0000003330&column=szBarcode,BSI+NMPB,HIGH,False,1819,918
PLANT-2190,Uraria rufescens (DC.) Schindl.,Salaparni (Sans.),FABACEAE,Salaparni (Sans.); Kalasi (Subs.),Ayurveda,,,Root,Herb,AF,,https://archive.bsi.gov.in/echoHerbarium-Details/en?link=CAL0000003327&column=szBarcode,BSI+NMPB,HIGH,False,1820,919
PLANT-2191,Urena lobata L.,"Bachita, Unga",MALVACEAE,"Bachita, Unga",,,,,,,,https://archive.bsi.gov.in/echoHerbarium-Details/en?link=CAL0000013838&column=szBarcode,BSI,SOURCE_ONLY,False,1821,
PLANT-2192,Urena repanda Roxb. ex Sm.,Jatjotiya (Oriya),MALVACEAE,Jatjotiya (Oriya),,,,,,,,https://archive.bsi.gov.in/echoHerbarium-Details/en?link=CAL0000013836&column=szBarcode,BSI,SOURCE_ONLY,False,1822,
PLANT-2193,Urena sinuata L.,"Kunjuya, Lotloti",MALVACEAE,"Kunjuya, Lotloti",,,,,,,,https://archive.bsi.gov.in/echoHerbarium-Details/en?link=CAL0000013837&column=szBarcode,BSI,SOURCE_ONLY,False,1823,
PLANT-2194,Urgenia indica (Roxb.) Kunth,"Jangli piyaz, Ban piyazi",LILIACEAE,"Jangli piyaz, Ban piyazi",,,,,,,,https://archive.bsi.gov.in/echoHerbarium-Details/en?link=CAL0000002956&column=szBarcode,BSI,SOURCE_ONLY,False,1824,
PLANT-2195,Urginea indica (Roxb) Kunth. [=,"Janglipyaz,; White; squills",LILIACEAE,"Janglipyaz,; White; squills",Ayurveda,,,Root,Herb,ASU,,,NMPB,SOURCE_ONLY,False,,920
PLANT-2196,Urtica dioica L.,Bichhu booti,URTICACEAE,Bichhu booti; Nettle,Ayurveda,,,Leaf,Herb,AHW,,https://archive.bsi.gov.in/echoHerbarium-Details/en?link=CAL0000013393&column=szBarcode,BSI+NMPB,HIGH,False,1825,921
PLANT-2197,Urtica parviflora Roxb.,Paharah-bichuti,URTICACEAE,Paharah-bichuti,,,,,,,,https://archive.bsi.gov.in/echoHerbarium-Details/en?link=CAL0000013395&column=szBarcode,BSI,SOURCE_ONLY,False,1826,
PLANT-2198,Utricularia bifida L.,Chotajhangi (Beng.),LENTIBULARIACEAE,Chotajhangi (Beng.),,,,,,,,https://archive.bsi.gov.in/echoHerbarium-Details/en?link=CAL0000009089&column=szBarcode,BSI,SOURCE_ONLY,False,1827,
PLANT-2199,Uvaria narum (Dunal) Blume,Pulichan (Tam.),ANNONACEAE,Pulichan (Tam.),,,,,,,,https://archive.bsi.gov.in/echoHerbarium-Details/en?link=CAL0000013907&column=szBarcode,BSI,SOURCE_ONLY,False,1828,
PLANT-2200,Vaccaria pyramidata Medik.,"Musna, Sabuni",CARYOPHYLLACEAE,"Musna, Sabuni",,,,,,,,https://archive.bsi.gov.in/echoHerbarium-Details/en?link=CAL0000013968&column=szBarcode,BSI,SOURCE_ONLY,False,1829,
PLANT-2201,Valeriana dubia Bunge,Common Valerian (Eng.),VALERIANACEAE,Common Valerian (Eng.),,,,,,,,https://archive.bsi.gov.in/echoHerbarium-Details/en?link=CAL0000009495&column=szBarcode,BSI,SOURCE_ONLY,False,1830,
PLANT-2202,Valeriana hardwickii Wall.,"Tagger, Shumeo",VALERIANACEAE,"Tagger, Shumeo; Tagar-ganth,; Nihani",Ayurveda,,,"Root,; Fruit (Seed)",Herb,AU,,https://archive.bsi.gov.in/echoHerbarium-Details/en?link=CAL0000009497&column=szBarcode,BSI+NMPB,HIGH,False,1831,922
PLANT-2203,Valeriana jatamansi Jones,Mushkbala,VALERIANACEAE,"Mushkbala; Musakbal; a, Tagar; Tagara",Ayurveda,,,"Root,; Whole Plant",Herb,AF,Tagara,https://archive.bsi.gov.in/echoHerbarium-Details/en?link=CAL0000009498&column=szBarcode,BSI+NMPB,HIGH,False,1832,923
PLANT-2204,Valeriana pyrolaefolia Decne.,Mushkaba; la (Subs.),VALERIANACEAE,Mushkaba; la (Subs.); Names,Ayurveda,,,Root,Herb,ATag **,Names,,NMPB,SOURCE_ONLY,False,,924
PLANT-2205,Vallaris solanacea (Roth) Kuntze,"Ramsar, Chamari-ki-vel",APOCYNACEAE,"Ramsar, Chamari-ki-vel",,,,,,,,https://archive.bsi.gov.in/echoHerbarium-Details/en?link=CAL0000009455&column=szBarcode,BSI,SOURCE_ONLY,False,1833,
PLANT-2206,Vanda spathulata (L.) Spreng.,Ponnamponmarva (Mal.),ORCHIDACEAE,Ponnamponmarva (Mal.),,,,,,,,https://archive.bsi.gov.in/echoHerbarium-Details/en?link=CAL0000002971&column=szBarcode,BSI,SOURCE_ONLY,False,1834,
PLANT-2207,Vanda tessellata (Roxb.) Hook. ex G.Don,"Banda, Nai",ORCHIDACEAE,"Banda, Nai; Rasna",Ayurveda,,,Root,Herb,AFSU,,https://archive.bsi.gov.in/echoHerbarium-Details/en?link=CAL0000002972&column=szBarcode,BSI+NMPB,HIGH,False,1835,925
PLANT-2208,Vateria indica L.,"Safed domar, Kahruba",DIPTEROCARPACEAE,"Safed domar, Kahruba; Mandadhup; a, Dupa; Saraja",Ayurveda,,,Root,Tree,AFSU,Saraja,https://archive.bsi.gov.in/echoHerbarium-Details/en?link=CAL0000013847&column=szBarcode,BSI+NMPB,HIGH,False,1836,926
PLANT-2209,Ventilago denticulata Willd.,"Pitti, Raidhani",RHAMNACEAE,"Pitti, Raidhani",,,,,,,,https://archive.bsi.gov.in/echoHerbarium-Details/en?link=CAL0000003472&column=szBarcode,BSI,SOURCE_ONLY,False,1837,
PLANT-2210,Ventilago madraspatana Gaertn.,Pitti,RHAMNACEAE,Pitti,Ayurveda,,,"Root, Stem",Climber,AFS,,https://archive.bsi.gov.in/echoHerbarium-Details/en?link=CAL0000003473&column=szBarcode,BSI+NMPB,HIGH,False,1838,927
PLANT-2211,Verbascum chinense (L.) Santapau,Gadartambaku,SCROPHULARIACEAE,Gadartambaku,,,,,,,,https://archive.bsi.gov.in/echoHerbarium-Details/en?link=CAL0000013274&column=szBarcode,BSI,SOURCE_ONLY,False,1839,
PLANT-2212,Verbascum thapsus L.,"Gidar tamaku, Ban tamaku",SCROPHULARIACEAE,"Gidar tamaku, Ban tamaku",,,,,,,,https://archive.bsi.gov.in/echoHerbarium-Details/en?link=CAL0000013277&column=szBarcode,BSI,SOURCE_ONLY,False,1840,
PLANT-2213,Vernonia arborea Buch.-Ham.,Shutthi (Tam.),ASTERACEAE,Shutthi (Tam.),,,,,,,,https://archive.bsi.gov.in/echoHerbarium-Details/en?link=CAL0000009312&column=szBarcode,BSI,SOURCE_ONLY,False,1841,
PLANT-2214,Vernonia cinerea (L.) Less.; [= V. conyzoides DC.],Dandotpala,ASTERACEAE,Dandotpala; Sahadevi,Ayurveda,,,"Leaf, Root,; Fruit (Seed)",Herb,AFSTU,Sahadevi,,NMPB,SOURCE_ONLY,False,,928
PLANT-2215,Vernonia cineria (L.) Less.,Sahadevi,ASTERACEAE,Sahadevi,,,,,,,,https://archive.bsi.gov.in/echoHerbarium-Details/en?link=CAL0000009313&column=szBarcode,BSI,SOURCE_ONLY,False,1842,
PLANT-2216,Vernonia squarrosa (D.Don) Less.,Grey Vernonia (Eng.),ASTERACEAE,Grey Vernonia (Eng.),,,,,,,,https://archive.bsi.gov.in/echoHerbarium-Details/en?link=CAL0000009315&column=szBarcode,BSI,SOURCE_ONLY,False,1843,
PLANT-2217,Veronica anagallis-aquatica L.,Titlokia (U.P.),SCROPHULARIACEAE,Titlokia (U.P.),,,,,,,,https://archive.bsi.gov.in/echoHerbarium-Details/en?link=CAL0000008746&column=szBarcode,BSI,SOURCE_ONLY,False,1844,
PLANT-2218,Veronica arvensis L.,Corn speedwell (Eng.),SCROPHULARIACEAE,Corn speedwell (Eng.),,,,,,,,https://archive.bsi.gov.in/echoHerbarium-Details/en?link=CAL0000008749&column=szBarcode,BSI,SOURCE_ONLY,False,1845,
PLANT-2219,Veronica beccabunga L.,Brooklime (Eng.),SCROPHULARIACEAE,Brooklime (Eng.),,,,,,,,https://archive.bsi.gov.in/echoHerbarium-Details/en?link=CAL0000008748&column=szBarcode,BSI,SOURCE_ONLY,False,1846,
PLANT-2220,Vetiveria zizanioides (L.) Roberty,"Khasa, Bena",POACEAE,"Khasa, Bena; Lavancha,; Khas,; Vettiver; Usira",Ayurveda,,,Root,Herb,AFHSTU,Usira,https://archive.bsi.gov.in/echoHerbarium-Details/en?link=CAL0000003170&column=szBarcode,BSI+NMPB,HIGH,False,1847,929
PLANT-2221,Viburnum foetidum Wall.,Dieng-soh-leng (Khasi Hills),CAPRIFOLIACEAE,Dieng-soh-leng (Khasi Hills),,,,,,,,https://archive.bsi.gov.in/echoHerbarium-Details/en?link=CAL0000009536&column=szBarcode,BSI,SOURCE_ONLY,False,1848,
PLANT-2222,Vicia faba L.,"Bakla, Kala matar",FABACEAE,"Bakla, Kala matar",,,,,,,,https://archive.bsi.gov.in/echoHerbarium-Details/en?link=CAL0000003332&column=szBarcode,BSI,SOURCE_ONLY,False,1849,
PLANT-2223,Vicia hirsuta (L.) S.F.Gray,"Jhunjhuni ankari, Mun-muna",FABACEAE,"Jhunjhuni ankari, Mun-muna",,,,,,,,https://archive.bsi.gov.in/echoHerbarium-Details/en?link=CAL0000003334&column=szBarcode,BSI,SOURCE_ONLY,False,1850,
PLANT-2224,Vicia sativa L.,Narrow-Leaved Vetch (Eng.),FABACEAE,Narrow-Leaved Vetch (Eng.),,,,,,,,https://archive.bsi.gov.in/echoHerbarium-Details/en?link=CAL0000003331&column=szBarcode,BSI,SOURCE_ONLY,False,1851,
PLANT-2225,Vigna aconitifolia (Jacq.) Marechal,"Moth, Bhringga",FABACEAE,"Moth, Bhringga",,,,,,,,https://archive.bsi.gov.in/echoHerbarium-Details/en?link=CAL0000003308&column=szBarcode,BSI,SOURCE_ONLY,False,1852,
PLANT-2226,Vigna mungo (L.) Hepper,Urd,FABACEAE,Urd,Ayurveda,,,Fruit (Seed),Herb,AFS,,https://archive.bsi.gov.in/echoHerbarium-Details/en?link=CAL0000003307&column=szBarcode,BSI+NMPB,HIGH,False,1853,930
PLANT-2227,Vigna radiata (L.) Wilczek,"Mung, Pessara",FABACEAE,"Mung, Pessara; Masha",Ayurveda,,,"Root, Fruit; (Seed)",Herb,AF,,https://archive.bsi.gov.in/echoHerbarium-Details/en?link=CAL0000003306&column=szBarcode,BSI+NMPB,HIGH,False,1854,931
PLANT-2228,Vigna sublobata (Roxb.) Babu & Sharma; [= V. radiata (L.) Wilez; var. sublobata (Roxb.) Verdc.],Masaparni,FABACEAE,Masaparni,Ayurveda,,,"Root,; Fruit (Seed)",Herb,AS,,,NMPB,SOURCE_ONLY,False,,932
PLANT-2229,Vigna trilobata (L.) Verdcourt,"Mugam, Trianguli",FABACEAE,"Mugam, Trianguli",,,,,,,,https://archive.bsi.gov.in/echoHerbarium-Details/en?link=CAL0000003309&column=szBarcode,BSI,SOURCE_ONLY,False,1855,
PLANT-2230,Vigna umbellata (Thunb.) Ohwi & Ohashi,"Sutri, Ghurush",FABACEAE,"Sutri, Ghurush",,,,,,,,https://archive.bsi.gov.in/echoHerbarium-Details/en?link=CAL0000003305&column=szBarcode,BSI,SOURCE_ONLY,False,1856,
PLANT-2231,Vigna unguiculata (L.) Walp.,"Lobia, Riantshi",FABACEAE,"Lobia, Riantshi",,,,,,,,https://archive.bsi.gov.in/echoHerbarium-Details/en?link=CAL0000003304&column=szBarcode,BSI,SOURCE_ONLY,False,1857,
PLANT-2232,Vigna vexillata (L.) A.Rich.,Kattupayar,FABACEAE,Kattupayar,Ayurveda,,,Root,Herb,A,,,NMPB,SOURCE_ONLY,False,,933
PLANT-2233,Vincetoxicum album (Mill.) Asch.,Swallow-Wort (Eng.),ASCLEPIADACEAE,Swallow-Wort (Eng.),,,,,,,,https://archive.bsi.gov.in/echoHerbarium-Details/en?link=CAL0000009258&column=szBarcode,BSI,SOURCE_ONLY,False,1858,
PLANT-2234,Viola biflora L.,"Banfsa, Dundi Birali",VIOLACEAE,"Banfsa, Dundi Birali",,,,,,,,https://archive.bsi.gov.in/echoHerbarium-Details/en?link=CAL0000013983&column=szBarcode,BSI,SOURCE_ONLY,False,1859,
PLANT-2235,Viola canescens Wall.,Banafasha,VIOLACEAE,Banafasha,,,,Flower,Herb,F,,,NMPB,SOURCE_ONLY,False,,934
PLANT-2236,Viola cinerea Boiss.,Banafasha; phool,VIOLACEAE,Banafasha; phool,Ayurveda,,,"Flower, Leaf,; Whole Plant",Herb,A,,,NMPB,SOURCE_ONLY,False,,935
PLANT-2237,Viola cineria Boiss.,Jinkobanafsha (Guj.),VIOLACEAE,Jinkobanafsha (Guj.),,,,,,,,https://archive.bsi.gov.in/echoHerbarium-Details/en?link=CAL0000013977&column=szBarcode,BSI,SOURCE_ONLY,False,1860,
PLANT-2238,Viola diffusa Ging.,Spreding white violet (Eng.),VIOLACEAE,Spreding white violet (Eng.),,,,,,,,https://archive.bsi.gov.in/echoHerbarium-Details/en?link=CAL0000013981&column=szBarcode,BSI,SOURCE_ONLY,False,1861,
PLANT-2239,Viola odorata L.,Banafasha,VIOLACEAE,Banafasha,Ayurveda,,,Flower,Herb,AFHU,,,NMPB,SOURCE_ONLY,False,,936
PLANT-2240,Viola patrinii Ging,China violet (Eng.),VIOLACEAE,China violet (Eng.),,,,,,,,https://archive.bsi.gov.in/echoHerbarium-Details/en?link=CAL0000013982&column=szBarcode,BSI,SOURCE_ONLY,False,1862,
PLANT-2241,Viola pilosa Blume,Banafshah,VIOLACEAE,Banafshah; Banafasha,Ayurveda,,,Flower,Herb,AF,,https://archive.bsi.gov.in/echoHerbarium-Details/en?link=CAL0000013980&column=szBarcode,BSI+NMPB,HIGH,False,1863,937
PLANT-2242,Viola sylvestris Lam.,Wood violet (Eng.),VIOLACEAE,Wood violet (Eng.),,,,,,,,https://archive.bsi.gov.in/echoHerbarium-Details/en?link=CAL0000013979&column=szBarcode,BSI,SOURCE_ONLY,False,1864,
PLANT-2243,Viola tricolor L.,Garden Pansey (Eng.),VIOLACEAE,Garden Pansey (Eng.),,,,,,,,https://archive.bsi.gov.in/echoHerbarium-Details/en?link=CAL0000013978&column=szBarcode,BSI,SOURCE_ONLY,False,1865,
PLANT-2244,Viscum articulatum Burm.f.,"Budu, Pand",LORANTHACEAE,"Budu, Pand",,,,,,,,https://archive.bsi.gov.in/echoHerbarium-Details/en?link=CAL0000009103&column=szBarcode,BSI,SOURCE_ONLY,False,1866,
PLANT-2245,Viscum monoicum Roxb. ex DC.,Kuchle-ka-malang,LORANTHACEAE,Kuchle-ka-malang,,,,,,,,https://archive.bsi.gov.in/echoHerbarium-Details/en?link=CAL0000009105&column=szBarcode,BSI,SOURCE_ONLY,False,1867,
PLANT-2246,Viscum orientale Willd.,Baandaa,LORANTHACEAE,Baandaa,,,,,,,,https://archive.bsi.gov.in/echoHerbarium-Details/en?link=CAL0000009104&column=szBarcode,BSI,SOURCE_ONLY,False,1868,
PLANT-2247,Vitex agnus-castus L.,Monk's Pepper-Tree (Eng.),VERBENACEAE,Monk's Pepper-Tree (Eng.); Chaste tree,,,,Fruit,Shrub,HU,,https://archive.bsi.gov.in/echoHerbarium-Details/en?link=CAL0000013289&column=szBarcode,BSI+NMPB,HIGH,False,1869,938
PLANT-2248,Vitex altissima L.f.,Myrole,VERBENACEAE,Myrole; Names,,,,Whole Plant,Tree,FSTag **,Names,,NMPB,SOURCE_ONLY,False,,939
PLANT-2249,Vitex glabrata R.Br.,Bhadu (Bihar),VERBENACEAE,Bhadu (Bihar),,,,,,,,https://archive.bsi.gov.in/echoHerbarium-Details/en?link=CAL0000013280&column=szBarcode,BSI,SOURCE_ONLY,False,1870,
PLANT-2250,Vitex leucoxylon L.f.,Sherus (Mar.),VERBENACEAE,Sherus (Mar.),,,,,,,,https://archive.bsi.gov.in/echoHerbarium-Details/en?link=CAL0000013281&column=szBarcode,BSI,SOURCE_ONLY,False,1871,
PLANT-2251,Vitex negundo L.,"Nirgundi, Sambhalu (Punjabi)",VERBENACEAE,"Nirgundi, Sambhalu (Punjabi); Neergundi; Nirgundi,; Renuka",Ayurveda,,,"Fruit, Leaf,; Root, Fruit; (Seed)",Shrub,AFSTU,"Nirgundi,; Renuka",https://archive.bsi.gov.in/echoHerbarium-Details/en?link=CAL0000013287&column=szBarcode,BSI+NMPB,HIGH,False,1872,940
PLANT-2252,Vitex peduncularis Wall. ex Schauer,"Minjurgorwa, Nagpheni",VERBENACEAE,"Minjurgorwa, Nagpheni",,,,,,,,https://archive.bsi.gov.in/echoHerbarium-Details/en?link=CAL0000013283&column=szBarcode,BSI,SOURCE_ONLY,False,1873,
PLANT-2253,Vitex pinnata L.,Nowlieragu (Tel.),VERBENACEAE,Nowlieragu (Tel.),,,,,,,,https://archive.bsi.gov.in/echoHerbarium-Details/en?link=CAL0000013286&column=szBarcode,BSI,SOURCE_ONLY,False,1874,
PLANT-2254,Vitex trifolia L.,"Pani-ki-sanbhalu, Sufed-sanbhalu",VERBENACEAE,"Pani-ki-sanbhalu, Sufed-sanbhalu",,,,,,,,https://archive.bsi.gov.in/echoHerbarium-Details/en?link=CAL0000013291&column=szBarcode,BSI,SOURCE_ONLY,False,1875,
PLANT-2255,Vitis vinifera L.,Angur dakh,VITACEAE,Angur dakh; Draksh; Draksa,Ayurveda,,,Fruit,Climber,AFSTU,Draksa,https://archive.bsi.gov.in/echoHerbarium-Details/en?link=CAL0000003428&column=szBarcode,BSI+NMPB,HIGH,False,1876,941
PLANT-2256,Wagatea spicata Dalzell,Wakeri (Mar.),CAESALPINIACEAE,Wakeri (Mar.),,,,,,,,https://archive.bsi.gov.in/echoHerbarium-Details/en?link=CAL0000003408&column=szBarcode,BSI,SOURCE_ONLY,False,1877,
PLANT-2257,Walsura trifoliata (A.Juss.) Harms,Valsura,MELIACEAE,Valsura,,,,Whole Plant,Tree,FS,,,NMPB,SOURCE_ONLY,False,,942
PLANT-2258,Waltheria indica L.,Khar dudhi (Beng.),STERCULIACEAE,Khar dudhi (Beng.),,,,,,,,https://archive.bsi.gov.in/echoHerbarium-Details/en?link=CAL0000013933&column=szBarcode,BSI,SOURCE_ONLY,False,1878,
PLANT-2259,Wattakaka volubilis (L.) Stapf,Nak-chhikni,ASCLEPIADACEAE,Nak-chhikni,,,,,,,,https://archive.bsi.gov.in/echoHerbarium-Details/en?link=CAL0000009483&column=szBarcode,BSI,SOURCE_ONLY,False,1879,
PLANT-2260,Wedelia biflora (L.) DC.,Sonki (Beng.),ASTERACEAE,Sonki (Beng.),,,,,,,,https://archive.bsi.gov.in/echoHerbarium-Details/en?link=CAL0000009326&column=szBarcode,BSI,SOURCE_ONLY,False,1880,
PLANT-2261,Wedelia chinensis (Osbeck) Merr.,"Bhanra, Bhangra",ASTERACEAE,"Bhanra, Bhangra; Bhangra",Ayurveda,,,Leaf,Herb,AF,,https://archive.bsi.gov.in/echoHerbarium-Details/en?link=CAL0000009324&column=szBarcode,BSI+NMPB,HIGH,False,1881,943
PLANT-2262,Wedelia wallichii Less.,Parbatijeera (Oriya),ASTERACEAE,Parbatijeera (Oriya),,,,,,,,https://archive.bsi.gov.in/echoHerbarium-Details/en?link=CAL0000009325&column=szBarcode,BSI,SOURCE_ONLY,False,1882,
PLANT-2263,Wikstroemia indica (L.) C.A.Mey.,Small-Leaf Salago (Eng.),THYMELAEACEAE,Small-Leaf Salago (Eng.),,,,,,,,https://archive.bsi.gov.in/echoHerbarium-Details/en?link=CAL0000009152&column=szBarcode,BSI,SOURCE_ONLY,False,1883,
PLANT-2264,Withania coagulans (Stocks) Dunal,"Akri, Punir",SOLANACEAE,"Akri, Punir; Paneer- dodi",Ayurveda,,,Fruit,Shrub,AU,,https://archive.bsi.gov.in/echoHerbarium-Details/en?link=CAL0000009183&column=szBarcode,BSI+NMPB,HIGH,False,1884,944
PLANT-2265,Withania somnifera (L.) Dunal,"Punir, Asgandh",SOLANACEAE,"Punir, Asgandh; Ashwagandha,; Asgandha; Asvagandha",Ayurveda,,,"Root,; Whole Plant",Shrub,AFHSTU,Asvagandha,https://archive.bsi.gov.in/echoHerbarium-Details/en?link=CAL0000009182&column=szBarcode,BSI+NMPB,HIGH,False,1885,945
PLANT-2266,Woodfordia fruticosa (L.) Kurz,"Dhai, Dhava",LYTHRACEAE,"Dhai, Dhava; Dhaiphool,; Dhavadiphool; Dhataki",Ayurveda,,,"Bark (Stem),; Flower",Shrub,AFSTU,Dhataki,https://archive.bsi.gov.in/echoHerbarium-Details/en?link=CAL0000013792&column=szBarcode,BSI+NMPB,HIGH,False,1886,946
PLANT-2267,Wrightia arborea (Dennst.) Mabb.,Kutajah,APOCYNACEAE,Kutajah,Ayurveda,,,"Fruit (Seed),; Bark (Stem)",Tree,AF,,,NMPB,SOURCE_ONLY,False,,947
PLANT-2268,Wrightia tinctoria R.Br.,"Indrajau, Mitha-indrajau",APOCYNACEAE,"Indrajau, Mitha-indrajau; Indrajau",Ayurveda,,,"Leaf,; Fruit (Seed),; Bark (Stem)",Tree,AFHSU,,https://archive.bsi.gov.in/echoHerbarium-Details/en?link=CAL0000009462&column=szBarcode,BSI+NMPB,HIGH,False,1887,948
PLANT-2269,Wrightia tomentosa (Roxb.) Roem. & Schult.,"Dudhi, Dharauli",APOCYNACEAE,"Dudhi, Dharauli",,,,,,,,https://archive.bsi.gov.in/echoHerbarium-Details/en?link=CAL0000009463&column=szBarcode,BSI,SOURCE_ONLY,False,1888,
PLANT-2270,Xanthium strumarium L.,"Banokra, Gokhru",ASTERACEAE,"Banokra, Gokhru",,,,,,,,https://archive.bsi.gov.in/echoHerbarium-Details/en?link=CAL0000009332&column=szBarcode,BSI,SOURCE_ONLY,False,1889,
PLANT-2271,Xeromphis spinosa (Thunb.) Keay,Mainphal,RUBIACEAE,Mainphal,,,,,,,,https://archive.bsi.gov.in/echoHerbarium-Details/en?link=CAL0000009389&column=szBarcode,BSI,SOURCE_ONLY,False,1890,
PLANT-2272,Xeromphis uliginosa (Retz.) Maheshw.,"Pindalu, Panar",RUBIACEAE,"Pindalu, Panar",,,,,,,,https://archive.bsi.gov.in/echoHerbarium-Details/en?link=CAL0000009392&column=szBarcode,BSI,SOURCE_ONLY,False,1891,
PLANT-2273,Ximenia americana L.,Kondanakkera (Tel.),OLACACEAE,Kondanakkera (Tel.),,,,,,,,https://archive.bsi.gov.in/echoHerbarium-Details/en?link=CAL0000009857&column=szBarcode,BSI,SOURCE_ONLY,False,1892,
PLANT-2274,Xylia xylocarpa (Roxb.) Taub.,"Jambu, Suria",MIMOSACEAE,"Jambu, Suria; Trumullu",Ayurveda,,,Bark (Stem),Tree,AF,,https://archive.bsi.gov.in/echoHerbarium-Details/en?link=CAL0000003459&column=szBarcode,BSI+NMPB,HIGH,False,1893,949
PLANT-2275,Yucca aloifolia L.,Adam's Needle (Eng.),LILIACEAE,Adam's Needle (Eng.),,,,,,,,https://archive.bsi.gov.in/echoHerbarium-Details/en?link=CAL0000002954&column=szBarcode,BSI,SOURCE_ONLY,False,1894,
PLANT-2276,Yucca gloriosa L.,Yucca (Marathi),LILIACEAE,Yucca (Marathi),,,,,,,,https://archive.bsi.gov.in/echoHerbarium-Details/en?link=CAL0000002955&column=szBarcode,BSI,SOURCE_ONLY,False,1895,
PLANT-2277,Zanonia indica L.,"Chirpoti, Patakona",CUCURBITACEAE,"Chirpoti, Patakona",,,,,,,,https://archive.bsi.gov.in/echoHerbarium-Details/en?link=CAL0000009416&column=szBarcode,BSI,SOURCE_ONLY,False,1896,
PLANT-2278,Zanthoxylum acanthopodium DC.,"Darmar, Nepali Dhaniya",RUTACEAE,"Darmar, Nepali Dhaniya; Kabab; Khandan,; Tummad",Ayurveda,,,Fruit,Shrub,ASU,,https://archive.bsi.gov.in/echoHerbarium-Details/en?link=CAL0000009843&column=szBarcode,BSI+NMPB,HIGH,False,1897,950
PLANT-2279,Zanthoxylum armatum DC.,"Timbur, Timur",RUTACEAE,"Timbur, Timur; Tejbal; Tejovati,; Tumburu",Ayurveda,,,Fruit,Shrub,A,"Tejovati,; Tumburu",https://archive.bsi.gov.in/echoHerbarium-Details/en?link=CAL0000009839&column=szBarcode,BSI+NMPB,HIGH,False,1898,951
PLANT-2280,Zanthoxylum nitidum (Roxb.) DC.,Tezamul (Assam),RUTACEAE,Tezamul (Assam); Kumkumada,,,,Bark (Stem),Shrub,F,,https://archive.bsi.gov.in/echoHerbarium-Details/en?link=CAL0000009840&column=szBarcode,BSI+NMPB,HIGH,False,1899,952
PLANT-2281,Zanthoxylum ovalifolium Wight,Armadalu (Kan.),RUTACEAE,Armadalu (Kan.),,,,,,,,https://archive.bsi.gov.in/echoHerbarium-Details/en?link=CAL0000009842&column=szBarcode,BSI,SOURCE_ONLY,False,1900,
PLANT-2282,Zanthoxylum oxyphyllum Edgew.,Mezenga (Assam),RUTACEAE,Mezenga (Assam),,,,,,,,https://archive.bsi.gov.in/echoHerbarium-Details/en?link=CAL0000009841&column=szBarcode,BSI,SOURCE_ONLY,False,1901,
PLANT-2283,Zanthoxylum rhetsa (Roxb.) DC.,Badrang,RUTACEAE,"Badrang; Tejbal,; Triphala",Ayurveda,,,"Fruit, Flower",Tree,AFS,,https://archive.bsi.gov.in/echoHerbarium-Details/en?link=CAL0000009838&column=szBarcode,BSI+NMPB,HIGH,False,1902,953
PLANT-2284,Zataria multiflora Boiss.,Saatar (Urdu),LAMIACEAE,Saatar (Urdu),,,,,,,,https://archive.bsi.gov.in/echoHerbarium-Details/en?link=CAL0000008713&column=szBarcode,BSI,SOURCE_ONLY,False,1903,
PLANT-2285,Zea mays L.,Maize,POACEAE,Maize; Names,Ayurveda,,,Fruit (Seed); Tag **,Herb,AFHSUW,Names,,NMPB,SOURCE_ONLY,False,,954
PLANT-2286,Zehneria umbellata (Klein) Thwaites,Karuvikkilann Climber,CUCURBITACEAE,Karuvikkilann Climber,,,,FS,W,,,,NMPB,SOURCE_ONLY,False,,955
PLANT-2287,Zeuxine strateumatica (L.) Schltr.,Swethuli (Beng.),ORCHIDACEAE,Swethuli (Beng.),,,,,,,,https://archive.bsi.gov.in/echoHerbarium-Details/en?link=CAL0000002969&column=szBarcode,BSI,SOURCE_ONLY,False,1904,
PLANT-2288,Zingiber montanum (Koen.) Link ex A.Dietr.,Ban-ada,ZINGIBERACEAE,Ban-ada,,,,,,,,https://archive.bsi.gov.in/echoHerbarium-Details/en?link=CAL0000003029&column=szBarcode,BSI,SOURCE_ONLY,False,1905,
PLANT-2289,Zingiber officinale Roscoe,Adrak,ZINGIBERACEAE,"Adrak; Soonth, Sonth Herb; Sunthi,; Ardraka",,,,AFSU,C,,"Sunthi,; Ardraka",https://archive.bsi.gov.in/echoHerbarium-Details/en?link=CAL0000003030&column=szBarcode,BSI+NMPB,HIGH,False,1906,956
PLANT-2290,Zingiber zerumbet (L.) Sm.,Gada (Local Name),ZINGIBERACEAE,Gada (Local Name); Narkachur Herb,,,,AFSU,C/W,,,https://archive.bsi.gov.in/echoHerbarium-Details/en?link=CAL0000003031&column=szBarcode,BSI+NMPB,HIGH,False,1907,957
PLANT-2291,Ziziphus glabrata Heyne ex Roth,Vatadalla (Sans.),RHAMNACEAE,Vatadalla (Sans.),,,,,,,,https://archive.bsi.gov.in/echoHerbarium-Details/en?link=CAL0000003469&column=szBarcode,BSI,SOURCE_ONLY,False,1908,
PLANT-2292,Ziziphus jujuba Mill.,"Pitni-ber, kandika",RHAMNACEAE,"Pitni-ber, kandika; Ber Tree; Kola",,,,AFSTU,C/W,,Kola,https://archive.bsi.gov.in/echoHerbarium-Details/en?link=CAL0000003470&column=szBarcode,BSI+NMPB,HIGH,False,1909,958
PLANT-2293,Ziziphus mauritiana Lam.,"Baer, Ber",RHAMNACEAE,"Baer, Ber",,,,,,,,https://archive.bsi.gov.in/echoHerbarium-Details/en?link=CAL0000003471&column=szBarcode,BSI,SOURCE_ONLY,False,1910,
PLANT-2294,Ziziphus nummularia (Burm.f.) Wight & Arn.,Jharberi,RHAMNACEAE,Jharberi,,,,,,,,https://archive.bsi.gov.in/echoHerbarium-Details/en?link=CAL0000003468&column=szBarcode,BSI,SOURCE_ONLY,False,1911,
PLANT-2295,Ziziphus oenoplia (L.) Mill.,Makai,RHAMNACEAE,Makai,,,,,,,,https://archive.bsi.gov.in/echoHerbarium-Details/en?link=CAL0000003467&column=szBarcode,BSI,SOURCE_ONLY,False,1912,
PLANT-2296,Ziziphus rugosa Lam.,Churna,RHAMNACEAE,Churna,,,,,,,,https://archive.bsi.gov.in/echoHerbarium-Details/en?link=CAL0000003465&column=szBarcode,BSI,SOURCE_ONLY,False,1913,
PLANT-2297,Ziziphus sativa Gaertn.; [= Z. jujuba Mill.; Z. vulgaris Lam.],Unnab Tree,RHAMNACEAE,Unnab Tree,,,,AFU,W,,,,NMPB,SOURCE_ONLY,False,,959
PLANT-2298,Ziziphus xylopyrus (Retz.) Willd.,Ghontaphala Shrub,RHAMNACEAE,Ghontaphala Shrub; Ghonta,,,,AFS,W,,Ghonta,,NMPB,SOURCE_ONLY,False,,960
PLANT-2299,Zornia gibbosa Span.,Samrapani (Guj.),FABACEAE,Samrapani (Guj.),,,,,,,,https://archive.bsi.gov.in/echoHerbarium-Details/en?link=CAL0000003341&column=szBarcode,BSI,SOURCE_ONLY,False,1914,
PLANT-2300,Zygophyllum simplex L.,Alethi (Punjab),ZYGOPHYLLACEAE,Alethi (Punjab),,,,,,,,https://archive.bsi.gov.in/echoHerbarium-Details/en?link=CAL0000013814&column=szBarcode,BSI,SOURCE_ONLY,False,1915,
