plant_id,source,source_record_id,scientific_name_in_master,resolution_status
PLANT-0001,BSI,1,Abelmoschus esculentus (L.) Moench,MATCHED
PLANT-0001,NMPB,1,Abelmoschus esculentus (L.) Moench,MATCHED
PLANT-0002,BSI,2,Abelmoschus ficulneus (L.) Wight & Arn.,MATCHED
PLANT-0002,NMPB,2,Abelmoschus ficulneus (L.) Wight & Arn.,MATCHED
PLANT-0003,BSI,3,Abelmoschus manihot (L.) Medik.,BSI_ONLY
PLANT-0004,BSI,4,Abelmoschus moschatus Medik.,MATCHED
PLANT-0004,NMPB,3,Abelmoschus moschatus Medik.,MATCHED
PLANT-0005,NMPB,4,Abies pindrow (Royle ex D.Don) Royle,NMPB_ONLY
PLANT-0006,BSI,5,Abies spectabilis (D. Don) Spach.,MATCHED
PLANT-0006,NMPB,5,Abies spectabilis (D. Don) Spach.,MATCHED
PLANT-0007,BSI,6,Abroma agusta (L.) L.f.,BSI_ONLY
PLANT-0008,BSI,7,Abrus precatorius L.,MATCHED
PLANT-0008,NMPB,6,Abrus precatorius L.,MATCHED
PLANT-0009,BSI,8,Abutilon hirtum (Lam.) Sweet,BSI_ONLY
PLANT-0010,BSI,9,Abutilon indicum (L.) Sweet,MATCHED
PLANT-0010,NMPB,7,Abutilon indicum (L.) Sweet,MATCHED
PLANT-0011,BSI,10,Abutilon pannosum (Forst.) Schlect.,BSI_ONLY
PLANT-0012,BSI,11,Abutilon theophrastii Medik.,BSI_ONLY
PLANT-0013,NMPB,8,Acacia caesia (L.) Willd.,NMPB_ONLY
PLANT-0014,BSI,12,Acacia catechu (L.f.) Willd.,MATCHED
PLANT-0014,NMPB,9,Acacia catechu (L.f.) Willd.,MATCHED
PLANT-0015,NMPB,10,Acacia chundra (Roxb. ex Rottler) Willd.,NMPB_ONLY
PLANT-0016,BSI,13,Acacia farnesiana (L.) Willd.,MATCHED
PLANT-0016,NMPB,11,Acacia farnesiana (L.) Willd.,MATCHED
PLANT-0017,BSI,14,Acacia jacquemontii Benth.,BSI_ONLY
PLANT-0018,BSI,15,Acacia leucophloea (Roxb.) Willd.,BSI_ONLY
PLANT-0019,BSI,16,Acacia modesta Wall.,BSI_ONLY
PLANT-0020,BSI,17,Acacia nilotica (L.) Willd. ex Delile,MATCHED
PLANT-0020,NMPB,12,Acacia nilotica (L.) Willd. ex Delile,MATCHED
PLANT-0021,BSI,18,Acacia pennata (L.) Willd.,BSI_ONLY
PLANT-0022,BSI,19,Acacia rugata (Lam.) Merr.,BSI_ONLY
PLANT-0023,BSI,20,Acacia senegal (L.) Willd.,BSI_ONLY
PLANT-0024,NMPB,13,Acacia sinuata (Lour.) Merr.; [ = A. concinna (Willd.) DC.],NMPB_ONLY
PLANT-0025,BSI,21,Acacia torta (Roxb.) Craib,BSI_ONLY
PLANT-0026,BSI,22,Acalypha fruticosa Forsk.,MATCHED
PLANT-0026,NMPB,14,Acalypha fruticosa Forsk.,MATCHED
PLANT-0027,BSI,23,Acalypha indica L.,MATCHED
PLANT-0027,NMPB,15,Acalypha indica L.,MATCHED
PLANT-0028,BSI,24,Acalypha racemosa Wall. ex Bailley,BSI_ONLY
PLANT-0029,BSI,25,Acampe papillosa (Lindl.) Lindl.,BSI_ONLY
PLANT-0030,BSI,26,Acanthus illicifolius L.,BSI_ONLY
PLANT-0031,BSI,27,Achillea millefolium L.,MATCHED
PLANT-0031,NMPB,16,Achillea millefolium L.,MATCHED
PLANT-0032,BSI,28,Achyranthes aspera L.,MATCHED
PLANT-0032,NMPB,17,Achyranthes aspera L.,MATCHED
PLANT-0033,BSI,29,Achyranthes bidentata Blume,MATCHED
PLANT-0033,NMPB,18,Achyranthes bidentata Blume,MATCHED
PLANT-0034,BSI,30,Aconitum balfourii Stapf,MATCHED
PLANT-0034,NMPB,19,Aconitum balfourii Stapf,MATCHED
PLANT-0035,BSI,31,Aconitum bisma (Buch. -Ham.) Rapaics,MATCHED
PLANT-0035,NMPB,20,Aconitum bisma (Buch. -Ham.) Rapaics,MATCHED
PLANT-0036,BSI,32,Aconitum chasmanthum Holmes ex Stapf,MATCHED
PLANT-0036,NMPB,21,Aconitum chasmanthum Holmes ex Stapf,MATCHED
PLANT-0037,NMPB,22,Aconitum deinorrhizum Stapf,NMPB_ONLY
PLANT-0038,BSI,33,Aconitum falconeri Stapf,MATCHED
PLANT-0038,NMPB,23,Aconitum falconeri Stapf,MATCHED
PLANT-0039,NMPB,24,Aconitum ferox Wall. ex Ser.,NMPB_ONLY
PLANT-0040,BSI,34,Aconitum heterophyllum Wall. ex Royle,MATCHED
PLANT-0040,NMPB,25,Aconitum heterophyllum Wall. ex Royle,MATCHED
PLANT-0041,BSI,35,Aconitum laciniatum (Bruhl) Stapf,MATCHED
PLANT-0041,NMPB,26,Aconitum laciniatum (Bruhl) Stapf,MATCHED
PLANT-0042,BSI,36,Aconitum novoluridum Munz,BSI_ONLY
PLANT-0043,BSI,37,Aconitum spicatum (Bruhl) Stapf,MATCHED
PLANT-0043,NMPB,27,Aconitum spicatum (Bruhl) Stapf,MATCHED
PLANT-0044,BSI,38,Aconitum violaceum Jacq. Ex Stapf,MATCHED
PLANT-0044,NMPB,28,Aconitum violaceum Jacq. Ex Stapf,MATCHED
PLANT-0045,BSI,39,Acorus calamus L.,MATCHED
PLANT-0045,NMPB,29,Acorus calamus L.,MATCHED
PLANT-0046,BSI,40,Acronychia pedunculata (L.) Miq.,BSI_ONLY
PLANT-0047,BSI,41,Actaea spicata L.,BSI_ONLY
PLANT-0048,NMPB,30,Actiniopteris dichotoma Mett.,NMPB_ONLY
PLANT-0049,BSI,42,Actiniopteris radiata(Swartz) Link,BSI_ONLY
PLANT-0050,BSI,43,Actinodaphne hookeri Meissn.,BSI_ONLY
PLANT-0051,BSI,44,Adansonia digitata L.,MATCHED
PLANT-0051,NMPB,31,Adansonia digitata L.,MATCHED
PLANT-0052,BSI,45,Adenanthera pavonia L.,BSI_ONLY
PLANT-0053,NMPB,32,Adenanthera pavonina L.,NMPB_ONLY
PLANT-0054,NMPB,33,Adenia hondala (Gaertn.) W.J. de Wilde,NMPB_ONLY
PLANT-0055,BSI,46,Adenia wightiana (Wall. ex Wight & Arn.) Engl.,BSI_ONLY
PLANT-0056,BSI,47,Adenostemma lavenia (L.) Kuntze,BSI_ONLY
PLANT-0057,NMPB,34,Adhatoda beddomei C.B.Clarke; [= Justicia beddomei (C.B.Clarke),NMPB_ONLY
PLANT-0058,NMPB,35,Adhatoda zeylanica Medik.; [ = A. vasica Nees; Justicia adhatoda L.],NMPB_ONLY
PLANT-0059,BSI,48,Adiantum capillus-veneris L.,MATCHED
PLANT-0059,NMPB,36,Adiantum capillus-veneris L.,MATCHED
PLANT-0060,BSI,49,Adiantum caudatum L.,BSI_ONLY
PLANT-0061,BSI,50,Adiantum philippense L.,MATCHED
PLANT-0061,NMPB,37,Adiantum philippense L.,MATCHED
PLANT-0062,BSI,51,Adiantum venustum D.Don,MATCHED
PLANT-0062,NMPB,38,Adiantum venustum D.Don,MATCHED
PLANT-0063,BSI,52,Adonis aestivalis L.,BSI_ONLY
PLANT-0064,BSI,53,Aegle marmelos (L.) Corr.,MATCHED
PLANT-0064,NMPB,39,Aegle marmelos (L.) Corr.,MATCHED
PLANT-0065,BSI,54,Aerva javanica (Burm.f.) Juss. ex Schult.,BSI_ONLY
PLANT-0066,BSI,55,Aerva lanata (L.) Juss.,MATCHED
PLANT-0066,NMPB,40,Aerva lanata (L.) Juss.,MATCHED
PLANT-0067,BSI,56,Aesculus indica Colebr. ex Camb.,MATCHED
PLANT-0067,NMPB,41,Aesculus indica Colebr. ex Camb.,MATCHED
PLANT-0068,BSI,57,Aganosma caryophyllata G.Don,BSI_ONLY
PLANT-0069,BSI,58,Agave americana Blanco,BSI_ONLY
PLANT-0070,BSI,60,Agave angustifolia Haw.,BSI_ONLY
PLANT-0071,BSI,61,Agave sisalana Perr. ex Engelm.,BSI_ONLY
PLANT-0072,BSI,62,Ageratum conyzoides L.,MATCHED
PLANT-0072,NMPB,42,Ageratum conyzoides L.,MATCHED
PLANT-0073,BSI,63,Aglaia elaeagnoidea (Juss.) Benth.,MATCHED
PLANT-0073,NMPB,43,Aglaia elaeagnoidea (Juss.) Benth.,MATCHED
PLANT-0074,NMPB,44,Aglaia odorata Lour.,NMPB_ONLY
PLANT-0075,BSI,64,Agropyron repens (L.) Beauv.,BSI_ONLY
PLANT-0076,BSI,65,Ailanthus altissima (Mill.) Swingle,BSI_ONLY
PLANT-0077,BSI,66,Ailanthus excelsa Roxb.,MATCHED
PLANT-0077,NMPB,45,Ailanthus excelsa Roxb.,MATCHED
PLANT-0078,BSI,67,Ailanthus triphysa (Dennst.) Alston,MATCHED
PLANT-0078,NMPB,46,Ailanthus triphysa (Dennst.) Alston,MATCHED
PLANT-0079,NMPB,47,Ainsliaea aptera DC.,NMPB_ONLY
PLANT-0080,BSI,68,Ajuga bracteosa Wall. ex Benth.,MATCHED
PLANT-0080,NMPB,48,Ajuga bracteosa Wall. ex Benth.,MATCHED
PLANT-0081,BSI,69,Alangium salvifolium (L.f.) Wang.,MATCHED
PLANT-0081,NMPB,49,Alangium salvifolium (L.f.) Wang.,MATCHED
PLANT-0082,NMPB,50,Albizia amara (Roxb.) Boivin,NMPB_ONLY
PLANT-0083,NMPB,51,Albizia lebbeck (L.) Benth.,NMPB_ONLY
PLANT-0084,NMPB,52,Albizia marginata Merr.,NMPB_ONLY
PLANT-0085,NMPB,53,Albizia odoratissima (L.f.) Benth.,NMPB_ONLY
PLANT-0086,BSI,70,Albizzia amara (Roxb.) Boivin,BSI_ONLY
PLANT-0087,BSI,71,Albizzia lebbeck (L.) Willd.,BSI_ONLY
PLANT-0088,BSI,72,Albizzia odoratissima (L.f.) Benth.,BSI_ONLY
PLANT-0089,BSI,73,Aleurites mollucana Willd.,BSI_ONLY
PLANT-0090,NMPB,54,Alhagi pseudalhagi (M.Bieb.) Desv.,NMPB_ONLY
PLANT-0091,BSI,74,Alhagi pseudoalhagi (Bieb.) Desv.,BSI_ONLY
PLANT-0092,BSI,76,Allamanda cathartica L.,BSI_ONLY
PLANT-0093,NMPB,55,Allium ampeloprasum L.,NMPB_ONLY
PLANT-0094,BSI,77,Allium cepa L.,MATCHED
PLANT-0094,NMPB,56,Allium cepa L.,MATCHED
PLANT-0095,BSI,78,Allium macleanii Baker,BSI_ONLY
PLANT-0096,NMPB,57,Allium sativum L.,NMPB_ONLY
PLANT-0097,NMPB,58,Allium stracheyi Baker,NMPB_ONLY
PLANT-0098,BSI,79,Alnus nepalensis D.Don,BSI_ONLY
PLANT-0099,BSI,80,Alnus nitida Endl.,BSI_ONLY
PLANT-0100,BSI,81,Alocasia macrorrhizos (L.) G.Don,BSI_ONLY
PLANT-0101,NMPB,59,Aloe barbadensis Mill.; [ = A. vera (L.) Burm.f.],NMPB_ONLY
PLANT-0102,BSI,82,Aloe vera (L.) Burm.f.,BSI_ONLY
PLANT-0103,BSI,83,Aloysia triphylla (L'Herit) Britton,BSI_ONLY
PLANT-0104,NMPB,60,Alpinia calcarata (Haw.) Roscoe,NMPB_ONLY
PLANT-0105,BSI,84,Alpinia galanga (L.) Willd.,MATCHED
PLANT-0105,NMPB,61,Alpinia galanga (L.) Willd.,MATCHED
PLANT-0106,BSI,85,Alpinia nigra (Gaertn.) B.L.Burtt,BSI_ONLY
PLANT-0107,NMPB,62,Alpinia officinarum Hance,NMPB_ONLY
PLANT-0108,BSI,86,Alstonia scholaris (L.) R.Br.,MATCHED
PLANT-0108,NMPB,63,Alstonia scholaris (L.) R.Br.,MATCHED
PLANT-0109,BSI,87,Alstonia venenata R.Br.,MATCHED
PLANT-0109,NMPB,64,Alstonia venenata R.Br.,MATCHED
PLANT-0110,BSI,88,Alternanthera sessilis (L.) R.Br. ex. DC.,MATCHED
PLANT-0110,NMPB,65,Alternanthera sessilis (L.) R.Br. ex. DC.,MATCHED
PLANT-0111,BSI,89,Althaea officinalis L.,MATCHED
PLANT-0111,NMPB,66,Althaea officinalis L.,MATCHED
PLANT-0112,BSI,90,Althaea rosea (L.) Cav.,BSI_ONLY
PLANT-0113,BSI,91,Altingia excelsa Noronha,MATCHED
PLANT-0113,NMPB,67,Altingia excelsa Noronha,MATCHED
PLANT-0114,BSI,92,Alysicarpus longifolius (Rottler ex Spreng.) Wight & Arn.,BSI_ONLY
PLANT-0115,BSI,93,Alysicarpus vaginalis (L.) DC.,BSI_ONLY
PLANT-0116,BSI,97,Amaranthus caudatus L.,BSI_ONLY
PLANT-0117,BSI,94,Amaranthus lividus L.,BSI_ONLY
PLANT-0118,NMPB,68,Amaranthus paniculatus L.,NMPB_ONLY
PLANT-0119,BSI,98,Amaranthus spinosus L.,MATCHED
PLANT-0119,NMPB,69,Amaranthus spinosus L.,MATCHED
PLANT-0120,BSI,95,Amaranthus tricolor L.,MATCHED
PLANT-0120,NMPB,70,Amaranthus tricolor L.,MATCHED
PLANT-0121,BSI,96,Amaranthus viridis L.,BSI_ONLY
PLANT-0122,NMPB,71,Ambroma augusta (L.) L.f.,NMPB_ONLY
PLANT-0123,BSI,99,Ammania auriculata Willd.,BSI_ONLY
PLANT-0124,BSI,100,Ammania baccifera L.,BSI_ONLY
PLANT-0125,NMPB,72,Ammannia baccifera L.,NMPB_ONLY
PLANT-0126,NMPB,73,Ammi majus L.,NMPB_ONLY
PLANT-0127,BSI,101,Ammi visnaga (L.) Lam.,BSI_ONLY
PLANT-0128,BSI,102,Amomum aromaticum Roxb.,MATCHED
PLANT-0128,NMPB,74,Amomum aromaticum Roxb.,MATCHED
PLANT-0129,NMPB,75,Amomum kepulaga Sprague,NMPB_ONLY
PLANT-0130,BSI,103,Amomum subulatum Roxb.,MATCHED
PLANT-0130,NMPB,76,Amomum subulatum Roxb.,MATCHED
PLANT-0131,NMPB,77,Amorphophallus dubius Blume,NMPB_ONLY
PLANT-0132,BSI,104,Amorphophallus paeoniifolius (Dennst.) Nicolson,MATCHED
PLANT-0132,NMPB,78,Amorphophallus paeoniifolius (Dennst.) Nicolson,MATCHED
PLANT-0133,NMPB,79,Amorphophallus sylvaticus (Roxb.),NMPB_ONLY
PLANT-0134,BSI,105,Ampelocissus areneosa (Laws.) Planch.,BSI_ONLY
PLANT-0135,BSI,106,Ampelocissus arnottiana (Wight & Arn.) Planch.,BSI_ONLY
PLANT-0136,BSI,107,Ampelocissus latifolia (Roxb.) Planch.,BSI_ONLY
PLANT-0137,BSI,108,Ampelocissus tomentosa (Roth) Planch.,BSI_ONLY
PLANT-0138,BSI,109,Anacardium occidentale L.,MATCHED
PLANT-0138,NMPB,80,Anacardium occidentale L.,MATCHED
PLANT-0139,NMPB,81,Anacyclus pyrethrum (L.) Cass.,NMPB_ONLY
PLANT-0140,BSI,110,Anagallis arvensis L.,BSI_ONLY
PLANT-0141,NMPB,82,Anamirta cocculus (L.) Wight & Arn.,NMPB_ONLY
PLANT-0142,BSI,111,Anamitra cocculus Wight & Arn.,BSI_ONLY
PLANT-0143,BSI,112,Ananas comosus (L.) Merr.,BSI_ONLY
PLANT-0144,BSI,113,Anaphalis neelgerryana DC.,BSI_ONLY
PLANT-0145,NMPB,83,Anchusa strigosa Labill.,NMPB_ONLY
PLANT-0146,BSI,114,Andrographis echinoides (L.) Nees,BSI_ONLY
PLANT-0147,BSI,115,Andrographis paniculata (Burm.) Wall. ex Nees,MATCHED
PLANT-0147,NMPB,84,Andrographis paniculata (Burm.) Wall. ex Nees,MATCHED
PLANT-0148,BSI,116,Andropogon sorghum (L.) Brot.,BSI_ONLY
PLANT-0149,BSI,117,Anemone narcissiflora L.,BSI_ONLY
PLANT-0150,BSI,118,Anemone obtusiloba D. Don,BSI_ONLY
PLANT-0151,NMPB,85,Anethum graveolens L.; [ = A.sowa Roxb. ex Flem.],NMPB_ONLY
PLANT-0152,BSI,119,Angelica archangelica L.,MATCHED
PLANT-0152,NMPB,86,Angelica archangelica L.,MATCHED
PLANT-0153,NMPB,87,Angelica glauca Edgew.,NMPB_ONLY
PLANT-0154,BSI,120,Aniseia martinicensis (Jacq.) Choisy.,BSI_ONLY
PLANT-0155,BSI,121,Anisochilus carnosus (Linn.f.) Wall.,BSI_ONLY
PLANT-0156,BSI,122,Anisomeles indica (L.) Kuntze,BSI_ONLY
PLANT-0157,BSI,123,Anisomeles malabarica (L.) R.Br.,MATCHED
PLANT-0157,NMPB,88,Anisomeles malabarica (L.) R.Br.,MATCHED
PLANT-0158,BSI,124,Annona muricata L.,BSI_ONLY
PLANT-0159,BSI,125,Annona reticulata L.,BSI_ONLY
PLANT-0160,BSI,126,Annona squamosa L.,BSI_ONLY
PLANT-0161,BSI,127,Anodendron paniculatum A.DC.,MATCHED
PLANT-0161,NMPB,89,Anodendron paniculatum A.DC.,MATCHED
PLANT-0162,BSI,128,Anogeissus latifolia (Roxb. ex. DC.) Wall. ex. Guill. &,MATCHED
PLANT-0162,NMPB,90,Anogeissus latifolia (Roxb. ex. DC.) Wall. ex. Guill. &,MATCHED
PLANT-0163,BSI,129,Anthemis cotula L.,BSI_ONLY
PLANT-0164,BSI,130,Anthemis nobilis L.,MATCHED
PLANT-0164,NMPB,91,Anthemis nobilis L.,MATCHED
PLANT-0165,NMPB,92,Anthocephalus cadamba (Roxb.)Miq.,NMPB_ONLY
PLANT-0166,BSI,131,Anthoxanthum odoratum L.,BSI_ONLY
PLANT-0167,BSI,132,Anthriscus cerefolium Hoffm.,BSI_ONLY
PLANT-0168,BSI,133,Antiaris toxicaria (Pers.) Lesch.,BSI_ONLY
PLANT-0169,BSI,134,Antidesma bunius Spreng.,BSI_ONLY
PLANT-0170,BSI,135,Apama siliquosa Lam.,BSI_ONLY
PLANT-0171,BSI,136,Aphanamixis polystachya (Wall.) R.Parker,MATCHED
PLANT-0171,NMPB,93,Aphanamixis polystachya (Wall.) R.Parker,MATCHED
PLANT-0172,NMPB,94,Aphananthe cuspidata (Blume) Planch.,NMPB_ONLY
PLANT-0173,BSI,137,Apium graveolens L.,MATCHED
PLANT-0173,NMPB,95,Apium graveolens L.,MATCHED
PLANT-0174,NMPB,96,Aquilaria agallocha Roxb.,NMPB_ONLY
PLANT-0175,BSI,138,Aquilegia vulgaris L.,BSI_ONLY
PLANT-0176,BSI,139,Arachis hypogaea L.,BSI_ONLY
PLANT-0177,BSI,140,Arachne cordifolia (Decne.) Hurus.,BSI_ONLY
PLANT-0178,BSI,141,Arctium lappa L.,MATCHED
PLANT-0178,NMPB,97,Arctium lappa L.,MATCHED
PLANT-0179,BSI,142,Ardisia solanacea (Poir.) Roxb.,BSI_ONLY
PLANT-0180,BSI,143,Areca catechu L.,MATCHED
PLANT-0180,NMPB,98,Areca catechu L.,MATCHED
PLANT-0181,BSI,144,Areca triandra Roxb. ex Buch.-Ham.,BSI_ONLY
PLANT-0182,BSI,145,Arenga saccharifera Labill.,BSI_ONLY
PLANT-0183,BSI,146,Argemone mexicana L.,MATCHED
PLANT-0183,NMPB,99,Argemone mexicana L.,MATCHED
PLANT-0184,BSI,147,Argyreia cuneata (Willd.) Ker.-Gawl,BSI_ONLY
PLANT-0185,BSI,148,Argyreia imbricata (Roth) Santapau & V.Patel,BSI_ONLY
PLANT-0186,BSI,149,Argyreia nervosa (Burm.f.) Boj.,BSI_ONLY
PLANT-0187,NMPB,100,Argyreia speciosa (L.f.) Sweet; [ = A. nervosa (Burm.f.) Bojer],NMPB_ONLY
PLANT-0188,BSI,150,Arisaema leschenaultii Blume,BSI_ONLY
PLANT-0189,BSI,151,Arisaema speciosum (Wall.) Mart.,BSI_ONLY
PLANT-0190,BSI,152,Arisaema tortuosum (Wall.) Schott,BSI_ONLY
PLANT-0191,BSI,153,Aristida depressa Retz.,BSI_ONLY
PLANT-0192,BSI,154,Aristolochia bracteolata Lam.,MATCHED
PLANT-0192,NMPB,101,Aristolochia bracteolata Lam.,MATCHED
PLANT-0193,BSI,155,Aristolochia indica L.,MATCHED
PLANT-0193,NMPB,102,Aristolochia indica L.,MATCHED
PLANT-0194,NMPB,103,Aristolochia rotunda L,NMPB_ONLY
PLANT-0195,BSI,156,Aristolochia tagala Chem.,MATCHED
PLANT-0195,NMPB,104,Aristolochia tagala Chem.,MATCHED
PLANT-0196,BSI,157,Arnebia benthamii (Wall.ex G. Don) Johnston,MATCHED
PLANT-0196,NMPB,105,Arnebia benthamii (Wall.ex G. Don) Johnston,MATCHED
PLANT-0197,BSI,158,Arnebia euchroma (Royle) Johnston,MATCHED
PLANT-0197,NMPB,106,Arnebia euchroma (Royle) Johnston,MATCHED
PLANT-0198,NMPB,107,Arnebia nobilis Rech.f.,NMPB_ONLY
PLANT-0199,BSI,159,Arnica montana L.,BSI_ONLY
PLANT-0200,BSI,160,Artabotrys hexapetalus (L.f.) Bhandari,MATCHED
PLANT-0200,NMPB,108,Artabotrys hexapetalus (L.f.) Bhandari,MATCHED
PLANT-0201,BSI,161,Artabotrys suaveolens Blume,BSI_ONLY
PLANT-0202,BSI,162,Artanema longifolium (L). Vatke,BSI_ONLY
PLANT-0203,NMPB,109,Artemisia absinthium L.,NMPB_ONLY
PLANT-0204,BSI,163,Artemisia absynthium L.,BSI_ONLY
PLANT-0205,BSI,164,Artemisia dracunculcus L.,BSI_ONLY
PLANT-0206,BSI,165,Artemisia indica Willd.,BSI_ONLY
PLANT-0207,BSI,166,Artemisia maritima L.,MATCHED
PLANT-0207,NMPB,110,Artemisia maritima L.,MATCHED
PLANT-0208,BSI,167,Artemisia nilagirica (C.B.Clarke) Pamp.,MATCHED
PLANT-0208,NMPB,111,Artemisia nilagirica (C.B.Clarke) Pamp.,MATCHED
PLANT-0209,NMPB,112,Artemisia pallens Wall. ex DC.,NMPB_ONLY
PLANT-0210,NMPB,113,Artemisia parviflora Roxb. ex D.Don,NMPB_ONLY
PLANT-0211,BSI,168,Artemisia persica Boiss.,BSI_ONLY
PLANT-0212,BSI,169,Artemisia roxburghiana Wall. ex. Besser,BSI_ONLY
PLANT-0213,BSI,170,Artemisia sacrorum Ledeb.,BSI_ONLY
PLANT-0214,BSI,171,Artemisia scoparia Waldst. & Kit.,BSI_ONLY
PLANT-0215,BSI,172,Artemisia sivarsiana Ehrh. Ex. Willd.,BSI_ONLY
PLANT-0216,BSI,173,Arthrocnemum indicum (Willd.) Moq.,BSI_ONLY
PLANT-0217,BSI,174,Artocarpus heterophyllus Lam.,MATCHED
PLANT-0217,NMPB,114,Artocarpus heterophyllus Lam.,MATCHED
PLANT-0218,BSI,175,Artocarpus lakoocha Roxb.,BSI_ONLY
PLANT-0219,BSI,176,Arundo donax L.,MATCHED
PLANT-0219,NMPB,115,Arundo donax L.,MATCHED
PLANT-0220,BSI,177,Asclepias curassavica L.,BSI_ONLY
PLANT-0221,BSI,178,Asparagus adscendens Roxb.,MATCHED
PLANT-0221,NMPB,116,Asparagus adscendens Roxb.,MATCHED
PLANT-0222,BSI,179,Asparagus filicinus Buch.-Ham ex D. Don,BSI_ONLY
PLANT-0223,BSI,180,Asparagus gonocladus Baker,BSI_ONLY
PLANT-0224,BSI,181,Asparagus officinalis L.,BSI_ONLY
PLANT-0225,BSI,182,Asparagus racemosus Willd.,MATCHED
PLANT-0225,NMPB,117,Asparagus racemosus Willd.,MATCHED
PLANT-0226,NMPB,118,Asparagus sarmentosus L.,NMPB_ONLY
PLANT-0227,BSI,183,Asplenium adiantum-nigrum L.,BSI_ONLY
PLANT-0228,BSI,184,Astragalus strobiliferus Royle ex Benth.,BSI_ONLY
PLANT-0229,BSI,185,Astragalus tribuloides Delile,BSI_ONLY
PLANT-0230,BSI,186,Asystasia gangetica (L.) T.Anderson,BSI_ONLY
PLANT-0231,NMPB,119,Atalantia monophylla (L.) DC.,NMPB_ONLY
PLANT-0232,BSI,187,Atriplex hortensis L.,BSI_ONLY
PLANT-0233,BSI,188,Atropa acuminata Royle,MATCHED
PLANT-0233,NMPB,120,Atropa acuminata Royle,MATCHED
PLANT-0234,BSI,189,Atropa belladona L.,BSI_ONLY
PLANT-0235,NMPB,121,Atropa belladonna L.,NMPB_ONLY
PLANT-0236,NMPB,122,Atylosia goensis (Dalzell) Dalzell,NMPB_ONLY
PLANT-0237,NMPB,123,Atylosia scarabeoides (L.) Benth.,NMPB_ONLY
PLANT-0238,BSI,190,Atylosia scrabaeoides (L.) Benth.,BSI_ONLY
PLANT-0239,BSI,191,Avena fatua L.,BSI_ONLY
PLANT-0240,BSI,192,Avena sativa L.,BSI_ONLY
PLANT-0241,BSI,193,Averrhoa bilimbi L.,BSI_ONLY
PLANT-0242,BSI,194,Avicennia officinalis L.,BSI_ONLY
PLANT-0243,BSI,195,Azadirachta indica (L.) A.Juss.,MATCHED
PLANT-0243,NMPB,124,Azadirachta indica (L.) A.Juss.,MATCHED
PLANT-0244,BSI,196,Azanza lampas (Cav.) Alef.,BSI_ONLY
PLANT-0245,BSI,197,Azima tetracantha Lam.,MATCHED
PLANT-0245,NMPB,125,Azima tetracantha Lam.,MATCHED
PLANT-0246,BSI,198,Bacopa monnieri (L.) Pennell,MATCHED
PLANT-0246,NMPB,126,Bacopa monnieri (L.) Pennell,MATCHED
PLANT-0247,BSI,199,Balanites aegyptiaca (L.) Delile,MATCHED
PLANT-0247,NMPB,127,Balanites aegyptiaca (L.) Delile,MATCHED
PLANT-0248,NMPB,128,Balanophora fungosa J.R.Forst.,NMPB_ONLY
PLANT-0249,BSI,200,Baliospermum montanum (Willd.) Muell.Arg.,MATCHED
PLANT-0249,NMPB,129,Baliospermum montanum (Willd.) Muell.Arg.,MATCHED
PLANT-0250,NMPB,130,Bambusa arundinacea (Retz.) Willd.,NMPB_ONLY
PLANT-0251,BSI,201,Bambusa bambos Druce,BSI_ONLY
PLANT-0252,NMPB,131,Bandeiraea simplicifolia (M.Vahl ex,NMPB_ONLY
PLANT-0253,BSI,202,Barleria buxifolia L.,BSI_ONLY
PLANT-0254,BSI,203,Barleria courtallica Nees,BSI_ONLY
PLANT-0255,BSI,204,Barleria cristata L.,MATCHED
PLANT-0255,NMPB,132,Barleria cristata L.,MATCHED
PLANT-0256,BSI,205,Barleria longiflora L.f.,BSI_ONLY
PLANT-0257,BSI,206,Barleria noctiflora L.f.,BSI_ONLY
PLANT-0258,BSI,207,Barleria prionitis L.,MATCHED
PLANT-0258,NMPB,133,Barleria prionitis L.,MATCHED
PLANT-0259,BSI,208,Barleria strigosa Willd.,MATCHED
PLANT-0259,NMPB,134,Barleria strigosa Willd.,MATCHED
PLANT-0260,BSI,209,Barringtonia acutangula (L.) Gaertn.,MATCHED
PLANT-0260,NMPB,135,Barringtonia acutangula (L.) Gaertn.,MATCHED
PLANT-0261,BSI,210,Barringtonia racemosa (L.) Roxb.,MATCHED
PLANT-0261,NMPB,136,Barringtonia racemosa (L.) Roxb.,MATCHED
PLANT-0262,NMPB,137,Basella alba L.,NMPB_ONLY
PLANT-0263,BSI,211,Basella rubra L.,BSI_ONLY
PLANT-0264,BSI,212,Bauhinia malabarica Roxb.,MATCHED
PLANT-0264,NMPB,138,Bauhinia malabarica Roxb.,MATCHED
PLANT-0265,BSI,213,Bauhinia purpurea L.,MATCHED
PLANT-0265,NMPB,139,Bauhinia purpurea L.,MATCHED
PLANT-0266,BSI,214,Bauhinia racemosa Lam.,MATCHED
PLANT-0266,NMPB,140,Bauhinia racemosa Lam.,MATCHED
PLANT-0267,BSI,215,Bauhinia retusa Ham. ex. DC.,BSI_ONLY
PLANT-0268,NMPB,141,Bauhinia tomentosa L.,NMPB_ONLY
PLANT-0269,BSI,216,Bauhinia vahlii Wight & Arn.,MATCHED
PLANT-0269,NMPB,142,Bauhinia vahlii Wight & Arn.,MATCHED
PLANT-0270,BSI,217,Bauhinia variegata L.,MATCHED
PLANT-0270,NMPB,143,Bauhinia variegata L.,MATCHED
PLANT-0271,BSI,218,Begonia rex Putz.,BSI_ONLY
PLANT-0272,BSI,219,Benincasa hispida (Thunb.) Cogn.,MATCHED
PLANT-0272,NMPB,144,Benincasa hispida (Thunb.) Cogn.,MATCHED
PLANT-0273,BSI,220,Berberis aristata DC.,MATCHED
PLANT-0273,NMPB,145,Berberis aristata DC.,MATCHED
PLANT-0274,BSI,221,Berberis asiatica Roxb. ex. DC.,MATCHED
PLANT-0274,NMPB,146,Berberis asiatica Roxb. ex. DC.,MATCHED
PLANT-0275,NMPB,147,Berberis chitria Lindl.,NMPB_ONLY
PLANT-0276,BSI,222,Berberis insignis Hook.f. & Thomson,BSI_ONLY
PLANT-0277,BSI,223,Berberis lycium Royle,MATCHED
PLANT-0277,NMPB,148,Berberis lycium Royle,MATCHED
PLANT-0278,NMPB,149,Berberis tinctoria Lesch.,NMPB_ONLY
PLANT-0279,NMPB,150,Berberis umbellata Wall. ex G.Don,NMPB_ONLY
PLANT-0280,BSI,224,Berchemia lineata DC.,BSI_ONLY
PLANT-0281,NMPB,151,Bergenia ciliata (Haw.) Sternb.,NMPB_ONLY
PLANT-0282,NMPB,152,Bergenia stracheyi (Hook.f. &,NMPB_ONLY
PLANT-0283,BSI,225,Bergia suffriticosa (Del.) Fenzl.,BSI_ONLY
PLANT-0284,BSI,226,Beta vulgaris L.,BSI_ONLY
PLANT-0285,BSI,227,Betula alnoides Buch.-Ham.ex D.Don,BSI_ONLY
PLANT-0286,BSI,228,Betula utilis D.Don,MATCHED
PLANT-0286,NMPB,153,Betula utilis D.Don,MATCHED
PLANT-0287,BSI,229,Bidens tripartita L.,BSI_ONLY
PLANT-0288,BSI,230,Biophytum sensitivum (L.) DC.,MATCHED
PLANT-0288,NMPB,154,Biophytum sensitivum (L.) DC.,MATCHED
PLANT-0289,BSI,231,Bischofia javanica Blume,BSI_ONLY
PLANT-0290,NMPB,155,Bistorta amplexicaulis (D.Don) Greene,NMPB_ONLY
PLANT-0291,BSI,232,Bixa orellana L.,MATCHED
PLANT-0291,NMPB,156,Bixa orellana L.,MATCHED
PLANT-0292,BSI,233,Blechnum orientale L.,BSI_ONLY
PLANT-0293,BSI,234,Blepharis edulis Pers.,MATCHED
PLANT-0293,NMPB,157,Blepharis edulis Pers.,MATCHED
PLANT-0294,BSI,235,Blepharis indica Stocks ex T.Anderson,BSI_ONLY
PLANT-0295,BSI,236,Blighia sapida Koen. & Sims.,BSI_ONLY
PLANT-0296,BSI,237,Blumea balsamifera (L.) DC.,BSI_ONLY
PLANT-0297,BSI,238,Blumea densiflora (Wall.) DC.,BSI_ONLY
PLANT-0298,BSI,239,Blumea eriantha DC.,BSI_ONLY
PLANT-0299,BSI,240,Blumea lacera (Burm.f.) DC.,BSI_ONLY
PLANT-0300,BSI,241,Blumea lanceolaria (Roxb.) Druce,BSI_ONLY
PLANT-0301,BSI,242,Boehmeria nivea (L.) Gaud.,BSI_ONLY
PLANT-0302,BSI,243,Boerhavia diffusa L.,MATCHED
PLANT-0302,NMPB,158,Boerhavia diffusa L.,MATCHED
PLANT-0303,NMPB,159,Boerhavia repanda Willd.,NMPB_ONLY
PLANT-0304,BSI,244,Bombax ceiba L.,MATCHED
PLANT-0304,NMPB,160,Bombax ceiba L.,MATCHED
PLANT-0305,BSI,245,Borassus flabellifer L.,MATCHED
PLANT-0305,NMPB,161,Borassus flabellifer L.,MATCHED
PLANT-0306,BSI,246,Borreria articularis (L.f.) F.N.Wiliams,BSI_ONLY
PLANT-0307,NMPB,162,Borreria hispida (L.) Schum.; [ = Spermacoce hispida L.],NMPB_ONLY
PLANT-0308,NMPB,163,Boswellia carteri Birdw.,NMPB_ONLY
PLANT-0309,NMPB,164,Boswellia frereana Birdw.,NMPB_ONLY
PLANT-0310,BSI,247,Boswellia serrata Roxb. ex Coleb.,MATCHED
PLANT-0310,NMPB,165,Boswellia serrata Roxb. ex Coleb.,MATCHED
PLANT-0311,BSI,248,Botrychium lunaria (L.) Sw.,BSI_ONLY
PLANT-0312,BSI,249,Botrychium virginianum (L.) Sw.,BSI_ONLY
PLANT-0313,NMPB,166,Brassica alba (L.) Rabenh,NMPB_ONLY
PLANT-0314,BSI,250,Brassica juncea (L.) Czern.,MATCHED
PLANT-0314,NMPB,167,Brassica juncea (L.) Czern.,MATCHED
PLANT-0315,BSI,251,Brassica nigra L.,BSI_ONLY
PLANT-0316,BSI,252,Breynia retusa (Dennst.) Alston,BSI_ONLY
PLANT-0317,BSI,254,Breynia rhamnoides (Retz.) Muell.-Arg.,BSI_ONLY
PLANT-0318,BSI,255,Bridelia montana Willd.,BSI_ONLY
PLANT-0319,NMPB,168,Briedelia montana (Roxb.) Willd.,NMPB_ONLY
PLANT-0320,BSI,256,Bromus mollis L.,BSI_ONLY
PLANT-0321,BSI,257,Brucea javanica (L.) Merr.,BSI_ONLY
PLANT-0322,BSI,258,Bryonopsis laciniosa (L.) Naud.,BSI_ONLY
PLANT-0323,BSI,259,Bryophyllum pinnatum Lam.,BSI_ONLY
PLANT-0324,BSI,260,Buchanania lanzan Spreng.,MATCHED
PLANT-0324,NMPB,169,Buchanania lanzan Spreng.,MATCHED
PLANT-0325,BSI,261,Buddleja asiatica Lour.,BSI_ONLY
PLANT-0326,BSI,262,Bunium persicum (Boiss.) Fedt.,MATCHED
PLANT-0326,NMPB,170,Bunium persicum (Boiss.) Fedt.,MATCHED
PLANT-0327,BSI,263,Butea monosperma (Lam.) Taub.,MATCHED
PLANT-0327,NMPB,171,Butea monosperma (Lam.) Taub.,MATCHED
PLANT-0328,BSI,264,Butea parviflora Roxb.,BSI_ONLY
PLANT-0329,BSI,265,Butea superba Roxb.,MATCHED
PLANT-0329,NMPB,172,Butea superba Roxb.,MATCHED
PLANT-0330,BSI,266,Buxus wallichiana Baill.,BSI_ONLY
PLANT-0331,BSI,267,Byttneria herbacea Roxb.,BSI_ONLY
PLANT-0332,NMPB,173,Caccinia crassifolia (Vent.) C.Koch,NMPB_ONLY
PLANT-0333,BSI,268,Cadaba fruticosa (L.) Druce,MATCHED
PLANT-0333,NMPB,174,Cadaba fruticosa (L.) Druce,MATCHED
PLANT-0334,BSI,269,Cadaba trifoliata (Roxb.) Wight & Arn.,BSI_ONLY
PLANT-0335,BSI,270,Caesalpinia bonduc (L.) Roxb.,MATCHED
PLANT-0335,NMPB,175,Caesalpinia bonduc (L.) Roxb.,MATCHED
PLANT-0336,BSI,271,Caesalpinia coriaria (Jacq.) Willd.,BSI_ONLY
PLANT-0337,BSI,272,Caesalpinia crista L.,BSI_ONLY
PLANT-0338,BSI,273,Caesalpinia digyna Rottler,MATCHED
PLANT-0338,NMPB,176,Caesalpinia digyna Rottler,MATCHED
PLANT-0339,BSI,274,Caesalpinia pulcherrima (L.) Swartz,MATCHED
PLANT-0339,NMPB,177,Caesalpinia pulcherrima (L.) Swartz,MATCHED
PLANT-0340,BSI,275,Caesalpinia sappan L.,MATCHED
PLANT-0340,NMPB,178,Caesalpinia sappan L.,MATCHED
PLANT-0341,BSI,276,Cajanus cajan (L.) Millsp.,MATCHED
PLANT-0341,NMPB,179,Cajanus cajan (L.) Millsp.,MATCHED
PLANT-0342,BSI,277,Calamus rotang L.,MATCHED
PLANT-0342,NMPB,180,Calamus rotang L.,MATCHED
PLANT-0343,BSI,278,Calamus travancoricus Bedd. ex Becc.,BSI_ONLY
PLANT-0344,BSI,279,Calendula officinalis L.,BSI_ONLY
PLANT-0345,BSI,280,Callicarpa arborea Roxb. ex C.B.Clarke,BSI_ONLY
PLANT-0346,BSI,281,Callicarpa longifolia Lam.,BSI_ONLY
PLANT-0347,BSI,282,Callicarpa macrophylla Vahl,MATCHED
PLANT-0347,NMPB,181,Callicarpa macrophylla Vahl,MATCHED
PLANT-0348,BSI,283,Callicarpa tomentosa (L.) Murr.,BSI_ONLY
PLANT-0349,BSI,284,Calligonum polygonoides L.,BSI_ONLY
PLANT-0350,BSI,285,Callistemon lanceolatus DC.,BSI_ONLY
PLANT-0351,BSI,286,Calophyllum apetalum Willd.,MATCHED
PLANT-0351,NMPB,182,Calophyllum apetalum Willd.,MATCHED
PLANT-0352,BSI,287,Calophyllum inophyllum L.,MATCHED
PLANT-0352,NMPB,183,Calophyllum inophyllum L.,MATCHED
PLANT-0353,BSI,288,Calotropis gigantea (L.) W.T.Aiton,MATCHED
PLANT-0353,NMPB,184,Calotropis gigantea (L.) W.T.Aiton,MATCHED
PLANT-0354,BSI,289,Calotropis procera (Aiton) W.T.Aiton,MATCHED
PLANT-0354,NMPB,185,Calotropis procera (Aiton) W.T.Aiton,MATCHED
PLANT-0355,BSI,290,Caltha palustris L.,BSI_ONLY
PLANT-0356,BSI,291,Calycopteris floribunda (Roxb.) Lam.,MATCHED
PLANT-0356,NMPB,186,Calycopteris floribunda (Roxb.) Lam.,MATCHED
PLANT-0357,BSI,292,Camellia kissi Wall.,BSI_ONLY
PLANT-0358,BSI,293,Camellia sinensis (L.) Kuntze,BSI_ONLY
PLANT-0359,BSI,294,Cananga odorata Hook.f. & Thoms.,BSI_ONLY
PLANT-0360,NMPB,187,Canarium strictum Roxb.,NMPB_ONLY
PLANT-0361,BSI,295,Canavalia gladiata (Jacq.) DC.,BSI_ONLY
PLANT-0362,NMPB,188,Canella alba Murray,NMPB_ONLY
PLANT-0363,BSI,296,Canna indica L.,BSI_ONLY
PLANT-0364,BSI,297,Cannabis sativa L.,MATCHED
PLANT-0364,NMPB,189,Cannabis sativa L.,MATCHED
PLANT-0365,BSI,298,Canscora decussata (Roxb.) Schult. & Schult.f.,MATCHED
PLANT-0365,NMPB,190,Canscora decussata (Roxb.) Schult. & Schult.f.,MATCHED
PLANT-0366,BSI,299,Canscora diffusa (Vahl) R.Br. ex. Roem. & Schult.,BSI_ONLY
PLANT-0367,BSI,300,Canthium dicoccum (Gaertn.) Merr.,BSI_ONLY
PLANT-0368,BSI,301,Capparis decidua (Forssk.) Edgew.,BSI_ONLY
PLANT-0369,NMPB,191,Capparis divaricata Lam.,NMPB_ONLY
PLANT-0370,BSI,302,Capparis grandis L.f.,BSI_ONLY
PLANT-0371,BSI,303,Capparis heyneana Wall. ex Wight,BSI_ONLY
PLANT-0372,NMPB,192,Capparis moonii Wight,NMPB_ONLY
PLANT-0373,NMPB,193,Capparis roxburghii DC.,NMPB_ONLY
PLANT-0374,BSI,304,Capparis sepiaria L.,MATCHED
PLANT-0374,NMPB,194,Capparis sepiaria L.,MATCHED
PLANT-0375,BSI,305,Capparis spinosa L.,MATCHED
PLANT-0375,NMPB,195,Capparis spinosa L.,MATCHED
PLANT-0376,BSI,306,Capparis zeylanica L.,MATCHED
PLANT-0376,NMPB,196,Capparis zeylanica L.,MATCHED
PLANT-0377,BSI,307,Capsella bursa-pastoris (L.) Medik.,BSI_ONLY
PLANT-0378,BSI,308,Capsicum annum L.,BSI_ONLY
PLANT-0379,BSI,309,Capsicum frutescens L.,BSI_ONLY
PLANT-0380,BSI,310,Carallia brachiata (Lour.) Merr.,BSI_ONLY
PLANT-0381,BSI,311,Carapa granatum (Koenig) Alston,BSI_ONLY
PLANT-0382,NMPB,197,Cardiospermum halicacabum L.,NMPB_ONLY
PLANT-0383,BSI,312,Cardiospermum helicacabum L.,BSI_ONLY
PLANT-0384,BSI,313,Carduus nutans L.,MATCHED
PLANT-0384,NMPB,198,Carduus nutans L.,MATCHED
PLANT-0385,BSI,314,Careya arborea Roxb.,MATCHED
PLANT-0385,NMPB,199,Careya arborea Roxb.,MATCHED
PLANT-0386,BSI,315,Carica papaya L.,MATCHED
PLANT-0386,NMPB,200,Carica papaya L.,MATCHED
PLANT-0387,NMPB,201,Carissa carandas L.,NMPB_ONLY
PLANT-0388,BSI,316,Carissa congesta Wight,BSI_ONLY
PLANT-0389,BSI,317,Carissa opaca Stapf ex. Haines,BSI_ONLY
PLANT-0390,BSI,318,Carmona microphylla (Lam.) G.Don,BSI_ONLY
PLANT-0391,BSI,319,Carpesium abrotanoides L.,BSI_ONLY
PLANT-0392,BSI,320,Carpesium cernuum L.,BSI_ONLY
PLANT-0393,BSI,321,Carthamus lanatus L.,BSI_ONLY
PLANT-0394,BSI,322,Carthamus tinctorius L.,MATCHED
PLANT-0394,NMPB,202,Carthamus tinctorius L.,MATCHED
PLANT-0395,BSI,323,Carum carvi L.,MATCHED
PLANT-0395,NMPB,203,Carum carvi L.,MATCHED
PLANT-0396,NMPB,204,Carum strictocarpum C.B.Clarke,NMPB_ONLY
PLANT-0397,BSI,324,Caryota urens L.,BSI_ONLY
PLANT-0398,BSI,325,Casaeria graveolens Dalzell,BSI_ONLY
PLANT-0399,BSI,326,Casearia elliptica Willd.,BSI_ONLY
PLANT-0400,NMPB,205,Casearia esculenta Roxb.,NMPB_ONLY
PLANT-0401,BSI,330,Cassia absus L.,MATCHED
PLANT-0401,NMPB,206,Cassia absus L.,MATCHED
PLANT-0402,BSI,331,Cassia alata L.,MATCHED
PLANT-0402,NMPB,207,Cassia alata L.,MATCHED
PLANT-0403,BSI,327,Cassia angustifolia Vahl,MATCHED
PLANT-0403,NMPB,208,Cassia angustifolia Vahl,MATCHED
PLANT-0404,BSI,333,Cassia auriculata L.,MATCHED
PLANT-0404,NMPB,209,Cassia auriculata L.,MATCHED
PLANT-0405,BSI,334,Cassia fistula L.,MATCHED
PLANT-0405,NMPB,210,Cassia fistula L.,MATCHED
PLANT-0406,BSI,335,Cassia italica (Mill.) Spreng,BSI_ONLY
PLANT-0407,BSI,328,Cassia mimosoides L.,BSI_ONLY
PLANT-0408,BSI,336,Cassia obtusifolia L.,MATCHED
PLANT-0408,NMPB,211,Cassia obtusifolia L.,MATCHED
PLANT-0409,BSI,337,Cassia occidentalis L.,MATCHED
PLANT-0409,NMPB,212,Cassia occidentalis L.,MATCHED
PLANT-0410,BSI,329,Cassia pumila Lam.,BSI_ONLY
PLANT-0411,BSI,338,Cassia siamea Lam.,MATCHED
PLANT-0411,NMPB,213,Cassia siamea Lam.,MATCHED
PLANT-0412,BSI,339,Cassia sophera L.,MATCHED
PLANT-0412,NMPB,214,Cassia sophera L.,MATCHED
PLANT-0413,BSI,340,Cassia tora L.,MATCHED
PLANT-0413,NMPB,215,Cassia tora L.,MATCHED
PLANT-0414,BSI,341,Cassytha filiformis L.,MATCHED
PLANT-0414,NMPB,216,Cassytha filiformis L.,MATCHED
PLANT-0415,BSI,342,Castanea sativa Mill.,BSI_ONLY
PLANT-0416,BSI,343,Castanospermum australe A.Cunn. ex Mudie,BSI_ONLY
PLANT-0417,BSI,344,Casuarina equisetifolia L.,BSI_ONLY
PLANT-0418,BSI,345,Catharanthus pusillus (Murray) G.Don,BSI_ONLY
PLANT-0419,BSI,346,Catharanthus roseus (L.) G. Don,MATCHED
PLANT-0419,NMPB,217,Catharanthus roseus (L.) G. Don,MATCHED
PLANT-0420,NMPB,218,Catunaregum spinosa (Thunb.) Tirveng.; [= Xeromphis spinosa (Thunb.) Keay ],NMPB_ONLY
PLANT-0421,NMPB,219,Cayratia carnosa (Wall.) Gagnep.,NMPB_ONLY
PLANT-0422,BSI,347,Cayratia pedata (Lam.) Juss. ex Gagnep.,MATCHED
PLANT-0422,NMPB,220,Cayratia pedata (Lam.) Juss. ex Gagnep.,MATCHED
PLANT-0423,BSI,348,Cayratia trifolia (L.) Domin.,BSI_ONLY
PLANT-0424,BSI,349,Cedrus deodara (Roxb.ex D.Don) G.Don,MATCHED
PLANT-0424,NMPB,221,Cedrus deodara (Roxb.ex D.Don) G.Don,MATCHED
PLANT-0425,BSI,350,Ceiba pentandra (L.) Gaertn.,MATCHED
PLANT-0425,NMPB,222,Ceiba pentandra (L.) Gaertn.,MATCHED
PLANT-0426,BSI,351,Celastrus paniculatus Willd.,MATCHED
PLANT-0426,NMPB,223,Celastrus paniculatus Willd.,MATCHED
PLANT-0427,BSI,352,Celosia argentia L.,BSI_ONLY
PLANT-0428,BSI,353,Celtis caucasia Willd.,BSI_ONLY
PLANT-0429,BSI,354,Celtis cinnamomea Lindl.,BSI_ONLY
PLANT-0430,NMPB,224,Celtis philippensis Blanco,NMPB_ONLY
PLANT-0431,BSI,355,Cenchrus biflorus Roxb.,BSI_ONLY
PLANT-0432,NMPB,225,Centaurea behen L.,NMPB_ONLY
PLANT-0433,BSI,356,Centaurea calcitrapa L.,BSI_ONLY
PLANT-0434,BSI,357,Centella asiatica (L.) Urban,MATCHED
PLANT-0434,NMPB,226,Centella asiatica (L.) Urban,MATCHED
PLANT-0435,BSI,358,Centipeda minima (L.) A.Braun & Asch.,BSI_ONLY
PLANT-0436,BSI,359,Centranthera indica (L.) Gamble,BSI_ONLY
PLANT-0437,NMPB,227,Centratherum anthelminticum (L.),NMPB_ONLY
PLANT-0438,BSI,360,Cephaelis ipecacuanha (Brot.) A.Rich.,MATCHED
PLANT-0438,NMPB,228,Cephaelis ipecacuanha (Brot.) A.Rich.,MATCHED
PLANT-0439,BSI,361,Ceratonia siliqua L.,BSI_ONLY
PLANT-0440,BSI,362,Ceratophyllum demursum L.,BSI_ONLY
PLANT-0441,BSI,363,Ceratopteris thaictroides Brong.,BSI_ONLY
PLANT-0442,BSI,364,Cerbera manghas L.,BSI_ONLY
PLANT-0443,BSI,365,Cereus grandiflorus Mill.,BSI_ONLY
PLANT-0444,BSI,366,Ceriops tagal (Perr.) C.B.Rob.,BSI_ONLY
PLANT-0445,BSI,367,Ceropegia tuberosa Roxb.,BSI_ONLY
PLANT-0446,NMPB,229,Chaerophyllum villosum Wall. ex DC.,NMPB_ONLY
PLANT-0447,BSI,368,Cheiranthus cheiri L.,BSI_ONLY
PLANT-0448,BSI,369,Chenopodium album L.,BSI_ONLY
PLANT-0449,BSI,370,Chenopodium ambrosioides L.,BSI_ONLY
PLANT-0450,BSI,371,Chenopodium botrys L.,BSI_ONLY
PLANT-0451,BSI,372,Chloranthus elatior Link,BSI_ONLY
PLANT-0452,BSI,373,Chloris virgata Sw.,BSI_ONLY
PLANT-0453,BSI,374,Chlorophytum arundinaceum Baker,MATCHED
PLANT-0453,NMPB,230,Chlorophytum arundinaceum Baker,MATCHED
PLANT-0454,NMPB,231,Chlorophytum borivilianum Santapau,NMPB_ONLY
PLANT-0455,NMPB,232,Chlorophytum tuberosum Baker,NMPB_ONLY
PLANT-0456,BSI,375,Chloroxylon swietenia DC.,BSI_ONLY
PLANT-0457,BSI,376,Chondrus crispus Stackh.,BSI_ONLY
PLANT-0458,NMPB,233,Chonemorpha fragrans (Moon) Alston,NMPB_ONLY
PLANT-0459,BSI,377,Chrozophora plicata A.Juss.,BSI_ONLY
PLANT-0460,NMPB,234,Chrozophora prostrata Dalzell,NMPB_ONLY
PLANT-0461,BSI,378,Chrozophora rottleri (Geis.) A.Juss.ex Spreng.,BSI_ONLY
PLANT-0462,NMPB,235,Chrysanthemum cinerariifolium,NMPB_ONLY
PLANT-0463,BSI,379,Chrysanthemum coronarium L.,BSI_ONLY
PLANT-0464,BSI,380,Chrysanthemum indicum L.,BSI_ONLY
PLANT-0465,BSI,381,Chrysobalanus icaco L.,BSI_ONLY
PLANT-0466,BSI,382,Cicer arietinum L.,BSI_ONLY
PLANT-0467,BSI,383,Cichorium endivia L.,MATCHED
PLANT-0467,NMPB,236,Cichorium endivia L.,MATCHED
PLANT-0468,BSI,384,Cichorium intybus L.,MATCHED
PLANT-0468,NMPB,237,Cichorium intybus L.,MATCHED
PLANT-0469,BSI,385,Cicuta virosa L,BSI_ONLY
PLANT-0470,BSI,386,Cimicifuga foetida L.,BSI_ONLY
PLANT-0471,NMPB,238,Cinchona ledgeriana Bern.,NMPB_ONLY
PLANT-0472,BSI,387,Cinchona officinalis L.f.,MATCHED
PLANT-0472,NMPB,239,Cinchona officinalis L.f.,MATCHED
PLANT-0473,BSI,397,Cinnamomum camphora (L.) Sieb.,MATCHED
PLANT-0473,NMPB,240,Cinnamomum camphora (L.) Sieb.,MATCHED
PLANT-0474,BSI,388,Cinnamomum cassia Benth.,MATCHED
PLANT-0474,NMPB,241,Cinnamomum cassia Benth.,MATCHED
PLANT-0475,BSI,389,Cinnamomum glanduliferum (Wall.) Meissn.,BSI_ONLY
PLANT-0476,NMPB,242,Cinnamomum glaucenscens (Nees),NMPB_ONLY
PLANT-0477,BSI,390,Cinnamomum glausescens (Nees) Hand.-Mazz.,BSI_ONLY
PLANT-0478,BSI,391,Cinnamomum impressinervium Meissn.,BSI_ONLY
PLANT-0479,BSI,392,Cinnamomum macrocarpum Hook.f.,MATCHED
PLANT-0479,NMPB,243,Cinnamomum macrocarpum Hook.f.,MATCHED
PLANT-0480,NMPB,244,Cinnamomum malabathrum (Lam.),NMPB_ONLY
PLANT-0481,BSI,393,Cinnamomum obtusifolium (Roxb.) Nees,BSI_ONLY
PLANT-0482,BSI,394,Cinnamomum pauciflorum Nees,BSI_ONLY
PLANT-0483,NMPB,245,Cinnamomum sulphuratum Nees,NMPB_ONLY
PLANT-0484,BSI,395,Cinnamomum tamala (Buch.-Ham.) T.Nees & C.H.Eberm.,MATCHED
PLANT-0484,NMPB,246,Cinnamomum tamala (Buch.-Ham.) T.Nees & C.H.Eberm.,MATCHED
PLANT-0485,BSI,396,Cinnamomum verum J.Presl.,MATCHED
PLANT-0485,NMPB,247,Cinnamomum verum J.Presl.,MATCHED
PLANT-0486,NMPB,248,Cinnamomum wightii Meisn.,NMPB_ONLY
PLANT-0487,NMPB,249,Cipadessa baccifera (Roth) Miq.,NMPB_ONLY
PLANT-0488,BSI,398,Cirsium arvense (L.) Scop.,BSI_ONLY
PLANT-0489,BSI,399,Cissampelos pareira L.,MATCHED
PLANT-0489,NMPB,250,Cissampelos pareira L.,MATCHED
PLANT-0490,BSI,400,Cissus adnata Roxb.,BSI_ONLY
PLANT-0491,BSI,401,Cissus pallida (Wight & Arn.) Planch.,BSI_ONLY
PLANT-0492,BSI,402,Cissus quadrangularis L.,MATCHED
PLANT-0492,NMPB,251,Cissus quadrangularis L.,MATCHED
PLANT-0493,BSI,403,Cissus repens Lam.,BSI_ONLY
PLANT-0494,BSI,404,Cistanche tabulosa (Schrenk) Wight,BSI_ONLY
PLANT-0495,BSI,405,Citrullus colocynthis (L.) Schrad.,MATCHED
PLANT-0495,NMPB,252,Citrullus colocynthis (L.) Schrad.,MATCHED
PLANT-0496,NMPB,253,Citrullus lanatus (Thunb.) Matsumara,NMPB_ONLY
PLANT-0497,NMPB,254,Citrus acida Pers.,NMPB_ONLY
PLANT-0498,BSI,406,Citrus aurantifolia (Christm.) Swingle,MATCHED
PLANT-0498,NMPB,255,Citrus aurantifolia (Christm.) Swingle,MATCHED
PLANT-0499,BSI,407,Citrus aurantium L.,MATCHED
PLANT-0499,NMPB,256,Citrus aurantium L.,MATCHED
PLANT-0500,NMPB,257,Citrus bergamia Risso.,NMPB_ONLY
PLANT-0501,BSI,408,Citrus grandis (L.) Osbeck.,BSI_ONLY
PLANT-0502,NMPB,258,Citrus limon (L.) Burm.f.,NMPB_ONLY
PLANT-0503,BSI,409,Citrus medica L.,MATCHED
PLANT-0503,NMPB,259,Citrus medica L.,MATCHED
PLANT-0504,NMPB,260,Citrus reticulata Blanco,NMPB_ONLY
PLANT-0505,BSI,410,Citrus sinensis (L.) Osbeck.,BSI_ONLY
PLANT-0506,BSI,411,Claoxylon indicum Hassk.,BSI_ONLY
PLANT-0507,NMPB,261,Clausena dentata (Willd.) Roem.,NMPB_ONLY
PLANT-0508,BSI,412,Clausena excavata Burm.f.,BSI_ONLY
PLANT-0509,BSI,413,Clausena pentaphylla (Roxb.) DC.,BSI_ONLY
PLANT-0510,BSI,414,Cleistanthus collinus (Roxb.) Benth. ex Hook.f.,MATCHED
PLANT-0510,NMPB,262,Cleistanthus collinus (Roxb.) Benth. ex Hook.f.,MATCHED
PLANT-0511,BSI,415,Clematis gauriana Roxb. ex DC.,BSI_ONLY
PLANT-0512,NMPB,263,Clematis gouriana Roxb. ex DC.,NMPB_ONLY
PLANT-0513,BSI,416,Clematis smilacifolia Wall.,BSI_ONLY
PLANT-0514,BSI,417,Clematis triloba B.Heyne ex Roth,MATCHED
PLANT-0514,NMPB,264,Clematis triloba B.Heyne ex Roth,MATCHED
PLANT-0515,BSI,418,Cleome chelidoni L.,BSI_ONLY
PLANT-0516,BSI,419,Cleome gynandra (L.) L.,MATCHED
PLANT-0516,NMPB,265,Cleome gynandra (L.) L.,MATCHED
PLANT-0517,BSI,420,Cleome monophylla L.,BSI_ONLY
PLANT-0518,BSI,421,Cleome vahliana Fresen.,BSI_ONLY
PLANT-0519,BSI,422,Cleome viscosa L.,MATCHED
PLANT-0519,NMPB,266,Cleome viscosa L.,MATCHED
PLANT-0520,NMPB,267,Clerodendrum indicum (L.) Kuntze,NMPB_ONLY
PLANT-0521,BSI,423,Clerodendrum inerme (L.f.) Gaertn.,MATCHED
PLANT-0521,NMPB,268,Clerodendrum inerme (L.f.) Gaertn.,MATCHED
PLANT-0522,BSI,424,Clerodendrum multiflorum (Burm.f.) Kuntze,BSI_ONLY
PLANT-0523,BSI,425,Clerodendrum philippenum Schauer,BSI_ONLY
PLANT-0524,NMPB,269,Clerodendrum phlomidis L.f.,NMPB_ONLY
PLANT-0525,BSI,426,Clerodendrum serratum (L.) Moon,MATCHED
PLANT-0525,NMPB,270,Clerodendrum serratum (L.) Moon,MATCHED
PLANT-0526,BSI,427,Clerodendrum viscosum Vent.,BSI_ONLY
PLANT-0527,BSI,428,Clinopodium vulgare L.,BSI_ONLY
PLANT-0528,NMPB,271,Clitoria ternatea L.,NMPB_ONLY
PLANT-0529,BSI,429,Clitoria ternatia L.,BSI_ONLY
PLANT-0530,BSI,430,Cocccinia grandis (L.) Voigt.,BSI_ONLY
PLANT-0531,NMPB,272,Coccinia grandis (L.) Voigt; [ = C. indica W. & A.],NMPB_ONLY
PLANT-0532,BSI,431,Coccoloba uvifera L.,BSI_ONLY
PLANT-0533,BSI,432,Cocculus hirsutus (L.) Diels,MATCHED
PLANT-0533,NMPB,273,Cocculus hirsutus (L.) Diels,MATCHED
PLANT-0534,BSI,433,Cocculus laurifolius DC.,BSI_ONLY
PLANT-0535,BSI,434,Cocculus pendulus (J.R.Forst. & G.Forst.) Diels,BSI_ONLY
PLANT-0536,BSI,435,Cochlospermum religiosum (L.) Alston,MATCHED
PLANT-0536,NMPB,274,Cochlospermum religiosum (L.) Alston,MATCHED
PLANT-0537,BSI,436,Cocos nucifera L.,MATCHED
PLANT-0537,NMPB,275,Cocos nucifera L.,MATCHED
PLANT-0538,BSI,437,Codiaeum variegatum Blume,BSI_ONLY
PLANT-0539,BSI,438,Codonopsis ovata Benth.,BSI_ONLY
PLANT-0540,BSI,439,Coffea arabica L.,MATCHED
PLANT-0540,NMPB,276,Coffea arabica L.,MATCHED
PLANT-0541,NMPB,277,Coffea travancorensis Wight & Arn.,NMPB_ONLY
PLANT-0542,BSI,440,Coix lacryma-jobi L.,MATCHED
PLANT-0542,NMPB,278,Coix lacryma-jobi L.,MATCHED
PLANT-0543,BSI,441,Colchicum luteum Baker,MATCHED
PLANT-0543,NMPB,279,Colchicum luteum Baker,MATCHED
PLANT-0544,BSI,442,Coldenia procumbens L.,BSI_ONLY
PLANT-0545,BSI,443,Colebrookea oppositifolia Sm.,BSI_ONLY
PLANT-0546,BSI,444,Coleus amboinicus Lour.,BSI_ONLY
PLANT-0547,BSI,445,Coleus scutallarioides (L.) Benth.,BSI_ONLY
PLANT-0548,NMPB,280,Coleus zeylanicus (Benth.) Cramer,NMPB_ONLY
PLANT-0549,BSI,446,Colocasia esculenta (L.) Schott,BSI_ONLY
PLANT-0550,NMPB,281,Combretum decandrum Roxb. non Jacq.,NMPB_ONLY
PLANT-0551,BSI,447,Combretum nanum Buch.-Ham. ex D.Don,BSI_ONLY
PLANT-0552,BSI,448,Combretum pilosum Roxb.,BSI_ONLY
PLANT-0553,BSI,449,Combretum roxburghii Spreng.,BSI_ONLY
PLANT-0554,BSI,450,Commelina benghalensis L.,BSI_ONLY
PLANT-0555,BSI,451,Commelina longifolia Lam.,BSI_ONLY
PLANT-0556,BSI,452,Commelina paludosa Blume,BSI_ONLY
PLANT-0557,NMPB,282,Commiphora caudata (Wight & Arn.),NMPB_ONLY
PLANT-0558,NMPB,283,Commiphora myrrha (T.Nees) Engl.,NMPB_ONLY
PLANT-0559,NMPB,284,Commiphora wightii (Arn.) Bhandari; [ = C. mukul (Hook. ex Stocks) Engl.],NMPB_ONLY
PLANT-0560,BSI,453,Conium maculatum L.,BSI_ONLY
PLANT-0561,BSI,454,Connarus monocarpus L.,BSI_ONLY
PLANT-0562,BSI,455,Consolida ambigua (L.) Ball. & Heywood,BSI_ONLY
PLANT-0563,BSI,456,Convolvulus arvensis L.,MATCHED
PLANT-0563,NMPB,285,Convolvulus arvensis L.,MATCHED
PLANT-0564,BSI,457,Convolvulus auricomus (A.Rich.) Bhandari,BSI_ONLY
PLANT-0565,BSI,458,Convolvulus microphyllus Sieb.ex Spreng.,MATCHED
PLANT-0565,NMPB,286,Convolvulus microphyllus Sieb.ex Spreng.,MATCHED
PLANT-0566,NMPB,287,Convolvulus scammonia L.,NMPB_ONLY
PLANT-0567,BSI,459,Coptis teeta Wall.,MATCHED
PLANT-0567,NMPB,288,Coptis teeta Wall.,MATCHED
PLANT-0568,NMPB,289,Corallocarpus epigaeus (Rottl. & Willd.),NMPB_ONLY
PLANT-0569,BSI,460,Corchorus aestuans L.,BSI_ONLY
PLANT-0570,BSI,461,Corchorus capsularis L.,BSI_ONLY
PLANT-0571,BSI,462,Corchorus depressus (L.) Stocks,MATCHED
PLANT-0571,NMPB,290,Corchorus depressus (L.) Stocks,MATCHED
PLANT-0572,BSI,463,Corchorus fascicularis L.,BSI_ONLY
PLANT-0573,BSI,464,Corchorus olitorius L.,BSI_ONLY
PLANT-0574,BSI,465,Corchorus trilocularis L.,MATCHED
PLANT-0574,NMPB,291,Corchorus trilocularis L.,MATCHED
PLANT-0575,BSI,466,Cordia dichotoma Forst.,MATCHED
PLANT-0575,NMPB,292,Cordia dichotoma Forst.,MATCHED
PLANT-0576,BSI,467,Cordia gharaf (Forst.) Ehrenb. ex Aschers.,BSI_ONLY
PLANT-0577,NMPB,293,Cordia monoica Roxb.; var. wallichii (G.Don) C.B.Clarke,NMPB_ONLY
PLANT-0578,BSI,468,Cordia myxa Roxb.,BSI_ONLY
PLANT-0579,BSI,470,Cordia obliqua Willd.,BSI_ONLY
PLANT-0580,BSI,471,Cordia vestita (DC) Hook.f. & Thomson,BSI_ONLY
PLANT-0581,NMPB,294,Cordia wallichii G.Don; [= Cordia obliqua Willd.; var. wallichii (G.Don) C.B.Clarke ],NMPB_ONLY
PLANT-0582,NMPB,295,Cordyceps sinensis (Berk.) Saac,NMPB_ONLY
PLANT-0583,BSI,472,Coriandrum sativum L.,MATCHED
PLANT-0583,NMPB,296,Coriandrum sativum L.,MATCHED
PLANT-0584,BSI,473,Coriaria nepalensis Wall.,BSI_ONLY
PLANT-0585,BSI,474,Corydalis govaniana Wall.,BSI_ONLY
PLANT-0586,BSI,475,Corydalis vaginans Royle,BSI_ONLY
PLANT-0587,BSI,476,Corylus jacquemontii Decne.,MATCHED
PLANT-0587,NMPB,297,Corylus jacquemontii Decne.,MATCHED
PLANT-0588,BSI,477,Coscinium fenestratum (Gaertn.) Colebr.,MATCHED
PLANT-0588,NMPB,298,Coscinium fenestratum (Gaertn.) Colebr.,MATCHED
PLANT-0589,BSI,478,Cosmostigma racemosum (Roxb.) Wight,BSI_ONLY
PLANT-0590,BSI,479,Costus speciosus (Koen. ex Retz.),MATCHED
PLANT-0590,NMPB,299,Costus speciosus (Koen. ex Retz.),MATCHED
PLANT-0591,BSI,480,Cotinus coggygria Scop.,BSI_ONLY
PLANT-0592,BSI,481,Cotoneaster bacillaris Wall. ex. Lindl.,BSI_ONLY
PLANT-0593,BSI,482,Cotoneaster microphylla Wall. ex. Lindl.,BSI_ONLY
PLANT-0594,BSI,483,Cotula anthemoides L.,BSI_ONLY
PLANT-0595,NMPB,300,Crataegus oxyacantha L.,NMPB_ONLY
PLANT-0596,BSI,484,Crataeva nurvula Buch-Ham.,BSI_ONLY
PLANT-0597,NMPB,301,Crataeva religiosa G.Forst.; [ = C. nurvula Buch. - Ham.],NMPB_ONLY
PLANT-0598,BSI,485,Cratoxylum cochinchinense (Lour.) Blume,BSI_ONLY
PLANT-0599,BSI,486,Crescentia cujute L.,BSI_ONLY
PLANT-0600,BSI,487,Cressa cretica L.,BSI_ONLY
PLANT-0601,BSI,488,Crinum asiaticum L.,BSI_ONLY
PLANT-0602,BSI,489,Crinum defixum Ker.-Gawl.,BSI_ONLY
PLANT-0603,BSI,490,Crinum latifolium L.,BSI_ONLY
PLANT-0604,BSI,491,Crocus sativus L.,MATCHED
PLANT-0604,NMPB,302,Crocus sativus L.,MATCHED
PLANT-0605,BSI,492,Crotalaria albida B.Heyne ex Roth.,BSI_ONLY
PLANT-0606,BSI,493,Crotalaria burhia Buch.-Ham ex Benth.,BSI_ONLY
PLANT-0607,BSI,494,Crotalaria juncea L.,MATCHED
PLANT-0607,NMPB,303,Crotalaria juncea L.,MATCHED
PLANT-0608,BSI,495,Crotalaria laburnifolia L.,BSI_ONLY
PLANT-0609,BSI,496,Crotalaria pallida Aiton,BSI_ONLY
PLANT-0610,BSI,497,Crotalaria prostrata Rottl. ex Willd.,BSI_ONLY
PLANT-0611,BSI,498,Crotalaria retusa L.,BSI_ONLY
PLANT-0612,BSI,499,Crotalaria sericea Retz.,BSI_ONLY
PLANT-0613,NMPB,304,Crotalaria verrucosa L.,NMPB_ONLY
PLANT-0614,BSI,500,Croton bonplandianum Baill.,BSI_ONLY
PLANT-0615,BSI,501,Croton caudatus Geisel.,BSI_ONLY
PLANT-0616,BSI,502,Croton oblongifolius Roxb.,MATCHED
PLANT-0616,NMPB,305,Croton oblongifolius Roxb.,MATCHED
PLANT-0617,BSI,503,Croton tiglium L.,MATCHED
PLANT-0617,NMPB,306,Croton tiglium L.,MATCHED
PLANT-0618,BSI,504,Cryptocarya wightiana Thwaites,BSI_ONLY
PLANT-0619,NMPB,307,Cryptocoryne spiralis (Retz.),NMPB_ONLY
PLANT-0620,BSI,505,Cryptolepis buchananii R.Br. ex Roem. & Schult.,MATCHED
PLANT-0620,NMPB,308,Cryptolepis buchananii R.Br. ex Roem. & Schult.,MATCHED
PLANT-0621,BSI,506,Cucubalus bacciferous L.,BSI_ONLY
PLANT-0622,BSI,507,Cucumis callosus (Rottl.) Cogn.,BSI_ONLY
PLANT-0623,BSI,508,Cucumis melo L.,MATCHED
PLANT-0623,NMPB,309,Cucumis melo L.,MATCHED
PLANT-0624,BSI,509,Cucumis prophetarum L.,BSI_ONLY
PLANT-0625,BSI,510,Cucumis sativus L.,MATCHED
PLANT-0625,NMPB,310,Cucumis sativus L.,MATCHED
PLANT-0626,NMPB,311,Cucumis trigonus Roxb.,NMPB_ONLY
PLANT-0627,BSI,511,Cucurbita maxima Duchesne,MATCHED
PLANT-0627,NMPB,312,Cucurbita maxima Duchesne,MATCHED
PLANT-0628,NMPB,313,Cucurbita moschata (Lam.),NMPB_ONLY
PLANT-0629,BSI,512,Cucurbita pepo L.,BSI_ONLY
PLANT-0630,NMPB,314,Cuminum cyminum L.,NMPB_ONLY
PLANT-0631,BSI,513,Cupressus sempervirens L.,BSI_ONLY
PLANT-0632,BSI,514,Curculigo orchioides Gaertn.,MATCHED
PLANT-0632,NMPB,315,Curculigo orchioides Gaertn.,MATCHED
PLANT-0633,NMPB,316,Curcuma amada Roxb.,NMPB_ONLY
PLANT-0634,BSI,515,Curcuma angustifolia Roxb.,MATCHED
PLANT-0634,NMPB,317,Curcuma angustifolia Roxb.,MATCHED
PLANT-0635,BSI,516,Curcuma aromatica Salisb.,MATCHED
PLANT-0635,NMPB,318,Curcuma aromatica Salisb.,MATCHED
PLANT-0636,NMPB,319,Curcuma caesia Roxb.,NMPB_ONLY
PLANT-0637,BSI,517,Curcuma leucorrhiza Roxb.,BSI_ONLY
PLANT-0638,BSI,518,Curcuma longa L.,MATCHED
PLANT-0638,NMPB,320,Curcuma longa L.,MATCHED
PLANT-0639,BSI,519,Curcuma rubescens Roxb.,BSI_ONLY
PLANT-0640,BSI,520,Curcuma zeodoria Roxb.,BSI_ONLY
PLANT-0641,NMPB,321,Curcuma zerumbet Roxb.; [= C. zedoaria (Christm.) Roscoe],NMPB_ONLY
PLANT-0642,BSI,521,Cuscuta chinensis Lam.,BSI_ONLY
PLANT-0643,BSI,522,Cuscuta hyalina Roth.,BSI_ONLY
PLANT-0644,BSI,523,Cuscuta reflexa Roxb.,MATCHED
PLANT-0644,NMPB,322,Cuscuta reflexa Roxb.,MATCHED
PLANT-0645,BSI,524,Cyathula prostrata Blume,MATCHED
PLANT-0645,NMPB,323,Cyathula prostrata Blume,MATCHED
PLANT-0646,BSI,525,Cycas circinalis L.,MATCHED
PLANT-0646,NMPB,324,Cycas circinalis L.,MATCHED
PLANT-0647,BSI,526,Cycas rumphii Miq.,BSI_ONLY
PLANT-0648,BSI,527,Cyclea peltata Hook.f. & Thomson,MATCHED
PLANT-0648,NMPB,325,Cyclea peltata Hook.f. & Thomson,MATCHED
PLANT-0649,BSI,528,Cydonia oblonga Mill.,BSI_ONLY
PLANT-0650,BSI,529,Cymbidium simulans Rolfe,BSI_ONLY
PLANT-0651,NMPB,326,Cymbopogon citratus (DC.) Stapf,NMPB_ONLY
PLANT-0652,BSI,530,Cymbopogon flexuosus (Nees ex Steud.) Will.Watson,MATCHED
PLANT-0652,NMPB,327,Cymbopogon flexuosus (Nees ex Steud.) Will.Watson,MATCHED
PLANT-0653,BSI,531,Cymbopogon jwarancusa (Jones) Schult.,BSI_ONLY
PLANT-0654,BSI,532,Cymbopogon martinii (Roxb.) Will.Watson,MATCHED
PLANT-0654,NMPB,328,Cymbopogon martinii (Roxb.) Will.Watson,MATCHED
PLANT-0655,BSI,533,Cymbopogon nardus (L.) Rendle,BSI_ONLY
PLANT-0656,BSI,534,Cymbopogon schoenanthus (L.) Spreng.,BSI_ONLY
PLANT-0657,BSI,535,Cynara scolymus L.,BSI_ONLY
PLANT-0658,BSI,536,Cynodon dactylon (L.) Pers.,MATCHED
PLANT-0658,NMPB,329,Cynodon dactylon (L.) Pers.,MATCHED
PLANT-0659,BSI,537,Cynoglossum glochidiatum Wall. ex Benth.,BSI_ONLY
PLANT-0660,BSI,538,Cynoglossum lanceolatum Forsk.,BSI_ONLY
PLANT-0661,BSI,539,Cynometra ramiflora L.,BSI_ONLY
PLANT-0662,BSI,540,Cyperus articulatus L.,BSI_ONLY
PLANT-0663,NMPB,330,Cyperus esculentus L.,NMPB_ONLY
PLANT-0664,BSI,541,Cyperus iria L.,BSI_ONLY
PLANT-0665,BSI,542,Cyperus rotundus L.,MATCHED
PLANT-0665,NMPB,331,Cyperus rotundus L.,MATCHED
PLANT-0666,NMPB,332,Cyperus scariosus R.Br.,NMPB_ONLY
PLANT-0667,BSI,543,Cyperus stoloniferous Retz.,BSI_ONLY
PLANT-0668,BSI,544,Cyperus triceps (Rottb.) Endl.,BSI_ONLY
PLANT-0669,BSI,545,Cyrtophyllum peregrinum Blume,BSI_ONLY
PLANT-0670,BSI,546,Cytisus scoparius Link.,BSI_ONLY
PLANT-0671,BSI,547,Dactyloctenium aegyptium (L.) Willd.,BSI_ONLY
PLANT-0672,BSI,548,Dactylorhiza hatagirea (D. Don) Soo,MATCHED
PLANT-0672,NMPB,333,Dactylorhiza hatagirea (D. Don) Soo,MATCHED
PLANT-0673,BSI,549,Dalbergia lanceolaria L.f.,BSI_ONLY
PLANT-0674,BSI,550,Dalbergia latifolia Roxb.,MATCHED
PLANT-0674,NMPB,334,Dalbergia latifolia Roxb.,MATCHED
PLANT-0675,BSI,551,Dalbergia pinnata (Lour.) Prain.,BSI_ONLY
PLANT-0676,BSI,552,Dalbergia sissoo Roxb. ex DC.,MATCHED
PLANT-0676,NMPB,335,Dalbergia sissoo Roxb. ex DC.,MATCHED
PLANT-0677,BSI,553,Dalbergia spinosa Roxb.,BSI_ONLY
PLANT-0678,BSI,554,Dalbergia stipulacea Roxb.,BSI_ONLY
PLANT-0679,BSI,555,Dalbergia volubilis Roxb.,BSI_ONLY
PLANT-0680,BSI,556,Daphne oleoides Schreb.,BSI_ONLY
PLANT-0681,BSI,557,Daphne papyracea Wall. ex Steud.,BSI_ONLY
PLANT-0682,BSI,558,Datisca cannabina L.,BSI_ONLY
PLANT-0683,NMPB,336,Datura arborea L.,NMPB_ONLY
PLANT-0684,BSI,559,Datura innoxia Mill.,MATCHED
PLANT-0684,NMPB,337,Datura innoxia Mill.,MATCHED
PLANT-0685,BSI,560,Datura metal L.,BSI_ONLY
PLANT-0686,NMPB,338,Datura metel L.,NMPB_ONLY
PLANT-0687,BSI,561,Datura stramonium L.,MATCHED
PLANT-0687,NMPB,339,Datura stramonium L.,MATCHED
PLANT-0688,BSI,562,Daucas carota L.,BSI_ONLY
PLANT-0689,NMPB,340,Daucus carota L. var. sativa DC.,NMPB_ONLY
PLANT-0690,BSI,563,Decalepis hamiltonii Wight & Arn.,MATCHED
PLANT-0690,NMPB,341,Decalepis hamiltonii Wight & Arn.,MATCHED
PLANT-0691,BSI,564,Deeringia amaranthoides Merill.,BSI_ONLY
PLANT-0692,BSI,565,Delonix elata (L.) Gamble,MATCHED
PLANT-0692,NMPB,342,Delonix elata (L.) Gamble,MATCHED
PLANT-0693,BSI,566,Delphinium brunonianum Royle,BSI_ONLY
PLANT-0694,BSI,567,Delphinium denudatum Wall. ex Hook.f. & Thomson,MATCHED
PLANT-0694,NMPB,343,Delphinium denudatum Wall. ex Hook.f. & Thomson,MATCHED
PLANT-0695,BSI,568,Delphinium vestitum Wall. ex Royle,BSI_ONLY
PLANT-0696,BSI,569,Dendrobium crumenatum Sw.,BSI_ONLY
PLANT-0697,NMPB,344,Dendrobium nobile Lindl.,NMPB_ONLY
PLANT-0698,BSI,570,Dendrobium ovatum (L.) Kraenzl.,BSI_ONLY
PLANT-0699,BSI,571,Dendrocalamus strictus (Roxb.) Nees,BSI_ONLY
PLANT-0700,BSI,572,Dendrocnide sinuata (Bl.) Chaw.,BSI_ONLY
PLANT-0701,BSI,573,Dendrophthoe elastica (Desr.) Danser,BSI_ONLY
PLANT-0702,BSI,574,Dendrophthoe falcata (L.f.) Ettingshausen,MATCHED
PLANT-0702,NMPB,345,Dendrophthoe falcata (L.f.) Ettingshausen,MATCHED
PLANT-0703,BSI,575,Derris ferruginea (Roxb.) Benth.,BSI_ONLY
PLANT-0704,BSI,576,Derris indica (Lam.) Bennet.,BSI_ONLY
PLANT-0705,BSI,577,Derris scandens (Roxb.) ex. Benth.,MATCHED
PLANT-0705,NMPB,346,Derris scandens (Roxb.) ex. Benth.,MATCHED
PLANT-0706,BSI,578,Derris trifoliata Lour.,BSI_ONLY
PLANT-0707,BSI,579,Descurainia sophia (L.) Webb ex Prantl,BSI_ONLY
PLANT-0708,BSI,580,Desmodium elegans DC.,BSI_ONLY
PLANT-0709,BSI,581,Desmodium gangeticum (L.) DC.,MATCHED
PLANT-0709,NMPB,347,Desmodium gangeticum (L.) DC.,MATCHED
PLANT-0710,BSI,582,Desmodium heterocarpon (L.) DC.,BSI_ONLY
PLANT-0711,BSI,583,Desmodium pulchellum (L.) Benth.,MATCHED
PLANT-0711,NMPB,348,Desmodium pulchellum (L.) Benth.,MATCHED
PLANT-0712,BSI,584,Desmodium triflorum (L.) DC.,MATCHED
PLANT-0712,NMPB,349,Desmodium triflorum (L.) DC.,MATCHED
PLANT-0713,BSI,585,Desmodium triquetrum (L.) DC.,BSI_ONLY
PLANT-0714,BSI,586,Desmos chinensis Lour.,BSI_ONLY
PLANT-0715,BSI,587,Desmos cochinchinensis Lour.,BSI_ONLY
PLANT-0716,BSI,588,Desmostachya bipinnata (L.) Stapf,MATCHED
PLANT-0716,NMPB,350,Desmostachya bipinnata (L.) Stapf,MATCHED
PLANT-0717,BSI,589,Dianthus anatolicus Boiss.,BSI_ONLY
PLANT-0718,BSI,590,Dianthus caryophyllus L.,BSI_ONLY
PLANT-0719,BSI,591,Dichroa febrifuga Lour.,BSI_ONLY
PLANT-0720,BSI,592,Dichrostachys cinerea (L.) Wight & Arn.,MATCHED
PLANT-0720,NMPB,351,Dichrostachys cinerea (L.) Wight & Arn.,MATCHED
PLANT-0721,BSI,593,Dicliptera bupleuroides Nees,BSI_ONLY
PLANT-0722,BSI,594,Dicoma tomentosa Cass.,BSI_ONLY
PLANT-0723,BSI,595,Dictamnus albus L.,BSI_ONLY
PLANT-0724,NMPB,352,Didymocarpus pedicellata R.Br.,NMPB_ONLY
PLANT-0725,BSI,596,Didymocarpus pedicillatus R.Br.,BSI_ONLY
PLANT-0726,BSI,597,Digera muricata (L.) Mart.,BSI_ONLY
PLANT-0727,BSI,598,Digitalis lanata Ehrh.,BSI_ONLY
PLANT-0728,BSI,599,Digitalis purpurea L.,BSI_ONLY
PLANT-0729,BSI,600,Dillenia indica L.,BSI_ONLY
PLANT-0730,NMPB,353,Dillenia pentagyna Roxb.,NMPB_ONLY
PLANT-0731,BSI,601,Dimocarpus longan Lour.,BSI_ONLY
PLANT-0732,BSI,602,Dinochloa andamanica Kurz,BSI_ONLY
PLANT-0733,BSI,603,Dioscorea alata L.,MATCHED
PLANT-0733,NMPB,354,Dioscorea alata L.,MATCHED
PLANT-0734,BSI,604,Dioscorea bulbifera L.,MATCHED
PLANT-0734,NMPB,355,Dioscorea bulbifera L.,MATCHED
PLANT-0735,BSI,605,Dioscorea deltoidea Wall. ex Kunth,MATCHED
PLANT-0735,NMPB,356,Dioscorea deltoidea Wall. ex Kunth,MATCHED
PLANT-0736,BSI,606,Dioscorea esculenta Burkill,BSI_ONLY
PLANT-0737,BSI,607,Dioscorea oppositifolia L.,MATCHED
PLANT-0737,NMPB,357,Dioscorea oppositifolia L.,MATCHED
PLANT-0738,BSI,608,Dioscorea pentaphylla L.,MATCHED
PLANT-0738,NMPB,358,Dioscorea pentaphylla L.,MATCHED
PLANT-0739,NMPB,359,Diospyros buxifolia (Blume) Hiern,NMPB_ONLY
PLANT-0740,BSI,609,Diospyros candolleana Wight,BSI_ONLY
PLANT-0741,BSI,610,Diospyros ebenum Koenig,MATCHED
PLANT-0741,NMPB,360,Diospyros ebenum Koenig,MATCHED
PLANT-0742,BSI,611,Diospyros exsculpta Buch.-Ham.,BSI_ONLY
PLANT-0743,BSI,612,Diospyros kaki L.f.,BSI_ONLY
PLANT-0744,NMPB,361,Diospyros lotus L.,NMPB_ONLY
PLANT-0745,BSI,613,Diospyros malabarica (Desr.) Kostel.,BSI_ONLY
PLANT-0746,BSI,614,Diospyros melanoxylon Roxb.,MATCHED
PLANT-0746,NMPB,362,Diospyros melanoxylon Roxb.,MATCHED
PLANT-0747,BSI,615,Diospyros montana Roxb.,BSI_ONLY
PLANT-0748,BSI,616,Diospyros paniculata Dalzell,BSI_ONLY
PLANT-0749,BSI,617,Diospyros toposia Buch.-Ham.,BSI_ONLY
PLANT-0750,BSI,618,Diploclisia glaucescens (Blume) Diels,BSI_ONLY
PLANT-0751,NMPB,363,Diplocyclos palmatus (L.) C.Jeffrey,NMPB_ONLY
PLANT-0752,BSI,619,Dipterocarpus indicus Bedd.,BSI_ONLY
PLANT-0753,BSI,620,Dipterocarpus turbinatus Gaertn.f.,BSI_ONLY
PLANT-0754,NMPB,364,Dodonaea angustifolia (L.f.) Benth.,NMPB_ONLY
PLANT-0755,BSI,621,Dodonaea viscosa (L.) Jacq.,BSI_ONLY
PLANT-0756,BSI,622,Dolichandrone falcata Seem.,BSI_ONLY
PLANT-0757,BSI,623,Dolichandrone spathacea K.Schum.,BSI_ONLY
PLANT-0758,NMPB,365,Dolichos biflorus L.; [= Macrotyloma uniflorum (Lam.),NMPB_ONLY
PLANT-0759,BSI,624,Dolichos trilobus L.,BSI_ONLY
PLANT-0760,BSI,625,Dolichos uniflorus Lam.,BSI_ONLY
PLANT-0761,NMPB,366,Dorema ammoniacum D.Don,NMPB_ONLY
PLANT-0762,BSI,626,Draba verna L.,BSI_ONLY
PLANT-0763,BSI,627,Dracocephalum moldavica L.,BSI_ONLY
PLANT-0764,BSI,628,Drosera burmanni Vahl,BSI_ONLY
PLANT-0765,BSI,629,Drosera peltata Sm.,MATCHED
PLANT-0765,NMPB,367,Drosera peltata Sm.,MATCHED
PLANT-0766,BSI,630,Drymaria cordata Willd.,BSI_ONLY
PLANT-0767,BSI,631,Drynaria quercifolia (L.) J.Sm.,BSI_ONLY
PLANT-0768,BSI,632,Dryobalanops aromatica Gaertn.f.,MATCHED
PLANT-0768,NMPB,368,Dryobalanops aromatica Gaertn.f.,MATCHED
PLANT-0769,BSI,633,Dryopteris filix-mas (L.) Schott.,MATCHED
PLANT-0769,NMPB,369,Dryopteris filix-mas (L.) Schott.,MATCHED
PLANT-0770,BSI,634,Dryopteris marginata (Wall. ex Christ.) Christ.,BSI_ONLY
PLANT-0771,NMPB,370,Drypetes roxburghii (Wall.) Hurus.; [= Putranjiva roxburghii Wall.],NMPB_ONLY
PLANT-0772,BSI,635,Drypetyes roxburghii (Wall.) Hurus.,BSI_ONLY
PLANT-0773,BSI,636,Durio zibethinus L.,BSI_ONLY
PLANT-0774,BSI,637,Dysoxylum alliarum (Buch.-Ham.) N.P.Balakr.,BSI_ONLY
PLANT-0775,BSI,638,Dysoxylum malabaricum Bedd.,MATCHED
PLANT-0775,NMPB,371,Dysoxylum malabaricum Bedd.,MATCHED
PLANT-0776,BSI,639,Ecballium elaterium L.,BSI_ONLY
PLANT-0777,BSI,640,Ecbolium viride (Forsk.) Alston,MATCHED
PLANT-0777,NMPB,372,Ecbolium viride (Forsk.) Alston,MATCHED
PLANT-0778,BSI,641,Echinochloa crusgalli (L.) Beauv,BSI_ONLY
PLANT-0779,BSI,642,Echinochloa frumentacea (Roxb.) Link.,BSI_ONLY
PLANT-0780,BSI,643,Echinochloa stagnina (Retz.) P.Beauv.,BSI_ONLY
PLANT-0781,BSI,644,Echinops echinatus Roxb.,MATCHED
PLANT-0781,NMPB,373,Echinops echinatus Roxb.,MATCHED
PLANT-0782,BSI,645,Eclipta alba (L.) Hassk.,BSI_ONLY
PLANT-0783,NMPB,374,Eclipta prostrata (L.) L.; [= E. alba Hassk.],NMPB_ONLY
PLANT-0784,BSI,646,Edgeworthia gardneri (Wall.) Meissn.,BSI_ONLY
PLANT-0785,BSI,647,Ehretia aspera Roxb.,BSI_ONLY
PLANT-0786,BSI,648,Elaeagnus angustifolia L.,BSI_ONLY
PLANT-0787,BSI,649,Elaeagnus latifolia L.,BSI_ONLY
PLANT-0788,BSI,650,Elaeagnus parvifolia Wall. ex Royle,BSI_ONLY
PLANT-0789,BSI,651,Elaeis guineensis Jacq.,BSI_ONLY
PLANT-0790,BSI,652,Elaeocarpus floribundus Blume,BSI_ONLY
PLANT-0791,BSI,653,Elaeocarpus serratus L.,BSI_ONLY
PLANT-0792,NMPB,375,Elaeocarpus sphaericus (Gaertn.) K.Schum.; [ = E. ganitrus Roxb.],NMPB_ONLY
PLANT-0793,BSI,654,Elaeocarpus tuberculatus Roxb.,BSI_ONLY
PLANT-0794,BSI,655,Elephantopus scaber L.,MATCHED
PLANT-0794,NMPB,376,Elephantopus scaber L.,MATCHED
PLANT-0795,NMPB,377,Elettaria cardamomum Maton,NMPB_ONLY
PLANT-0796,BSI,656,Eleusine coracana L.,BSI_ONLY
PLANT-0797,BSI,657,Eleusine indica (L.) Gaertn.,BSI_ONLY
PLANT-0798,NMPB,378,Eleutherococcus senticosus,NMPB_ONLY
PLANT-0799,BSI,658,Elsholtzia ciliata (Thunb.) Hyl.,BSI_ONLY
PLANT-0800,BSI,659,Embelia ribes Burm.f.,MATCHED
PLANT-0800,NMPB,379,Embelia ribes Burm.f.,MATCHED
PLANT-0801,BSI,660,Embelia tsjeriam-cottam A.DC.,MATCHED
PLANT-0801,NMPB,380,Embelia tsjeriam-cottam A.DC.,MATCHED
PLANT-0802,BSI,661,Emblica officinalis Gaertn.,MATCHED
PLANT-0802,NMPB,381,Emblica officinalis Gaertn.,MATCHED
PLANT-0803,BSI,662,Emilia sonchifolia (L.) DC.,MATCHED
PLANT-0803,NMPB,382,Emilia sonchifolia (L.) DC.,MATCHED
PLANT-0804,BSI,663,Enhydra fluctans Lour.,BSI_ONLY
PLANT-0805,BSI,664,Enicostema hyssopifolium (Willd.) I.Verd.,BSI_ONLY
PLANT-0806,NMPB,383,Enicostemma axillare (Lam.) Raynal; [ = E. littorale non Blume;,NMPB_ONLY
PLANT-0807,BSI,665,Entada pursaetha DC.,MATCHED
PLANT-0807,NMPB,384,Entada pursaetha DC.,MATCHED
PLANT-0808,NMPB,385,Ephedra equisetina Bunge,NMPB_ONLY
PLANT-0809,NMPB,386,Ephedra gerardiana Wall. ex J.A. Mey,NMPB_ONLY
PLANT-0810,BSI,666,Ephedra girardiana Wall. ex Stapf,BSI_ONLY
PLANT-0811,BSI,667,Ephedra intermedia Schrenk. & Mey,MATCHED
PLANT-0811,NMPB,387,Ephedra intermedia Schrenk. & Mey,MATCHED
PLANT-0812,NMPB,388,Ephedra sinica Stapf,NMPB_ONLY
PLANT-0813,BSI,668,Ephemerantha macraei (Lindl.) Hunt & Summerh,BSI_ONLY
PLANT-0814,BSI,669,Epilobium angustifolium L.,BSI_ONLY
PLANT-0815,BSI,670,Epilobium hirsutum L.,BSI_ONLY
PLANT-0816,BSI,672,Equisetum arvense L.,MATCHED
PLANT-0816,NMPB,389,Equisetum arvense L.,MATCHED
PLANT-0817,BSI,671,Equisetum debile Roxb. ex Vaucher,BSI_ONLY
PLANT-0818,BSI,673,Eranthemum roseum R.Br.,BSI_ONLY
PLANT-0819,BSI,674,Eria pannea Lindl.,BSI_ONLY
PLANT-0820,BSI,675,Erigeron asteroides Roxb.,BSI_ONLY
PLANT-0821,BSI,676,Erigeron canadensis L.,BSI_ONLY
PLANT-0822,BSI,677,Eriobotrya japonica (Thunb.) Lindl.,BSI_ONLY
PLANT-0823,BSI,678,Eriolaena quinquelocularis Wight,BSI_ONLY
PLANT-0824,BSI,679,Erodium cicutarium (L.) L'Herit ex Aiton,BSI_ONLY
PLANT-0825,BSI,680,Erodium moschatum L.'Herit,BSI_ONLY
PLANT-0826,BSI,681,Eruca sativa L.,BSI_ONLY
PLANT-0827,BSI,682,Ervatamia heyneana (Wall.) T. Cooke,BSI_ONLY
PLANT-0828,BSI,683,Erycibe paniculata Roxb.,BSI_ONLY
PLANT-0829,BSI,684,Eryngium foetidum L.,BSI_ONLY
PLANT-0830,BSI,685,Erysimum rependum L.,BSI_ONLY
PLANT-0831,BSI,686,Erythrina stricta Roxb.,BSI_ONLY
PLANT-0832,BSI,687,Erythrina suberosa Roxb.,MATCHED
PLANT-0832,NMPB,390,Erythrina suberosa Roxb.,MATCHED
PLANT-0833,BSI,688,Erythrina variegata L.,MATCHED
PLANT-0833,NMPB,391,Erythrina variegata L.,MATCHED
PLANT-0834,BSI,689,Erythroxylon coca Lam.,BSI_ONLY
PLANT-0835,BSI,690,Erythroxylon monogynum Roxb.,BSI_ONLY
PLANT-0836,BSI,691,Eucalyptus citridora Hook.,BSI_ONLY
PLANT-0837,NMPB,392,Eucalyptus citriodora Hook.,NMPB_ONLY
PLANT-0838,BSI,692,Eucalyptus globulus Labill.,MATCHED
PLANT-0838,NMPB,393,Eucalyptus globulus Labill.,MATCHED
PLANT-0839,NMPB,394,Eulaliopsis binata (Retz.) C.E.Hubb.,NMPB_ONLY
PLANT-0840,NMPB,395,Eulophia campestris Wall. ex Lindl.,NMPB_ONLY
PLANT-0841,BSI,693,Eulophia epidendraea C.E.C.Fisch.,BSI_ONLY
PLANT-0842,BSI,694,Eulophia herbacea Lindl.,BSI_ONLY
PLANT-0843,BSI,695,Eulophia nuda Lindl.,BSI_ONLY
PLANT-0844,BSI,696,Euonymus tingens Wall. ex Roxb.,BSI_ONLY
PLANT-0845,BSI,705,Euphorbia antiquorum L.,MATCHED
PLANT-0845,NMPB,396,Euphorbia antiquorum L.,MATCHED
PLANT-0846,BSI,706,Euphorbia dracunculoides Lam.,BSI_ONLY
PLANT-0847,BSI,707,Euphorbia fusiformis Buch.-Ham. ex D. Don,BSI_ONLY
PLANT-0848,BSI,708,Euphorbia granulata Forsk.,BSI_ONLY
PLANT-0849,BSI,709,Euphorbia helioscopia L.,BSI_ONLY
PLANT-0850,BSI,710,Euphorbia hirta L.,MATCHED
PLANT-0850,NMPB,397,Euphorbia hirta L.,MATCHED
PLANT-0851,BSI,711,Euphorbia hypericifolia L.,BSI_ONLY
PLANT-0852,BSI,697,Euphorbia microphylla B.Heyne ex Roth,BSI_ONLY
PLANT-0853,BSI,698,Euphorbia neriifolia L.,MATCHED
PLANT-0853,NMPB,398,Euphorbia neriifolia L.,MATCHED
PLANT-0854,BSI,699,Euphorbia nivulea Buch.-Ham.,BSI_ONLY
PLANT-0855,NMPB,399,Euphorbia nivulia Buch.-Ham.,NMPB_ONLY
PLANT-0856,BSI,700,Euphorbia pilosa L.,BSI_ONLY
PLANT-0857,BSI,701,Euphorbia rosea Retz.,BSI_ONLY
PLANT-0858,BSI,702,Euphorbia royleana Boiss.,BSI_ONLY
PLANT-0859,BSI,713,Euphorbia thomsoniana Boiss.,BSI_ONLY
PLANT-0860,BSI,703,Euphorbia thymifolia L.,MATCHED
PLANT-0860,NMPB,400,Euphorbia thymifolia L.,MATCHED
PLANT-0861,BSI,704,Euphorbia tirucalli L.,MATCHED
PLANT-0861,NMPB,401,Euphorbia tirucalli L.,MATCHED
PLANT-0862,NMPB,402,Euphorbia tortilis Rottler ex Ainslie,NMPB_ONLY
PLANT-0863,BSI,714,Euphrasia officinalis L.,BSI_ONLY
PLANT-0864,BSI,715,Euploca strigosa (Willd.) Diane & Hilger,BSI_ONLY
PLANT-0865,BSI,716,Euryale ferox Salisb.,MATCHED
PLANT-0865,NMPB,403,Euryale ferox Salisb.,MATCHED
PLANT-0866,BSI,717,Eurycoma longifolia Jack,BSI_ONLY
PLANT-0867,BSI,718,Evodia lunu-ankenda (Gaertn.) Merr.,BSI_ONLY
PLANT-0868,BSI,719,Evolvulus alsinoides (L.) L.,MATCHED
PLANT-0868,NMPB,404,Evolvulus alsinoides (L.) L.,MATCHED
PLANT-0869,BSI,720,Exacum bicolor Roxb.,BSI_ONLY
PLANT-0870,BSI,721,Exacum pedunculatum L.,BSI_ONLY
PLANT-0871,BSI,722,Exacum tetragonum Roxb.,BSI_ONLY
PLANT-0872,BSI,723,Excoecaria acerifolia Didr.,BSI_ONLY
PLANT-0873,BSI,724,Excoecaria agallocha L.,MATCHED
PLANT-0873,NMPB,405,Excoecaria agallocha L.,MATCHED
PLANT-0874,BSI,725,Fagonia cretica L.,MATCHED
PLANT-0874,NMPB,406,Fagonia cretica L.,MATCHED
PLANT-0875,BSI,726,Fagopyrum dibotrys (D. Don) Hara,BSI_ONLY
PLANT-0876,BSI,727,Fagopyrum esculentum Moench.,BSI_ONLY
PLANT-0877,BSI,728,Fagopyrum tataricum (L.) Gaertn.,BSI_ONLY
PLANT-0878,BSI,729,Fagraea racemosa Jack,BSI_ONLY
PLANT-0879,BSI,730,Farsetia hamiltonii Royle,BSI_ONLY
PLANT-0880,BSI,731,Farsetia jacquemontii Hook.f. & Thomson,BSI_ONLY
PLANT-0881,BSI,732,Ferula asa-foetida L.,BSI_ONLY
PLANT-0882,NMPB,407,Ferula assa-foetida L.,NMPB_ONLY
PLANT-0883,NMPB,408,Ferula foetida (Bunge) Regel.,NMPB_ONLY
PLANT-0884,BSI,733,Ferula galbaniflua Boiss. ex Buhse,BSI_ONLY
PLANT-0885,BSI,734,Ferula jaeschkeana Vatke,MATCHED
PLANT-0885,NMPB,409,Ferula jaeschkeana Vatke,MATCHED
PLANT-0886,BSI,735,Ferula narthex Boiss.,MATCHED
PLANT-0886,NMPB,410,Ferula narthex Boiss.,MATCHED
PLANT-0887,BSI,736,Ficus amplissima Sm.,BSI_ONLY
PLANT-0888,BSI,737,Ficus arnottiana (Miq.) Miq.,MATCHED
PLANT-0888,NMPB,411,Ficus arnottiana (Miq.) Miq.,MATCHED
PLANT-0889,BSI,738,Ficus benghalensis L.,MATCHED
PLANT-0889,NMPB,412,Ficus benghalensis L.,MATCHED
PLANT-0890,BSI,739,Ficus benjamina L.,BSI_ONLY
PLANT-0891,BSI,740,Ficus carica L.,MATCHED
PLANT-0891,NMPB,413,Ficus carica L.,MATCHED
PLANT-0892,BSI,741,Ficus dalhousiae Miq.,BSI_ONLY
PLANT-0893,BSI,742,Ficus exasperata Vahl,BSI_ONLY
PLANT-0894,BSI,743,Ficus fistulosa Reinw.,BSI_ONLY
PLANT-0895,NMPB,414,Ficus gibbosa Blume,NMPB_ONLY
PLANT-0896,BSI,744,Ficus heterophylla L.f.,BSI_ONLY
PLANT-0897,BSI,745,Ficus hispida L.f.,BSI_ONLY
PLANT-0898,BSI,746,Ficus microcarpa L.f.,BSI_ONLY
PLANT-0899,NMPB,415,Ficus mollis Vahl,NMPB_ONLY
PLANT-0900,BSI,747,Ficus palmata Forsk.,BSI_ONLY
PLANT-0901,BSI,748,Ficus racemosa L.,MATCHED
PLANT-0901,NMPB,416,Ficus racemosa L.,MATCHED
PLANT-0902,BSI,749,Ficus religiosa L.,MATCHED
PLANT-0902,NMPB,417,Ficus religiosa L.,MATCHED
PLANT-0903,BSI,750,Ficus ribes Reinw. ex Blume,BSI_ONLY
PLANT-0904,BSI,751,Ficus rumphii Blume,BSI_ONLY
PLANT-0905,BSI,752,Ficus semicordata Buch.-Ham. ex Sm.,BSI_ONLY
PLANT-0906,BSI,753,Ficus talbotii King,BSI_ONLY
PLANT-0907,BSI,754,Ficus tinctoria G.Forst.,BSI_ONLY
PLANT-0908,NMPB,418,Ficus tsiela Roxb. ex Buch.-Ham.,NMPB_ONLY
PLANT-0909,NMPB,419,Ficus tsjakela Burm.f.,NMPB_ONLY
PLANT-0910,BSI,755,Ficus virens Aiton,BSI_ONLY
PLANT-0911,BSI,756,Fimbristylis falcata (Vahl) Kunth,BSI_ONLY
PLANT-0912,BSI,757,Flacourtia indica (Burm.f.) Merr.,MATCHED
PLANT-0912,NMPB,420,Flacourtia indica (Burm.f.) Merr.,MATCHED
PLANT-0913,BSI,758,Flacourtia jangomas (Lour.) Raeusch.,MATCHED
PLANT-0913,NMPB,421,Flacourtia jangomas (Lour.) Raeusch.,MATCHED
PLANT-0914,BSI,759,Flagellaria indica L.,BSI_ONLY
PLANT-0915,BSI,760,Flemingia chappar Buch.-Ham. ex Benth.,MATCHED
PLANT-0915,NMPB,422,Flemingia chappar Buch.-Ham. ex Benth.,MATCHED
PLANT-0916,NMPB,423,Flemingia grahamiana Wight & Arn.,NMPB_ONLY
PLANT-0917,BSI,761,Flemingia macrophylla (Willd.) Prain ex Merill.,MATCHED
PLANT-0917,NMPB,424,Flemingia macrophylla (Willd.) Prain ex Merill.,MATCHED
PLANT-0918,BSI,762,Flemingia nana Roxb.,BSI_ONLY
PLANT-0919,NMPB,425,Flemingia semialata Roxb. ex,NMPB_ONLY
PLANT-0920,BSI,763,Flemingia strobilifera (L.) W.T.Aiton,BSI_ONLY
PLANT-0921,BSI,764,Flemingia tuberosa Dalzell,BSI_ONLY
PLANT-0922,NMPB,426,Flickingeria fugax (Rchb.f.) Seidenf.,NMPB_ONLY
PLANT-0923,NMPB,427,Flickingeria macraei (Lindl.) Seidenf.; [ = Ephemerantha macraei (Lindl.),NMPB_ONLY
PLANT-0924,NMPB,428,Flickingeria nodosa (Dalz.) Seidenf.; [= Dendrobium macraei,NMPB_ONLY
PLANT-0925,NMPB,429,Flueggea microcarpa Blume,NMPB_ONLY
PLANT-0926,BSI,765,Foeniculum vulgare Mill.,MATCHED
PLANT-0926,NMPB,430,Foeniculum vulgare Mill.,MATCHED
PLANT-0927,BSI,766,Frankenia pulverulenta L.,BSI_ONLY
PLANT-0928,BSI,767,Fraxinus floribunda Wall. ex Roxb.,BSI_ONLY
PLANT-0929,BSI,768,Fraxinus hookeri Wenz.,BSI_ONLY
PLANT-0930,BSI,769,Fraxinus ornus L.,BSI_ONLY
PLANT-0931,BSI,770,Fritillaria cirrhosa D.Don,BSI_ONLY
PLANT-0932,BSI,771,Fritillaria imperialis L.,BSI_ONLY
PLANT-0933,NMPB,431,Fritillaria roylei Hook.,NMPB_ONLY
PLANT-0934,BSI,772,Fucus vesiculosus L.,BSI_ONLY
PLANT-0935,BSI,773,Fumaria indica (Hausskn.) Pugsley,MATCHED
PLANT-0935,NMPB,432,Fumaria indica (Hausskn.) Pugsley,MATCHED
PLANT-0936,NMPB,433,Fumaria officinalis L.,NMPB_ONLY
PLANT-0937,BSI,774,Fumaria parviflora Lam.,BSI_ONLY
PLANT-0938,BSI,775,Galeopsis tetrahit L.,BSI_ONLY
PLANT-0939,BSI,776,Galium aparine L.,BSI_ONLY
PLANT-0940,BSI,777,Galium elegans Wall.,BSI_ONLY
PLANT-0941,BSI,778,Galium verum L.,BSI_ONLY
PLANT-0942,BSI,779,Garcinia cambogia (Gaertn.) Desr.,BSI_ONLY
PLANT-0943,BSI,780,Garcinia cowa Roxb.,BSI_ONLY
PLANT-0944,NMPB,434,Garcinia gummi-gutta (L.) N.Robson; [ = G. cambogia (Gaertn.) Desr.],NMPB_ONLY
PLANT-0945,BSI,781,Garcinia indica (Dupetit- Thouars) Chois.,MATCHED
PLANT-0945,NMPB,435,Garcinia indica (Dupetit- Thouars) Chois.,MATCHED
PLANT-0946,BSI,782,Garcinia mangostana L.,BSI_ONLY
PLANT-0947,BSI,783,Garcinia morella (Gaertn.) Desr.,MATCHED
PLANT-0947,NMPB,436,Garcinia morella (Gaertn.) Desr.,MATCHED
PLANT-0948,BSI,784,Garcinia pedunculata Roxb.,MATCHED
PLANT-0948,NMPB,437,Garcinia pedunculata Roxb.,MATCHED
PLANT-0949,BSI,785,Garcinia tinctoria (DC.) W.Wight,BSI_ONLY
PLANT-0950,BSI,786,Gardenia campanulata Roxb.,BSI_ONLY
PLANT-0951,BSI,787,Gardenia gummifera L.f.,MATCHED
PLANT-0951,NMPB,438,Gardenia gummifera L.f.,MATCHED
PLANT-0952,BSI,788,Gardenia jasminoides J.Ellis,BSI_ONLY
PLANT-0953,BSI,789,Gardenia resinifera Roth,MATCHED
PLANT-0953,NMPB,439,Gardenia resinifera Roth,MATCHED
PLANT-0954,BSI,790,Gardenia turgida Roxb.,BSI_ONLY
PLANT-0955,BSI,791,Garuga pinnata Roxb.,MATCHED
PLANT-0955,NMPB,440,Garuga pinnata Roxb.,MATCHED
PLANT-0956,BSI,792,Gaultheria fragrantissima Wall.,BSI_ONLY
PLANT-0957,BSI,793,Gelonium multiflorum A.Juss.,BSI_ONLY
PLANT-0958,NMPB,441,Gentiana kurroo Royle,NMPB_ONLY
PLANT-0959,NMPB,442,Geophila reniformis D.Don; [ = G. repens (L.) I.M.Johnst],NMPB_ONLY
PLANT-0960,BSI,794,Geranium lucidum L.,BSI_ONLY
PLANT-0961,BSI,795,Geranium mascatense Boiss.,BSI_ONLY
PLANT-0962,BSI,796,Geranium molle L.,BSI_ONLY
PLANT-0963,BSI,797,Geranium nepalense L.,BSI_ONLY
PLANT-0964,BSI,799,Geranium pusillum Burm.f.,BSI_ONLY
PLANT-0965,BSI,800,Geranium robertianum L.,BSI_ONLY
PLANT-0966,BSI,801,Geranium rotundifolium L.,BSI_ONLY
PLANT-0967,BSI,802,Geranium wallichianum D.Don ex Sweet,BSI_ONLY
PLANT-0968,BSI,803,Gerbera piloselloides (L.) Cass.,BSI_ONLY
PLANT-0969,BSI,804,Geum elatum Wall. ex. G.Don,BSI_ONLY
PLANT-0970,BSI,805,Girardinia diversifolia (Link.) Friis,BSI_ONLY
PLANT-0971,NMPB,443,Girardinia heterophylla Decne.; [ = G. diversifolia (Link) Friis],NMPB_ONLY
PLANT-0972,BSI,806,Gironniera cuspidata (Blume) Planch. ex Kurz,BSI_ONLY
PLANT-0973,BSI,807,Gisekia pharmaceoides L.,BSI_ONLY
PLANT-0974,NMPB,444,Givotia rottleriformis Griff. ex Wight,NMPB_ONLY
PLANT-0975,BSI,808,Gleditsia triacanthos L.,BSI_ONLY
PLANT-0976,BSI,809,Glinus lotoides L.,MATCHED
PLANT-0976,NMPB,445,Glinus lotoides L.,MATCHED
PLANT-0977,BSI,810,Glinus oppositifolius (L.) A.DC.,MATCHED
PLANT-0977,NMPB,446,Glinus oppositifolius (L.) A.DC.,MATCHED
PLANT-0978,BSI,811,Glochidion hohenackeri Bedd.,BSI_ONLY
PLANT-0979,BSI,812,Glochidion zeylanicum (Gaertn.) A.Juss.,BSI_ONLY
PLANT-0980,BSI,813,Gloriosa superba L.,MATCHED
PLANT-0980,NMPB,447,Gloriosa superba L.,MATCHED
PLANT-0981,NMPB,448,Glossocardia bosvallea (L.f.) DC.,NMPB_ONLY
PLANT-0982,BSI,814,Glossocardia bosvallia (L.f.) DC.,BSI_ONLY
PLANT-0983,BSI,815,Glossogyne bidens (Retz.) Alston,BSI_ONLY
PLANT-0984,BSI,816,Glycine max (L.) Merr.,BSI_ONLY
PLANT-0985,BSI,817,Glycirrhiza glabra L.,BSI_ONLY
PLANT-0986,BSI,818,Glycosmis arborea (Roxb.) DC.,MATCHED
PLANT-0986,NMPB,449,Glycosmis arborea (Roxb.) DC.,MATCHED
PLANT-0987,NMPB,450,Glycyrrhiza glabra L.,NMPB_ONLY
PLANT-0988,NMPB,451,Glycyrrhiza uralensis DC.,NMPB_ONLY
PLANT-0989,BSI,819,Gmelina arborea Roxb.,MATCHED
PLANT-0989,NMPB,452,Gmelina arborea Roxb.,MATCHED
PLANT-0990,BSI,820,Gmelina asiatica L.,MATCHED
PLANT-0990,NMPB,453,Gmelina asiatica L.,MATCHED
PLANT-0991,BSI,821,Gnaphalium luteo-album L.,BSI_ONLY
PLANT-0992,BSI,822,Gnidia glauca (Fresen.) Gilg.,BSI_ONLY
PLANT-0993,BSI,823,Gordonia obtusa Wall. ex Wight & Arn.,BSI_ONLY
PLANT-0994,BSI,824,Gossypium arboreum L.,MATCHED
PLANT-0994,NMPB,454,Gossypium arboreum L.,MATCHED
PLANT-0995,BSI,825,Gossypium herbaceum L.,MATCHED
PLANT-0995,NMPB,455,Gossypium herbaceum L.,MATCHED
PLANT-0996,NMPB,456,Gossypium hirsutum L.,NMPB_ONLY
PLANT-0997,BSI,826,Gouania leptostachya DC.,BSI_ONLY
PLANT-0998,NMPB,457,Gouania microcarpa DC.,NMPB_ONLY
PLANT-0999,NMPB,458,Grewia elastica Royle; [= Grewia asiatica L. var. vestita Mast.],NMPB_ONLY
PLANT-1000,BSI,827,Grewia hirsuta Vahl,BSI_ONLY
PLANT-1001,NMPB,460,Grewia microcos L.,NMPB_ONLY
PLANT-1002,BSI,828,Grewia sclerophylla Roxb. ex G.Don,BSI_ONLY
PLANT-1003,BSI,829,Grewia subinaequalis DC.,MATCHED
PLANT-1003,NMPB,459,Grewia subinaequalis DC.,MATCHED
PLANT-1004,BSI,830,Grewia tenax (Forsk.) Fiori,BSI_ONLY
PLANT-1005,BSI,831,Grewia tiliifolia Vahl,BSI_ONLY
PLANT-1006,BSI,832,Grewia villosa Willd,BSI_ONLY
PLANT-1007,BSI,833,Guaiacum officinale L.,BSI_ONLY
PLANT-1008,BSI,834,Guazuma ulmifolia Lam.,BSI_ONLY
PLANT-1009,BSI,835,Guettarda speciosa L.,BSI_ONLY
PLANT-1010,BSI,836,Gymnema sylvestre (Retz.) Schult.,MATCHED
PLANT-1010,NMPB,461,Gymnema sylvestre (Retz.) Schult.,MATCHED
PLANT-1011,BSI,837,Gymnopetalum cochinchinensis (Lour.) Kurz,BSI_ONLY
PLANT-1012,BSI,838,Gymnostachyum febrifugum Benth.,BSI_ONLY
PLANT-1013,BSI,839,Gynocardia odorata R.Br.,BSI_ONLY
PLANT-1014,BSI,840,Habenaria commelinifolia (Roxb.) Wall. ex Lindl.,BSI_ONLY
PLANT-1015,NMPB,462,Habenaria edgeworthii Hook.f.,NMPB_ONLY
PLANT-1016,BSI,841,Haematoxylum campechianum L.,BSI_ONLY
PLANT-1017,BSI,842,Haldina cordifolia (Rioxb.) Ridsdale,BSI_ONLY
PLANT-1018,BSI,843,Haloxylon griffithii DC.,BSI_ONLY
PLANT-1019,BSI,844,Haloxylon recurvum (Moq.) Bunge ex. Boiss.,BSI_ONLY
PLANT-1020,BSI,845,Haloxylon salicornicum(Moq.) Bunge ex. Boiss.,BSI_ONLY
PLANT-1021,BSI,846,Haplanthus tentaculatus Nees,BSI_ONLY
PLANT-1022,BSI,847,Haplanthus vericillatus Nees,BSI_ONLY
PLANT-1023,BSI,848,Harpullia arborea (Blanco) Radlk.,BSI_ONLY
PLANT-1024,NMPB,463,Hedychium acuminatum Roscoe,NMPB_ONLY
PLANT-1025,BSI,849,Hedychium coronarium Koenig. ex Retz.,MATCHED
PLANT-1025,NMPB,464,Hedychium coronarium Koenig. ex Retz.,MATCHED
PLANT-1026,NMPB,465,Hedychium spicatum Sm.; [ = Oldenlandia corymbosa L.],NMPB_ONLY
PLANT-1027,NMPB,466,Hedyotis corymbosa (L.) Lam.,NMPB_ONLY
PLANT-1028,NMPB,467,Hedyotis herbacea L.,NMPB_ONLY
PLANT-1029,NMPB,468,Hedyotis puberula (G.Don) Arn.; [ = Oldenlandia umbellata L.],NMPB_ONLY
PLANT-1030,BSI,850,Hedyotis scandens Roxb. ex D.Don,BSI_ONLY
PLANT-1031,BSI,851,Hedyotis umbellata (L.) Lam.,BSI_ONLY
PLANT-1032,BSI,852,Hedyotis verticillata (L.) Lam.,BSI_ONLY
PLANT-1033,BSI,853,Helianthus annuus L.,MATCHED
PLANT-1033,NMPB,469,Helianthus annuus L.,MATCHED
PLANT-1034,BSI,854,Helianthus tuberosus L.,BSI_ONLY
PLANT-1035,BSI,855,Helicteres isora L.,MATCHED
PLANT-1035,NMPB,470,Helicteres isora L.,MATCHED
PLANT-1036,BSI,856,Heliotropium bacciferum Forsk.,BSI_ONLY
PLANT-1037,BSI,857,Heliotropium curassavicum L.,BSI_ONLY
PLANT-1038,BSI,858,Heliotropium ellipticum Ledeb.,BSI_ONLY
PLANT-1039,BSI,859,Heliotropium indicum L.,MATCHED
PLANT-1039,NMPB,471,Heliotropium indicum L.,MATCHED
PLANT-1040,BSI,860,Heliotropium ovalifolium Forsk.,BSI_ONLY
PLANT-1041,BSI,861,Heliotropium strigosum Willd.,BSI_ONLY
PLANT-1042,NMPB,472,Helleborus niger L.,NMPB_ONLY
PLANT-1043,BSI,862,Hemerocallis fulva L.,BSI_ONLY
PLANT-1044,BSI,863,Hemidesmus indicus (L.) R.Br.,MATCHED
PLANT-1044,NMPB,473,Hemidesmus indicus (L.) R.Br.,MATCHED
PLANT-1045,NMPB,474,Hemionitis arifolia (Burm.) Moore,NMPB_ONLY
PLANT-1046,NMPB,475,Heracleum candolleanum (Wight &,NMPB_ONLY
PLANT-1047,BSI,864,Heracleum lanatum Michx.,MATCHED
PLANT-1047,NMPB,476,Heracleum lanatum Michx.,MATCHED
PLANT-1048,NMPB,477,Heracleum rigens DC.,NMPB_ONLY
PLANT-1049,BSI,865,Heritiera littoralis L.,BSI_ONLY
PLANT-1050,BSI,866,Herniaria glabra L.,BSI_ONLY
PLANT-1051,BSI,867,Herniaria hirsuta L.,BSI_ONLY
PLANT-1052,BSI,868,Heterophragma quadriloculare (Roxb.) Schum.,BSI_ONLY
PLANT-1053,BSI,869,Heteropogon contortus (L.) P.Beauv. ex Roem. & Schult.,BSI_ONLY
PLANT-1054,BSI,870,Hibiscus cannabinus L.,BSI_ONLY
PLANT-1055,BSI,871,Hibiscus furcatus Willd.,BSI_ONLY
PLANT-1056,BSI,872,Hibiscus mutabilis L.,BSI_ONLY
PLANT-1057,BSI,873,Hibiscus ovalifolius (Forsk.) Vahl,BSI_ONLY
PLANT-1058,BSI,874,Hibiscus rosa-sinensis L.,MATCHED
PLANT-1058,NMPB,478,Hibiscus rosa-sinensis L.,MATCHED
PLANT-1059,BSI,875,Hibiscus sabdariffa L.,BSI_ONLY
PLANT-1060,BSI,876,Hibiscus surattensis L.,MATCHED
PLANT-1060,NMPB,479,Hibiscus surattensis L.,MATCHED
PLANT-1061,BSI,877,Hibiscus syriacus L.,BSI_ONLY
PLANT-1062,BSI,878,Hibiscus tiliaceus L.,MATCHED
PLANT-1062,NMPB,480,Hibiscus tiliaceus L.,MATCHED
PLANT-1063,BSI,879,Hibiscus trionum L.,BSI_ONLY
PLANT-1064,BSI,880,Hieracium vulgatum Fr.,BSI_ONLY
PLANT-1065,BSI,881,Hierochloe laxa R.Br.,BSI_ONLY
PLANT-1066,BSI,882,Hippohae tibetana Schlecht.,BSI_ONLY
PLANT-1067,NMPB,481,Hippophae rhamnoides L.,NMPB_ONLY
PLANT-1068,NMPB,482,Hippophae salicifolia D.Don,NMPB_ONLY
PLANT-1069,BSI,883,Hiptage benghalensis (L.) Kurz,BSI_ONLY
PLANT-1070,BSI,884,Holarrhena antudysentrica (Roth) DC.,BSI_ONLY
PLANT-1071,BSI,886,Holarrhena mitis R.Br.,BSI_ONLY
PLANT-1072,NMPB,483,Holarrhena pubescens (Buch.-Ham.),NMPB_ONLY
PLANT-1073,BSI,887,Holigrana arnottiana Hook.f.,BSI_ONLY
PLANT-1074,BSI,888,Holigrana longifolia Buch.-Ham. ex Roxb.,BSI_ONLY
PLANT-1075,BSI,889,Holoptelea integrifolia (Roxb.) Planch,MATCHED
PLANT-1075,NMPB,484,Holoptelea integrifolia (Roxb.) Planch,MATCHED
PLANT-1076,BSI,890,Holostemma ada-kodien Schult.,MATCHED
PLANT-1076,NMPB,485,Holostemma ada-kodien Schult.,MATCHED
PLANT-1077,BSI,891,Holostemma rheedii Wall.,BSI_ONLY
PLANT-1078,BSI,892,Holosteum umbellatum L.,BSI_ONLY
PLANT-1079,BSI,893,Homalomena aromatica Schott,BSI_ONLY
PLANT-1080,NMPB,486,Homonoia riparia Lour.,NMPB_ONLY
PLANT-1081,BSI,894,Homonoia riperia Lour.,BSI_ONLY
PLANT-1082,BSI,895,Hopea odorata Roxb.,BSI_ONLY
PLANT-1083,BSI,896,Hoppea dichotoma Hayne ex Willd.,BSI_ONLY
PLANT-1084,BSI,897,Hordeum vulgare L.,MATCHED
PLANT-1084,NMPB,487,Hordeum vulgare L.,MATCHED
PLANT-1085,BSI,898,Horsfieldia irya (Gaertn.) Warb.,BSI_ONLY
PLANT-1086,BSI,899,Horsfieldia kingii (Hook.f.) Warb.,BSI_ONLY
PLANT-1087,BSI,900,Houttuynia cordata Thunb.,BSI_ONLY
PLANT-1088,BSI,901,Hovenia acerba Lindl.,BSI_ONLY
PLANT-1089,BSI,902,Hugonia mystax L.,MATCHED
PLANT-1089,NMPB,488,Hugonia mystax L.,MATCHED
PLANT-1090,BSI,903,Humboldtia vahliana Wight,BSI_ONLY
PLANT-1091,BSI,904,Hura crepitans L.,BSI_ONLY
PLANT-1092,BSI,905,Hybanthus enneaspermus (L.) F.Muell.,MATCHED
PLANT-1092,NMPB,489,Hybanthus enneaspermus (L.) F.Muell.,MATCHED
PLANT-1093,BSI,906,Hydnocarpus kurzii (King) Warb.,MATCHED
PLANT-1093,NMPB,490,Hydnocarpus kurzii (King) Warb.,MATCHED
PLANT-1094,BSI,907,Hydnocarpus pentandra (Buch.-Ham.) Oken,BSI_ONLY
PLANT-1095,NMPB,491,Hydnocarpus pentandrus,NMPB_ONLY
PLANT-1096,BSI,908,Hydrangea aspera Buch.-Ham ex. D.Don,BSI_ONLY
PLANT-1097,BSI,909,Hydrangea macrophylla (Thunb.) Ser.,BSI_ONLY
PLANT-1098,BSI,910,Hydrocharis dubia (Blume) Backer,BSI_ONLY
PLANT-1099,BSI,911,Hydrocotyl javanica Thunb.,BSI_ONLY
PLANT-1100,BSI,912,Hydrocotyl sibthorpioides Lam.,BSI_ONLY
PLANT-1101,NMPB,492,Hydrocotyle javanica Thunb.,NMPB_ONLY
PLANT-1102,BSI,913,Hydrolea zeylanica Vahl,BSI_ONLY
PLANT-1103,BSI,914,Hygrophila auriculata (K. Schum.) Heine,BSI_ONLY
PLANT-1104,BSI,915,Hygrophila salicifolia (Vahl) Nees,BSI_ONLY
PLANT-1105,NMPB,493,Hygrophila schulli (Buch.-Ham.); [= H. auriculata (Schumach.) Heine;,NMPB_ONLY
PLANT-1106,BSI,916,Hygroryza aristata (Retz.) Nees ex Wight & Arn.,MATCHED
PLANT-1106,NMPB,494,Hygroryza aristata (Retz.) Nees ex Wight & Arn.,MATCHED
PLANT-1107,NMPB,495,Hymenodictyon excelsum (Roxb.) Wall.,NMPB_ONLY
PLANT-1108,BSI,917,Hymenodictyon orixense (Roxb.) Mabberley,BSI_ONLY
PLANT-1109,NMPB,496,Hyoscyamus muticus L.,NMPB_ONLY
PLANT-1110,BSI,918,Hyoscyamus niger L.,MATCHED
PLANT-1110,NMPB,497,Hyoscyamus niger L.,MATCHED
PLANT-1111,BSI,919,Hypericum laxum (Blume) Koidzumi,BSI_ONLY
PLANT-1112,BSI,920,Hypericum perforatum L.,MATCHED
PLANT-1112,NMPB,498,Hypericum perforatum L.,MATCHED
PLANT-1113,BSI,921,Hypericum uralum Buch.- Ham. ex D.Don,BSI_ONLY
PLANT-1114,BSI,922,Hypoxis aurea Lour.,BSI_ONLY
PLANT-1115,BSI,923,Hyptis capitata Jacq.,BSI_ONLY
PLANT-1116,BSI,924,Hyptis suaveolens (L.) Poit.,BSI_ONLY
PLANT-1117,BSI,925,Hyssopus officinalis Lam.,MATCHED
PLANT-1117,NMPB,499,Hyssopus officinalis Lam.,MATCHED
PLANT-1118,BSI,926,Iberis amara L.,BSI_ONLY
PLANT-1119,BSI,927,Ichnocarpus frutescens R.Br.,MATCHED
PLANT-1119,NMPB,500,Ichnocarpus frutescens R.Br.,MATCHED
PLANT-1120,BSI,928,Ilex paraguariensis A.St.-Hil.,BSI_ONLY
PLANT-1121,NMPB,501,Illicium griffithii Hook.f. & Thomson,NMPB_ONLY
PLANT-1122,NMPB,502,Illicium verum Hook.f.,NMPB_ONLY
PLANT-1123,BSI,929,Impatiens balsamina L.,BSI_ONLY
PLANT-1124,BSI,930,Impatiens chinensis L.,BSI_ONLY
PLANT-1125,BSI,931,Impatiens tripetala Roxb. ex DC.,BSI_ONLY
PLANT-1126,NMPB,503,Imperata cylindrica (L.) Raeusch.,NMPB_ONLY
PLANT-1127,BSI,932,Indigofera aspalathoides Vahl ex DC.,BSI_ONLY
PLANT-1128,BSI,933,Indigofera astragalina DC.,BSI_ONLY
PLANT-1129,BSI,934,Indigofera cassioides Rottl. ex DC.,BSI_ONLY
PLANT-1130,BSI,935,Indigofera coerulea Roxb.,BSI_ONLY
PLANT-1131,BSI,936,Indigofera glabra L.,BSI_ONLY
PLANT-1132,BSI,937,Indigofera glandulosa Willd.,BSI_ONLY
PLANT-1133,BSI,938,Indigofera linifolia (L.f.) Retz.,BSI_ONLY
PLANT-1134,BSI,939,Indigofera linnaei Ali,BSI_ONLY
PLANT-1135,BSI,940,Indigofera oblongifolia Forsk.,BSI_ONLY
PLANT-1136,BSI,941,Indigofera suffruticosa Mill.,BSI_ONLY
PLANT-1137,BSI,942,Indigofera tinctoria L.,MATCHED
PLANT-1137,NMPB,504,Indigofera tinctoria L.,MATCHED
PLANT-1138,BSI,943,Indigofera trifoliata L.,BSI_ONLY
PLANT-1139,BSI,944,Indigofera trita L.f.,BSI_ONLY
PLANT-1140,BSI,945,Inula graveolens Desf.,BSI_ONLY
PLANT-1141,NMPB,505,Inula racemosa Hook.f.,NMPB_ONLY
PLANT-1142,BSI,946,Inula recemosa Hook.f.,BSI_ONLY
PLANT-1143,NMPB,506,Inula royleana DC.,NMPB_ONLY
PLANT-1144,BSI,947,Ipomoea alba L.,BSI_ONLY
PLANT-1145,BSI,948,Ipomoea aquatica Forsk.,BSI_ONLY
PLANT-1146,BSI,949,Ipomoea batatas (L.) Lam.,BSI_ONLY
PLANT-1147,BSI,950,Ipomoea cairica (L.) Sweet,BSI_ONLY
PLANT-1148,BSI,951,Ipomoea coptica (L.) Roth,BSI_ONLY
PLANT-1149,BSI,952,Ipomoea dasysperma Jacq.,BSI_ONLY
PLANT-1150,BSI,953,Ipomoea eriocarpa R.Br.,BSI_ONLY
PLANT-1151,BSI,954,Ipomoea hederifolia L.,BSI_ONLY
PLANT-1152,NMPB,507,Ipomoea mauritiana Jacq.; [ = I. digitata L.],NMPB_ONLY
PLANT-1153,BSI,955,Ipomoea muricata (L.) Jacq.,BSI_ONLY
PLANT-1154,BSI,956,Ipomoea nil (L.) Roth.,MATCHED
PLANT-1154,NMPB,508,Ipomoea nil (L.) Roth.,MATCHED
PLANT-1155,BSI,957,Ipomoea obscura(L.) Ker-Gawl.,MATCHED
PLANT-1155,NMPB,509,Ipomoea obscura(L.) Ker-Gawl.,MATCHED
PLANT-1156,BSI,958,Ipomoea paniculata R.Br.,BSI_ONLY
PLANT-1157,BSI,959,Ipomoea pes-caprae (L.) Roth,MATCHED
PLANT-1157,NMPB,510,Ipomoea pes-caprae (L.) Roth,MATCHED
PLANT-1158,NMPB,512,Ipomoea petaloidea Choisy,NMPB_ONLY
PLANT-1159,BSI,961,Ipomoea purga Hayne,BSI_ONLY
PLANT-1160,BSI,962,Ipomoea purpurea (L.) Roth.,BSI_ONLY
PLANT-1161,BSI,963,Ipomoea quamoclit L.,BSI_ONLY
PLANT-1162,NMPB,513,Ipomoea reptans Poir.,NMPB_ONLY
PLANT-1163,BSI,964,Ipomoea sepiaria Roxb. ex Koen.,MATCHED
PLANT-1163,NMPB,514,Ipomoea sepiaria Roxb. ex Koen.,MATCHED
PLANT-1164,BSI,965,Ipomoea tuberosa L.,BSI_ONLY
PLANT-1165,BSI,966,Ipomoea violacea L.,BSI_ONLY
PLANT-1166,BSI,967,Iris domestica (L.) Goldblatt & Mabb.,BSI_ONLY
PLANT-1167,NMPB,515,Iris germanica L.,NMPB_ONLY
PLANT-1168,BSI,968,Ixora arborea Roxb. ex Sm.,BSI_ONLY
PLANT-1169,BSI,969,Ixora coccinea L.,MATCHED
PLANT-1169,NMPB,516,Ixora coccinea L.,MATCHED
PLANT-1170,BSI,970,Ixora nigricans R.Br. ex Wight & Arn.,BSI_ONLY
PLANT-1171,BSI,971,Jasminum angustifolium Vahl.,MATCHED
PLANT-1171,NMPB,517,Jasminum angustifolium Vahl.,MATCHED
PLANT-1172,BSI,972,Jasminum arborescens Roxb.,BSI_ONLY
PLANT-1173,BSI,973,Jasminum azoricum L.,BSI_ONLY
PLANT-1174,BSI,974,Jasminum grandiflorum L.,MATCHED
PLANT-1174,NMPB,518,Jasminum grandiflorum L.,MATCHED
PLANT-1175,BSI,975,Jasminum multiflorum (Burm.f.) Andrews,BSI_ONLY
PLANT-1176,BSI,976,Jasminum officinale L.,MATCHED
PLANT-1176,NMPB,519,Jasminum officinale L.,MATCHED
PLANT-1177,BSI,977,Jasminum ritchiei C.B.Clarke,BSI_ONLY
PLANT-1178,BSI,978,Jasminum rottlerianum Wall. ex A.DC.,BSI_ONLY
PLANT-1179,BSI,979,Jasminum sambac (L.) Aiton,MATCHED
PLANT-1179,NMPB,520,Jasminum sambac (L.) Aiton,MATCHED
PLANT-1180,BSI,980,Jasminum scandens Vahl,BSI_ONLY
PLANT-1181,BSI,981,Jateorhiza palmata Miers,BSI_ONLY
PLANT-1182,BSI,982,Jatropha curcas L.,MATCHED
PLANT-1182,NMPB,521,Jatropha curcas L.,MATCHED
PLANT-1183,BSI,983,Jatropha glandulifera Roxb.,BSI_ONLY
PLANT-1184,BSI,984,Jatropha gossypifolia Roxb.,BSI_ONLY
PLANT-1185,BSI,985,Jatropha multifida L.,BSI_ONLY
PLANT-1186,BSI,986,Jatropha nana Dalzell & A.Gibson,BSI_ONLY
PLANT-1187,BSI,987,Juglans regia L.,MATCHED
PLANT-1187,NMPB,522,Juglans regia L.,MATCHED
PLANT-1188,BSI,988,Juncellus inundatus (Roxb.) C.B.Clarke,BSI_ONLY
PLANT-1189,BSI,989,Juncus effusus L.,BSI_ONLY
PLANT-1190,BSI,990,Juniperus communis L.,MATCHED
PLANT-1190,NMPB,523,Juniperus communis L.,MATCHED
PLANT-1191,NMPB,524,Juniperus macropoda Boiss.,NMPB_ONLY
PLANT-1192,BSI,991,Juniperus polycarpus C.Koch,BSI_ONLY
PLANT-1193,BSI,992,Juniperus recurva Buch.-Ham. ex D.Don,BSI_ONLY
PLANT-1194,BSI,993,Jurinea dolomiaea Boiss.,BSI_ONLY
PLANT-1195,NMPB,525,Jurinea macrocephala DC.; [ = J. dolomiaea Boiss.],NMPB_ONLY
PLANT-1196,BSI,994,Justicia adhatoda L.,BSI_ONLY
PLANT-1197,BSI,995,Justicia betonica L.,BSI_ONLY
PLANT-1198,BSI,996,Justicia gendarussa Burm.f.,MATCHED
PLANT-1198,NMPB,526,Justicia gendarussa Burm.f.,MATCHED
PLANT-1199,BSI,997,Justicia procumbens L.,BSI_ONLY
PLANT-1200,NMPB,527,Kaempferia galanga L.,NMPB_ONLY
PLANT-1201,BSI,998,Kaempferia rotunda L.,MATCHED
PLANT-1201,NMPB,528,Kaempferia rotunda L.,MATCHED
PLANT-1202,BSI,999,Kalanchoe integra (Medik.) Kuntze,BSI_ONLY
PLANT-1203,BSI,1000,Kalanchoe laciniata (L.) Pers.,MATCHED
PLANT-1203,NMPB,529,Kalanchoe laciniata (L.) Pers.,MATCHED
PLANT-1204,BSI,1001,Kedrostis rostrata (Rottl.) Cogn.,MATCHED
PLANT-1204,NMPB,530,Kedrostis rostrata (Rottl.) Cogn.,MATCHED
PLANT-1205,BSI,1002,Kendelia rheedii Wight & Arn.,BSI_ONLY
PLANT-1206,BSI,1003,Kickxia ramosissima (Wall.) Janch.,BSI_ONLY
PLANT-1207,BSI,1004,Kigelia pinnata (Jacq.) DC.,BSI_ONLY
PLANT-1208,BSI,1005,Kingiodendron pinnatum (Roxb. ex DC.) Harms.,BSI_ONLY
PLANT-1209,BSI,1006,Kirganelia reticulata (Poir.) Baill.,BSI_ONLY
PLANT-1210,BSI,1007,Kleinhovia hospita L.,BSI_ONLY
PLANT-1211,BSI,1008,Knema angustifolia (Roxb.) Warb.,BSI_ONLY
PLANT-1212,BSI,1009,Kochia indica Wight,BSI_ONLY
PLANT-1213,BSI,1010,Kochia scoparia (L.) Schrad.,BSI_ONLY
PLANT-1214,BSI,1011,Kokoona zeylanica Thwaites,BSI_ONLY
PLANT-1215,BSI,1012,Krameria triandra Ruiz & Pav.,BSI_ONLY
PLANT-1216,BSI,1013,Kydia calycina Roxb.,BSI_ONLY
PLANT-1217,BSI,1014,Kyllinga brevifolia Rottb.,BSI_ONLY
PLANT-1218,BSI,1015,Kyllinga nemoralis (Forst.) Dandy ex Hutcins. & Dalziel,BSI_ONLY
PLANT-1219,BSI,1016,Lablab purpureus (L.) Sweet,BSI_ONLY
PLANT-1220,BSI,1017,Lactuca indica L.,BSI_ONLY
PLANT-1221,BSI,1018,Lactuca remotiflora DC.,BSI_ONLY
PLANT-1222,BSI,1019,Lactuca runcinata DC.,BSI_ONLY
PLANT-1223,BSI,1020,Lactuca sativa L.,BSI_ONLY
PLANT-1224,BSI,1021,Lactuca scariola L.,BSI_ONLY
PLANT-1225,BSI,1022,Lagenandra toxicaria Dalzell,BSI_ONLY
PLANT-1226,BSI,1023,Lagenaria siceraria (Molina) Standl.,MATCHED
PLANT-1226,NMPB,531,Lagenaria siceraria (Molina) Standl.,MATCHED
PLANT-1227,BSI,1024,Lagerstroemia indica L.,BSI_ONLY
PLANT-1228,BSI,1025,Lagerstroemia speciosa (L.) Pers.,MATCHED
PLANT-1228,NMPB,532,Lagerstroemia speciosa (L.) Pers.,MATCHED
PLANT-1229,NMPB,533,Lagotis glauca Gaertn.,NMPB_ONLY
PLANT-1230,BSI,1026,Lallemantia royleana (Wall. ex Benth.) Benth.,MATCHED
PLANT-1230,NMPB,534,Lallemantia royleana (Wall. ex Benth.) Benth.,MATCHED
PLANT-1231,BSI,1027,Laminaria saccharina Lam.,BSI_ONLY
PLANT-1232,BSI,1028,Lamium album L.,BSI_ONLY
PLANT-1233,BSI,1029,Lamium amplexicaule L.,BSI_ONLY
PLANT-1234,BSI,1030,Lamprachaenium microcephalum Benth.,BSI_ONLY
PLANT-1235,BSI,1031,Lannea coromandelica (Houtt.) Merr.,MATCHED
PLANT-1235,NMPB,535,Lannea coromandelica (Houtt.) Merr.,MATCHED
PLANT-1236,NMPB,536,Lantana camara L.,NMPB_ONLY
PLANT-1237,BSI,1032,Lasia spinosa (L.) Thwaites,BSI_ONLY
PLANT-1238,BSI,1033,Lathyrus aphaca L.,BSI_ONLY
PLANT-1239,BSI,1034,Lathyrus odoratus L.,BSI_ONLY
PLANT-1240,BSI,1035,Lathyrus pratensis L.,BSI_ONLY
PLANT-1241,BSI,1036,Lathyrus sativus L.,MATCHED
PLANT-1241,NMPB,537,Lathyrus sativus L.,MATCHED
PLANT-1242,BSI,1037,Lathyrus sphaericus Retz.,BSI_ONLY
PLANT-1243,BSI,1038,Launaea asplenifolia (Willd.) Hook.f.,BSI_ONLY
PLANT-1244,BSI,1039,Launaea resedifolia (L.) Kuntze,BSI_ONLY
PLANT-1245,BSI,1040,Launaea sarmentosa (Willd.) Alston,BSI_ONLY
PLANT-1246,BSI,1041,Laurentia longiflora (L.) Endl.,BSI_ONLY
PLANT-1247,NMPB,538,Laurus nobilis L.,NMPB_ONLY
PLANT-1248,BSI,1042,Lavandula bipinnata (Roth) Kuntze,BSI_ONLY
PLANT-1249,BSI,1043,Lavandula stoechas L.,MATCHED
PLANT-1249,NMPB,539,Lavandula stoechas L.,MATCHED
PLANT-1250,BSI,1044,Lavandula vera DC.,BSI_ONLY
PLANT-1251,BSI,1045,Lawsonia inermis L.,MATCHED
PLANT-1251,NMPB,540,Lawsonia inermis L.,MATCHED
PLANT-1252,BSI,1046,Leea aequata L.,BSI_ONLY
PLANT-1253,BSI,1047,Leea crispa L.,BSI_ONLY
PLANT-1254,BSI,1048,Leea indica (Burm.f.) Merr.,BSI_ONLY
PLANT-1255,BSI,1049,Leea macrophylla Roxb. ex Hornem.,BSI_ONLY
PLANT-1256,BSI,1050,Lens culinaris Medik.,BSI_ONLY
PLANT-1257,BSI,1051,Leonotis nepetaiefolia R.Br.,BSI_ONLY
PLANT-1258,BSI,1052,Leonurus cardiaca L.,BSI_ONLY
PLANT-1259,BSI,1053,Leonurus sibiricus L.,BSI_ONLY
PLANT-1260,BSI,1054,Lepidagathis cristata Willd.,BSI_ONLY
PLANT-1261,BSI,1055,Lepidagathis hamiltoniana Wall.,BSI_ONLY
PLANT-1262,BSI,1056,Lepidagathis incurva Buch.-Ham. ex D.Don,BSI_ONLY
PLANT-1263,BSI,1057,Lepidagathis trinervis Nees,BSI_ONLY
PLANT-1264,BSI,1058,Lepidium iberis L.,BSI_ONLY
PLANT-1265,BSI,1059,Lepidium latifolium L.,BSI_ONLY
PLANT-1266,BSI,1060,Lepidium sativum L.,MATCHED
PLANT-1266,NMPB,541,Lepidium sativum L.,MATCHED
PLANT-1267,BSI,1061,Leptadenia reticulata (Retz.) Wight & Arn.,MATCHED
PLANT-1267,NMPB,542,Leptadenia reticulata (Retz.) Wight & Arn.,MATCHED
PLANT-1268,BSI,1062,Leucaena glauca (L.) Benth.,BSI_ONLY
PLANT-1269,BSI,1063,Leucas aspera (Willd.) Link,MATCHED
PLANT-1269,NMPB,543,Leucas aspera (Willd.) Link,MATCHED
PLANT-1270,BSI,1064,Leucas cephalotus (Roth.) Spreng.,BSI_ONLY
PLANT-1271,BSI,1065,Leucas lavandulifolia Sm.,BSI_ONLY
PLANT-1272,BSI,1066,Leucas stelligera Wall.,BSI_ONLY
PLANT-1273,BSI,1067,Leucas zeylanica R.Br.,BSI_ONLY
PLANT-1274,BSI,1068,Licuala spinosa Wurmb.,BSI_ONLY
PLANT-1275,BSI,1069,Lilium giganteum Wall.,BSI_ONLY
PLANT-1276,BSI,1070,Lilium martagon L.,BSI_ONLY
PLANT-1277,NMPB,544,Lilium polyphyllum D.Don,NMPB_ONLY
PLANT-1278,BSI,1071,Lilium tigrinum Ker Gawl.,BSI_ONLY
PLANT-1279,BSI,1072,Lilium wallichianum Schult.f.,BSI_ONLY
PLANT-1280,BSI,1073,Limnophila aromatica (Lam.) Merr.,BSI_ONLY
PLANT-1281,BSI,1074,Limnophila indica (L.) Druce,BSI_ONLY
PLANT-1282,BSI,1075,Limnophila rugosa (Roth) Merr.,BSI_ONLY
PLANT-1283,BSI,1076,Limonia acidissima L.,MATCHED
PLANT-1283,NMPB,545,Limonia acidissima L.,MATCHED
PLANT-1284,BSI,1077,Lindera caudata Benth.,BSI_ONLY
PLANT-1285,BSI,1078,Lindera neesiana (Nees) Kurz,BSI_ONLY
PLANT-1286,BSI,1079,Linderbergia indica (L.) Vatke,BSI_ONLY
PLANT-1287,BSI,1080,Lindernia anagallis (Burm.f.) Pennell,BSI_ONLY
PLANT-1288,BSI,1081,Lindernia crustacea (L.) F.Muell.,BSI_ONLY
PLANT-1289,BSI,1082,Lindernia oppositifolia (Retz.) Mukerjee,BSI_ONLY
PLANT-1290,BSI,1083,Lindernia procumbens (Krock.) Philcox,BSI_ONLY
PLANT-1291,BSI,1084,Lindernia ruelloides (Colsm.) Mukherjee,BSI_ONLY
PLANT-1292,BSI,1085,Linum usitatissimum L.,MATCHED
PLANT-1292,NMPB,546,Linum usitatissimum L.,MATCHED
PLANT-1293,BSI,1086,Liriodendron tulipifera L.,BSI_ONLY
PLANT-1294,BSI,1087,Litchi chinensis Sonn.,BSI_ONLY
PLANT-1295,BSI,1088,Lithospermum arvensis L.,BSI_ONLY
PLANT-1296,BSI,1089,Lithospermum officinale L.,BSI_ONLY
PLANT-1297,BSI,1090,Litsea cubeba (Lour.) Pers.,BSI_ONLY
PLANT-1298,NMPB,547,Litsea glutinosa (Lour.) C.B.Rob.; [ = L. chinensis Lam.],NMPB_ONLY
PLANT-1299,BSI,1091,Litsea lancifolia Hook.f.,BSI_ONLY
PLANT-1300,BSI,1092,Litsea monopetala (Roxb.) Pers.,BSI_ONLY
PLANT-1301,BSI,1093,Litsea stocksii Hook.f.,BSI_ONLY
PLANT-1302,BSI,1094,Lobelia inflata L.,BSI_ONLY
PLANT-1303,BSI,1095,Lobelia leschenaultiana (Presl.) Skottsh.,BSI_ONLY
PLANT-1304,NMPB,548,Lobelia nicotianaefolia Roth ex,NMPB_ONLY
PLANT-1305,BSI,1096,Lobelia nicotianifolia Roth ex Roem. & Schult.,BSI_ONLY
PLANT-1306,BSI,1097,Lobelia pyramidalis Wall.,BSI_ONLY
PLANT-1307,NMPB,549,Lodoicea maldivica (J.F.Gmel.),NMPB_ONLY
PLANT-1308,BSI,1098,Lolium temulentum L.,BSI_ONLY
PLANT-1309,BSI,1099,Lonicera japonica Thunb.,BSI_ONLY
PLANT-1310,BSI,1100,Lonicera periclymenum L.,BSI_ONLY
PLANT-1311,BSI,1101,Lonicera semenovii Regel.,BSI_ONLY
PLANT-1312,BSI,1102,Loxococcus rupicola Wendl. & Drude,BSI_ONLY
PLANT-1313,BSI,1103,Ludwigia adscendens (L.) Hara,BSI_ONLY
PLANT-1314,BSI,1104,Ludwigia octovalvis (Jacq.) P.H.Raven,BSI_ONLY
PLANT-1315,BSI,1105,Ludwigia perennis L.,BSI_ONLY
PLANT-1316,BSI,1106,Ludwigia prostrata Roxb.,BSI_ONLY
PLANT-1317,BSI,1107,Luffa acutangula (L.) Roxb.,MATCHED
PLANT-1317,NMPB,550,Luffa acutangula (L.) Roxb.,MATCHED
PLANT-1318,NMPB,551,Luffa aegyptiaca Mill.,NMPB_ONLY
PLANT-1319,BSI,1108,Luffa cylindrica(L.) M.Roem.,BSI_ONLY
PLANT-1320,BSI,1109,Luffa echinata Roxb.,MATCHED
PLANT-1320,NMPB,552,Luffa echinata Roxb.,MATCHED
PLANT-1321,BSI,1110,Luisia tenuifolia Blume,BSI_ONLY
PLANT-1322,BSI,1111,Lumnitzera racemosa Willd.,BSI_ONLY
PLANT-1323,BSI,1112,Lupinus albus L.,BSI_ONLY
PLANT-1324,BSI,1113,Lupinus angustifolius L.,BSI_ONLY
PLANT-1325,BSI,1114,Lupinus luteus L.,BSI_ONLY
PLANT-1326,BSI,1115,Luvunga scandens (Roxb.) Buch.-Ham. ex Wight,MATCHED
PLANT-1326,NMPB,553,Luvunga scandens (Roxb.) Buch.-Ham. ex Wight,MATCHED
PLANT-1327,BSI,1116,Lychnis coronaria (L.) Desr.,BSI_ONLY
PLANT-1328,BSI,1117,Lycium barbarum L.,BSI_ONLY
PLANT-1329,BSI,1118,Lycopodium cernuum L.,BSI_ONLY
PLANT-1330,BSI,1119,Lycopodium clavatum L.,MATCHED
PLANT-1330,NMPB,554,Lycopodium clavatum L.,MATCHED
PLANT-1331,BSI,1120,Lycopus europaeus L.,BSI_ONLY
PLANT-1332,BSI,1121,Lygodium flexuosum (L.) Sw.,MATCHED
PLANT-1332,NMPB,555,Lygodium flexuosum (L.) Sw.,MATCHED
PLANT-1333,BSI,1122,Lygodium japonicum (Thunb.) Sw.,BSI_ONLY
PLANT-1334,BSI,1123,Lygodium microphyllum (Cav.) R.Br.,BSI_ONLY
PLANT-1335,BSI,1124,Lyonia ovalifolia (Wall.) Drude,BSI_ONLY
PLANT-1336,BSI,1125,Macaranga denticulata (Blume) Muell.-Arg.,BSI_ONLY
PLANT-1337,BSI,1126,Macaranga indica Wight,BSI_ONLY
PLANT-1338,BSI,1127,Macaranga peltata (Roxb.) Muell.-Arg.,BSI_ONLY
PLANT-1339,BSI,1128,Madhuca butyracea (Roxb.) J.F.Macbr.,BSI_ONLY
PLANT-1340,NMPB,556,Madhuca indica J.F.Gmel.; [ = Bassia latifolia Roxb.],NMPB_ONLY
PLANT-1341,BSI,1129,Madhuca longifolia (Koen.) Macbride,MATCHED
PLANT-1341,NMPB,557,Madhuca longifolia (Koen.) Macbride,MATCHED
PLANT-1342,BSI,1130,Magnolia grandifolia L.,BSI_ONLY
PLANT-1343,BSI,1131,Mahonia borealis Takeda,BSI_ONLY
PLANT-1344,NMPB,558,Mahonia leschenaultia (Wall. ex,NMPB_ONLY
PLANT-1345,BSI,1132,Mahonia sikkimensis Takeda,BSI_ONLY
PLANT-1346,BSI,1133,Majorana hortensis Moench.,BSI_ONLY
PLANT-1347,BSI,1134,Malachra capitata L.,BSI_ONLY
PLANT-1348,NMPB,559,Malaxis acuminata D.Don,NMPB_ONLY
PLANT-1349,NMPB,560,Malaxis muscifera (Lindl.) Kuntze,NMPB_ONLY
PLANT-1350,BSI,1135,Mallotus philippensis (Lam.) Muell.Arg.,MATCHED
PLANT-1350,NMPB,561,Mallotus philippensis (Lam.) Muell.Arg.,MATCHED
PLANT-1351,BSI,1136,Malpighia glabra L.,BSI_ONLY
PLANT-1352,BSI,1137,Malpighia punicifolia L.,BSI_ONLY
PLANT-1353,BSI,1138,Malus pumila Mill.,BSI_ONLY
PLANT-1354,BSI,1139,Malus sylvestris Mill.,BSI_ONLY
PLANT-1355,BSI,1140,Malva parvifolia L.,BSI_ONLY
PLANT-1356,BSI,1141,Malva rotundifolia L.,BSI_ONLY
PLANT-1357,BSI,1142,Malva sylvestris L.,MATCHED
PLANT-1357,NMPB,562,Malva sylvestris L.,MATCHED
PLANT-1358,BSI,1143,Malva verticillata L.,BSI_ONLY
PLANT-1359,BSI,1144,Malvastrum coromandelianum (L.) Garcke,BSI_ONLY
PLANT-1360,NMPB,563,Mammea suriga (Buch.-Ham.,NMPB_ONLY
PLANT-1361,BSI,1145,Mandragora officinarum L.,BSI_ONLY
PLANT-1362,BSI,1146,Mangifera indica L.,MATCHED
PLANT-1362,NMPB,564,Mangifera indica L.,MATCHED
PLANT-1363,BSI,1147,Manihot esculenta Crantz.,BSI_ONLY
PLANT-1364,BSI,1148,Manilkara hexandra (Roxb.) Dubard,BSI_ONLY
PLANT-1365,BSI,1149,Manilkara kauki (L.) Dubard,BSI_ONLY
PLANT-1366,NMPB,565,Mappia foetida (Wight) Miers; [ = Nothapodytes nimmoniana,NMPB_ONLY
PLANT-1367,NMPB,566,Maranta arundinacea L.,NMPB_ONLY
PLANT-1368,BSI,1150,Marrubium vulgare L.,BSI_ONLY
PLANT-1369,BSI,1151,Marsdenia roylei Wight,MATCHED
PLANT-1369,NMPB,567,Marsdenia roylei Wight,MATCHED
PLANT-1370,BSI,1152,Marsdenia tenacissima (Roxb.) Moon,MATCHED
PLANT-1370,NMPB,568,Marsdenia tenacissima (Roxb.) Moon,MATCHED
PLANT-1371,BSI,1153,Marsdenia tinctoria R.Br.,BSI_ONLY
PLANT-1372,NMPB,569,Marsdenia volubilis (L.f.) T.Cooke; [ = Wattakaka volubilis (L.f.) Stapf;,NMPB_ONLY
PLANT-1373,BSI,1154,Marsilea minuta L.,BSI_ONLY
PLANT-1374,NMPB,570,Marsilea quadrifolia L.,NMPB_ONLY
PLANT-1375,NMPB,571,Martynia annua L.,NMPB_ONLY
PLANT-1376,BSI,1155,Matricaria chamomilla L.,BSI_ONLY
PLANT-1377,BSI,1156,Matthiola incana (L.) R.Br.,BSI_ONLY
PLANT-1378,BSI,1157,Maytenus emarginata (Willd.) Ding Hou,MATCHED
PLANT-1378,NMPB,572,Maytenus emarginata (Willd.) Ding Hou,MATCHED
PLANT-1379,BSI,1158,Measa chisia Ham. ex D.Don,BSI_ONLY
PLANT-1380,BSI,1159,Measa indica (Roxb.) DC.,BSI_ONLY
PLANT-1381,BSI,1160,Measa ramentacea Wall.,BSI_ONLY
PLANT-1382,NMPB,573,Meconopsis aculeata Royle,NMPB_ONLY
PLANT-1383,BSI,1161,Medicago sativa L.,MATCHED
PLANT-1383,NMPB,574,Medicago sativa L.,MATCHED
PLANT-1384,BSI,1162,Melanorrhoea usiata Wall.,BSI_ONLY
PLANT-1385,BSI,1163,Melastoma malabathricum L.,MATCHED
PLANT-1385,NMPB,575,Melastoma malabathricum L.,MATCHED
PLANT-1386,BSI,1164,Melia azedarach L.,MATCHED
PLANT-1386,NMPB,576,Melia azedarach L.,MATCHED
PLANT-1387,BSI,1165,Melilotus alba Medik. ex Desr.,BSI_ONLY
PLANT-1388,BSI,1166,Melilotus indica (L.) All.,BSI_ONLY
PLANT-1389,BSI,1167,Melilotus officinalis (L.) Medik. ex Desr.,BSI_ONLY
PLANT-1390,BSI,1168,Melissa axillaris (Benth.) Bakh.f.,BSI_ONLY
PLANT-1391,NMPB,577,Melocanna bambusoides Trin.,NMPB_ONLY
PLANT-1392,BSI,1169,Melochia corchorifolia L.,BSI_ONLY
PLANT-1393,BSI,1170,Melodinus monogynus Roxb.,BSI_ONLY
PLANT-1394,BSI,1171,Melothria amplexicaulis (Lam.) Cogn.,BSI_ONLY
PLANT-1395,BSI,1172,Melothria maderaspatana (L.) Cogn.,BSI_ONLY
PLANT-1396,BSI,1173,Melothria scabra Naudin,BSI_ONLY
PLANT-1397,BSI,1174,Memecylon angustifolium Wight,BSI_ONLY
PLANT-1398,BSI,1175,Memecylon umbellatum Burm.f.,BSI_ONLY
PLANT-1399,BSI,1176,Mentha aquatica L.,MATCHED
PLANT-1399,NMPB,578,Mentha aquatica L.,MATCHED
PLANT-1400,BSI,1177,Mentha arvensis L.,MATCHED
PLANT-1400,NMPB,579,Mentha arvensis L.,MATCHED
PLANT-1401,BSI,1178,Mentha longifolia (L.) Huds.,BSI_ONLY
PLANT-1402,BSI,1179,Mentha piperita L.,MATCHED
PLANT-1402,NMPB,580,Mentha piperita L.,MATCHED
PLANT-1403,BSI,1180,Mentha pulegium L.,BSI_ONLY
PLANT-1404,BSI,1181,Mentha sativa L.,BSI_ONLY
PLANT-1405,BSI,1182,Mentha spicata L.,BSI_ONLY
PLANT-1406,BSI,1183,Mentha verticillata D.Don,BSI_ONLY
PLANT-1407,NMPB,581,Mentha viridis (L. ) L.,NMPB_ONLY
PLANT-1408,BSI,1184,Menyanthes trifoliata L.,BSI_ONLY
PLANT-1409,BSI,1185,Meriandra bengalensis Benth.,BSI_ONLY
PLANT-1410,BSI,1186,Meriandra strobilifera Benth.,BSI_ONLY
PLANT-1411,BSI,1187,Merremia dissecta (Jacq.) Hallier f.,BSI_ONLY
PLANT-1412,NMPB,582,Merremia emarginata (Burm.f.),NMPB_ONLY
PLANT-1413,BSI,1188,Merremia gangetica (L.) Cufod.,BSI_ONLY
PLANT-1414,NMPB,583,Merremia hederacea (Burm.f.) Hallier f.,NMPB_ONLY
PLANT-1415,BSI,1189,Merremia tridentata (L.) Hallier f.,MATCHED
PLANT-1415,NMPB,584,Merremia tridentata (L.) Hallier f.,MATCHED
PLANT-1416,BSI,1190,Merremia turpethum (L.) Shah & Bhatt,BSI_ONLY
PLANT-1417,BSI,1191,Merremia umbellata (L.) Hallier f.,MATCHED
PLANT-1417,NMPB,585,Merremia umbellata (L.) Hallier f.,MATCHED
PLANT-1418,BSI,1192,Merremia vitifolia (Burm.f.) Hallier f.,BSI_ONLY
PLANT-1419,BSI,1193,Mesua ferrea L.,MATCHED
PLANT-1419,NMPB,586,Mesua ferrea L.,MATCHED
PLANT-1420,BSI,1194,Meyna laxiflora Robyns,BSI_ONLY
PLANT-1421,BSI,1195,Michelia champaca L.,MATCHED
PLANT-1421,NMPB,587,Michelia champaca L.,MATCHED
PLANT-1422,BSI,1196,Michelia montana Blume,BSI_ONLY
PLANT-1423,BSI,1197,Michelia nilagirica Zenk.,BSI_ONLY
PLANT-1424,BSI,1198,Microcos paniculata L.,BSI_ONLY
PLANT-1425,BSI,1199,Micromeria biflora (Buch.-Ham. ex D.Don) Benth.,MATCHED
PLANT-1425,NMPB,588,Micromeria biflora (Buch.-Ham. ex D.Don) Benth.,MATCHED
PLANT-1426,BSI,1200,Micromeria capitellata Benth.,BSI_ONLY
PLANT-1427,BSI,1201,Microrhychus nudicaulis Less.,BSI_ONLY
PLANT-1428,BSI,1202,Microsorum scolopendria (Burm.f.) Copel,BSI_ONLY
PLANT-1429,BSI,1203,Mikania cordata (Burm.f.) B.L.Rob.,BSI_ONLY
PLANT-1430,BSI,1204,Miliusa velutina (Dunal) Hook.f. & Thoms.,BSI_ONLY
PLANT-1431,BSI,1205,Millettia extensa (Benth.) Baker,BSI_ONLY
PLANT-1432,BSI,1206,Millettia pachycarpa Benth.,BSI_ONLY
PLANT-1433,BSI,1207,Millettia piscidia Wight,BSI_ONLY
PLANT-1434,BSI,1208,Millettia racemosa Benth.,BSI_ONLY
PLANT-1435,BSI,1209,Millingtonia hortensis L.f.,BSI_ONLY
PLANT-1436,BSI,1210,Mimosa pudica L.,MATCHED
PLANT-1436,NMPB,589,Mimosa pudica L.,MATCHED
PLANT-1437,BSI,1211,Mimosa rubicaulis Lam.,BSI_ONLY
PLANT-1438,BSI,1212,Mimulus moschatus Douglas ex Lindl.,BSI_ONLY
PLANT-1439,BSI,1213,Mimulus strictus Benth.,BSI_ONLY
PLANT-1440,BSI,1214,Mimusops elengi L.,MATCHED
PLANT-1440,NMPB,590,Mimusops elengi L.,MATCHED
PLANT-1441,NMPB,591,Mirabilis jalapa L.,NMPB_ONLY
PLANT-1442,BSI,1215,Mitragyna parvifolia (Roxb.) Korth.,MATCHED
PLANT-1442,NMPB,592,Mitragyna parvifolia (Roxb.) Korth.,MATCHED
PLANT-1443,BSI,1216,Mitragyna rotundifolia (Roxb.) Kuntze,BSI_ONLY
PLANT-1444,BSI,1217,Mollugo cerviana (L.) Ser.,MATCHED
PLANT-1444,NMPB,593,Mollugo cerviana (L.) Ser.,MATCHED
PLANT-1445,BSI,1218,Mollugo nudicaulis Lam.,BSI_ONLY
PLANT-1446,BSI,1219,Mollugo pentaphylla L.,MATCHED
PLANT-1446,NMPB,594,Mollugo pentaphylla L.,MATCHED
PLANT-1447,NMPB,595,Momordica charantia L.,NMPB_ONLY
PLANT-1448,NMPB,596,Momordica dioica Roxb. ex Willd.,NMPB_ONLY
PLANT-1449,NMPB,597,Monochoria hastaefolia C.Presl.,NMPB_ONLY
PLANT-1450,NMPB,598,Monochoria vaginalis (Burm.f.) C.Presl.,NMPB_ONLY
PLANT-1451,BSI,1220,Monotropa uniflora L.,BSI_ONLY
PLANT-1452,NMPB,599,Morchella esculenta Pers.,NMPB_ONLY
PLANT-1453,BSI,1221,Morinda citrifolia L.,MATCHED
PLANT-1453,NMPB,600,Morinda citrifolia L.,MATCHED
PLANT-1454,NMPB,601,Morinda pubescens J.E.Sm.; [= M. coreia Buch.-Ham.;,NMPB_ONLY
PLANT-1455,BSI,1222,Morinda umbellata L.,BSI_ONLY
PLANT-1456,BSI,1223,Moringa concanensis Nimmo,MATCHED
PLANT-1456,NMPB,602,Moringa concanensis Nimmo,MATCHED
PLANT-1457,BSI,1224,Moringa oleifera Lam.,MATCHED
PLANT-1457,NMPB,603,Moringa oleifera Lam.,MATCHED
PLANT-1458,BSI,1225,Mormordica balsamina L.,BSI_ONLY
PLANT-1459,BSI,1226,Mormordica charantia L.,BSI_ONLY
PLANT-1460,BSI,1227,Mormordica cochinchinensis (Lour.) Spreng.,BSI_ONLY
PLANT-1461,BSI,1228,Mormordica dioica Roxb. ex Willd.,BSI_ONLY
PLANT-1462,BSI,1229,Morus alba L.,MATCHED
PLANT-1462,NMPB,604,Morus alba L.,MATCHED
PLANT-1463,BSI,1230,Morus australis Poir.,BSI_ONLY
PLANT-1464,BSI,1231,Morus nigra L.,BSI_ONLY
PLANT-1465,BSI,1232,Moschosma polystachyum Benth.,BSI_ONLY
PLANT-1466,BSI,1233,Mucuna gigantea DC.,BSI_ONLY
PLANT-1467,BSI,1234,Mucuna monosperma DC. ex Wight,BSI_ONLY
PLANT-1468,BSI,1235,Mucuna nigricans (Lour.) Steud.,BSI_ONLY
PLANT-1469,BSI,1236,Mucuna pruriens (L.) DC.,MATCHED
PLANT-1469,NMPB,605,Mucuna pruriens (L.) DC.,MATCHED
PLANT-1470,NMPB,606,Mucuna utilis Wall. ex Wight; [= M. cochinchinensis Cheval],NMPB_ONLY
PLANT-1471,NMPB,607,Mukia maderaspatana (L.) M.Roem.; [= Melothria maderaspatana (L.) Cogn.],NMPB_ONLY
PLANT-1472,BSI,1237,Murdannia scapiflora (Roxb.) Royle,BSI_ONLY
PLANT-1473,BSI,1238,Murraya koenigii (L.) Spreng.,MATCHED
PLANT-1473,NMPB,608,Murraya koenigii (L.) Spreng.,MATCHED
PLANT-1474,BSI,1239,Murraya paniculata (L.) Jacq.,BSI_ONLY
PLANT-1475,BSI,1240,Musa paradisiaca L.,BSI_ONLY
PLANT-1476,NMPB,609,Musa sapientum L.,NMPB_ONLY
PLANT-1477,NMPB,610,Mussaenda frondosa L.,NMPB_ONLY
PLANT-1478,BSI,1241,Mussaenda glabra Vahl,BSI_ONLY
PLANT-1479,BSI,1242,Mussaenda glabrata (Hook.f.) Hutch. ex Gamble,BSI_ONLY
PLANT-1480,BSI,1243,Myrica esculenta Buch.-Ham.,MATCHED
PLANT-1480,NMPB,611,Myrica esculenta Buch.-Ham.,MATCHED
PLANT-1481,BSI,1244,Myricaria bracteata Royle,BSI_ONLY
PLANT-1482,BSI,1245,Myristica dactyloides Gaertn.,MATCHED
PLANT-1482,NMPB,612,Myristica dactyloides Gaertn.,MATCHED
PLANT-1483,BSI,1246,Myristica fragrans Houtt.,MATCHED
PLANT-1483,NMPB,613,Myristica fragrans Houtt.,MATCHED
PLANT-1484,BSI,1247,Myristica malabarica Lam.,MATCHED
PLANT-1484,NMPB,614,Myristica malabarica Lam.,MATCHED
PLANT-1485,BSI,1248,Myrsine africana L.,MATCHED
PLANT-1485,NMPB,615,Myrsine africana L.,MATCHED
PLANT-1486,NMPB,616,Myrsine capitellata Wall.,NMPB_ONLY
PLANT-1487,BSI,1249,Myrtus communis L.,BSI_ONLY
PLANT-1488,NMPB,617,Myxopyrum serratulum A.W.Hill,NMPB_ONLY
PLANT-1489,BSI,1250,Myxopyrum smilacifolium (Wall.) Blume,BSI_ONLY
PLANT-1490,BSI,1251,Nannorhops ritchiena (Griff.) Wendl.,BSI_ONLY
PLANT-1491,BSI,1252,Nardostachys grandiflora DC.,BSI_ONLY
PLANT-1492,NMPB,618,Nardostachys jatamansi (D.Don) DC.,NMPB_ONLY
PLANT-1493,BSI,1253,Naringi crenulata (Roxb.) Nicolson,MATCHED
PLANT-1493,NMPB,619,Naringi crenulata (Roxb.) Nicolson,MATCHED
PLANT-1494,BSI,1254,Nelumbo nucifera Gaertn.,MATCHED
PLANT-1494,NMPB,620,Nelumbo nucifera Gaertn.,MATCHED
PLANT-1495,BSI,1255,Neolitsea cassia (L.) Kosterm.,BSI_ONLY
PLANT-1496,NMPB,621,Nepeta cataria L.,NMPB_ONLY
PLANT-1497,NMPB,622,Nepeta hindostana (B.Heyne ex,NMPB_ONLY
PLANT-1498,NMPB,623,Nerium oleander L.; [ = N. indicum Mill.],NMPB_ONLY
PLANT-1499,NMPB,624,Nervilia aragoana Gaudich.,NMPB_ONLY
PLANT-1500,NMPB,625,Nervilia plicata (Andrews) Schltr.,NMPB_ONLY
PLANT-1501,NMPB,626,Nicotiana tabacum L.,NMPB_ONLY
PLANT-1502,NMPB,627,Nigella sativa L.,NMPB_ONLY
PLANT-1503,NMPB,628,Nilgirianthus ciliatus (Nees) Bremek.; [= Strobilanthes ciliatus Nees],NMPB_ONLY
PLANT-1504,NMPB,629,Nilgirianthus heyneanus (Nees) Bremek.,NMPB_ONLY
PLANT-1505,NMPB,630,Nyctanthes arbor-tristis L.,NMPB_ONLY
PLANT-1506,NMPB,631,Nymphaea alba L.,NMPB_ONLY
PLANT-1507,NMPB,632,Nymphaea nouchali Burm.f.,NMPB_ONLY
PLANT-1508,NMPB,633,Nymphaea stellata Willd.,NMPB_ONLY
PLANT-1509,NMPB,634,Ocimum americanum L.,NMPB_ONLY
PLANT-1510,NMPB,635,Ocimum basilicum L.,NMPB_ONLY
PLANT-1511,NMPB,636,Ocimum gratissimum L.,NMPB_ONLY
PLANT-1512,NMPB,637,Ocimum kilimandscharicum Gurke,NMPB_ONLY
PLANT-1513,NMPB,638,Ocimum tenuiflorum L.; [= O. sanctum L.],NMPB_ONLY
PLANT-1514,BSI,1256,Olea dioica Roxb.,MATCHED
PLANT-1514,NMPB,639,Olea dioica Roxb.,MATCHED
PLANT-1515,BSI,1257,Olea europaea L.,BSI_ONLY
PLANT-1516,BSI,1258,Olea ferruginea Royle,BSI_ONLY
PLANT-1517,BSI,1259,Olea glandulifera Wall. ex G.Don,BSI_ONLY
PLANT-1518,BSI,1260,Onosma bracteatum Wall.,MATCHED
PLANT-1518,NMPB,640,Onosma bracteatum Wall.,MATCHED
PLANT-1519,NMPB,641,Onosma echioides L.,NMPB_ONLY
PLANT-1520,BSI,1261,Onosma hispidum Wall. ex G.Don,MATCHED
PLANT-1520,NMPB,642,Onosma hispidum Wall. ex G.Don,MATCHED
PLANT-1521,NMPB,643,Operculina turpethum (L.) J.Silva Manso; [= Merremia turpethum (L.) Shah & Bhat],NMPB_ONLY
PLANT-1522,BSI,1262,Ophioglossum vulgatum L.,BSI_ONLY
PLANT-1523,BSI,1263,Ophiorrhiza mungos L.,BSI_ONLY
PLANT-1524,BSI,1264,Opuntia coccinellifera Mill.,BSI_ONLY
PLANT-1525,BSI,1265,Opuntia nigricans Haw.,BSI_ONLY
PLANT-1526,NMPB,644,Orchis mascula (L.) L.,NMPB_ONLY
PLANT-1527,BSI,1266,Oreocnide integrifolia Miq.,BSI_ONLY
PLANT-1528,NMPB,645,Origanum majorana L.,NMPB_ONLY
PLANT-1529,BSI,1267,Origanum vulgare L.,BSI_ONLY
PLANT-1530,BSI,1268,Ormocarpum sennoides DC.,BSI_ONLY
PLANT-1531,BSI,1269,Orobanche aegyptiaca Pers.,BSI_ONLY
PLANT-1532,BSI,1270,Oroxylum indicum (L.) Vent.,MATCHED
PLANT-1532,NMPB,646,Oroxylum indicum (L.) Vent.,MATCHED
PLANT-1533,NMPB,647,Orthosiphon glabratus Benth.,NMPB_ONLY
PLANT-1534,BSI,1271,Orthosiphon grandiflorus Boldingh.,BSI_ONLY
PLANT-1535,BSI,1272,Orthosiphon pallidus Royle ex Benth.,BSI_ONLY
PLANT-1536,NMPB,648,Oryza sativa L.,NMPB_ONLY
PLANT-1537,BSI,1273,Osbeckia crinita Benth.,BSI_ONLY
PLANT-1538,BSI,1274,Osbeckia nepalensis Hook.,BSI_ONLY
PLANT-1539,BSI,1275,Osmanthus fragrans Lour.,BSI_ONLY
PLANT-1540,BSI,1276,Osmunda regalis L.,BSI_ONLY
PLANT-1541,BSI,1277,Ougeinia oojeinensis (Roxb.) Hochr.,BSI_ONLY
PLANT-1542,BSI,1278,Ouratea angustifolia Baill. ex Laness.,BSI_ONLY
PLANT-1543,BSI,1279,Oxalis corniculata L.,MATCHED
PLANT-1543,NMPB,649,Oxalis corniculata L.,MATCHED
PLANT-1544,BSI,1280,Oxyria digyna (L.) Hill,BSI_ONLY
PLANT-1545,BSI,1281,Oxystelma secamone (L.) K.Schum.,BSI_ONLY
PLANT-1546,NMPB,650,Pachygone ovata (Poir.) Miers ex,NMPB_ONLY
PLANT-1547,BSI,1282,Pachyrrhizus erosus (L.) Urban,BSI_ONLY
PLANT-1548,NMPB,651,Paederia foetida L.,NMPB_ONLY
PLANT-1549,BSI,1283,Paederia scandens (Lour.) Merr.,MATCHED
PLANT-1549,NMPB,652,Paederia scandens (Lour.) Merr.,MATCHED
PLANT-1550,BSI,1284,Paeonia emodi Wall. ex Hook.f.,MATCHED
PLANT-1550,NMPB,653,Paeonia emodi Wall. ex Hook.f.,MATCHED
PLANT-1551,BSI,1285,Pajanelia longifolia (Willd.) K.Schum.,BSI_ONLY
PLANT-1552,NMPB,654,Panax ginseng C.A.Mey.,NMPB_ONLY
PLANT-1553,BSI,1286,Panax pseudo-ginseng Wall.,BSI_ONLY
PLANT-1554,NMPB,655,Panax pseudoginseng Wall.,NMPB_ONLY
PLANT-1555,NMPB,656,Pandanus fascicularis Lam.,NMPB_ONLY
PLANT-1556,BSI,1287,Panicum antidotale Retz.,BSI_ONLY
PLANT-1557,BSI,1288,Panicum incomtum Trin.,BSI_ONLY
PLANT-1558,BSI,1289,Panicum maximum Jacq.,BSI_ONLY
PLANT-1559,BSI,1290,Papaver argemone L.,BSI_ONLY
PLANT-1560,BSI,1291,Papaver dubium L.,BSI_ONLY
PLANT-1561,BSI,1292,Papaver hybridum L.,BSI_ONLY
PLANT-1562,BSI,1293,Papaver nudicaule L.,BSI_ONLY
PLANT-1563,BSI,1294,Papaver orientale L.,BSI_ONLY
PLANT-1564,BSI,1295,Papaver rhoeas L.,BSI_ONLY
PLANT-1565,BSI,1296,Papaver somniferum L.,MATCHED
PLANT-1565,NMPB,657,Papaver somniferum L.,MATCHED
PLANT-1566,BSI,1297,Paracalyx scariosa (Roxb.) Ali,BSI_ONLY
PLANT-1567,BSI,1298,Parameria polyneura Hook.f.,BSI_ONLY
PLANT-1568,BSI,1299,Paramignya angulata Kurz,BSI_ONLY
PLANT-1569,BSI,1300,Paramignya monophylla Wight,BSI_ONLY
PLANT-1570,NMPB,658,Paris polyphylla Sm.,NMPB_ONLY
PLANT-1571,NMPB,659,Parmelia kamstchadalis Ach.,NMPB_ONLY
PLANT-1572,NMPB,660,Parmelia perforata Ach.,NMPB_ONLY
PLANT-1573,NMPB,661,Parmelia perlata (Huds.) Ach.,NMPB_ONLY
PLANT-1574,BSI,1301,Parsonsia helicandra Hook. & Arn.,BSI_ONLY
PLANT-1575,BSI,1302,Paspalum scrobiculatum L.,BSI_ONLY
PLANT-1576,BSI,1303,Passiflora edulis Sims,BSI_ONLY
PLANT-1577,BSI,1304,Passiflora foetida L.,MATCHED
PLANT-1577,NMPB,662,Passiflora foetida L.,MATCHED
PLANT-1578,NMPB,663,Passiflora incarnata L.,NMPB_ONLY
PLANT-1579,BSI,1305,Pavetta crassicaulis Bremek.,BSI_ONLY
PLANT-1580,BSI,1306,Pavonia odorata Willd.,MATCHED
PLANT-1580,NMPB,664,Pavonia odorata Willd.,MATCHED
PLANT-1581,BSI,1307,Pavonia zeylanica (L.) Cav.,MATCHED
PLANT-1581,NMPB,665,Pavonia zeylanica (L.) Cav.,MATCHED
PLANT-1582,BSI,1308,Pedalium murex L.,MATCHED
PLANT-1582,NMPB,666,Pedalium murex L.,MATCHED
PLANT-1583,BSI,1309,Pedicularis pectinata Wall. ex Benth.,BSI_ONLY
PLANT-1584,BSI,1310,Pedicularis siphonantha D.Don,BSI_ONLY
PLANT-1585,BSI,1311,Pedilanthus tithymaloides (L.) Poit.,BSI_ONLY
PLANT-1586,BSI,1312,Peganum harmala L.,MATCHED
PLANT-1586,NMPB,667,Peganum harmala L.,MATCHED
PLANT-1587,BSI,1313,Pelargonium graveolens L'Herit.,BSI_ONLY
PLANT-1588,BSI,1314,Pellaea hastata (Thunb.) Prantl.,BSI_ONLY
PLANT-1589,BSI,1315,Pentapetes phoenicea L.,MATCHED
PLANT-1589,NMPB,668,Pentapetes phoenicea L.,MATCHED
PLANT-1590,BSI,1316,Pentatropis spiralis (Forsk.) Decne,BSI_ONLY
PLANT-1591,BSI,1317,Pergularia daemia (Forsk.) Choiv.,MATCHED
PLANT-1591,NMPB,669,Pergularia daemia (Forsk.) Choiv.,MATCHED
PLANT-1592,BSI,1318,Pericampylus glaucus (Lam.) Miers.,MATCHED
PLANT-1592,NMPB,670,Pericampylus glaucus (Lam.) Miers.,MATCHED
PLANT-1593,BSI,1319,Perilepta auriculata (Nees) Bremek,BSI_ONLY
PLANT-1594,BSI,1320,Perilla frutescens (L.) Britton,BSI_ONLY
PLANT-1595,BSI,1321,Periploca aphylla Decne.,BSI_ONLY
PLANT-1596,BSI,1322,Peristrophe bicalyculata (Retz.) Nees,MATCHED
PLANT-1596,NMPB,671,Peristrophe bicalyculata (Retz.) Nees,MATCHED
PLANT-1597,BSI,1323,Peristrophe roxburghiana (Roem. & Schult.) Bremek.,BSI_ONLY
PLANT-1598,BSI,1324,Perovskia abrotanoides Kar.,BSI_ONLY
PLANT-1599,BSI,1325,Petroselinum crispum (Mill.) Airy-Shaw,BSI_ONLY
PLANT-1600,BSI,1326,Peucedanum dhana Buch.-Ham. ex C.B.Clarke,BSI_ONLY
PLANT-1601,BSI,1327,Peucedanum grande C.B.Clarke,MATCHED
PLANT-1601,NMPB,672,Peucedanum grande C.B.Clarke,MATCHED
PLANT-1602,BSI,1328,Peucedanum nagpurense Prain,BSI_ONLY
PLANT-1603,BSI,1329,Phaseolus adenanthus G.F.Meyer,BSI_ONLY
PLANT-1604,BSI,1330,Phaseolus lunatus L.,BSI_ONLY
PLANT-1605,BSI,1331,Phaseolus vulgaris L.,BSI_ONLY
PLANT-1606,BSI,1332,Phlogacanthus thyrsiflorus (Roxb.) Nees,BSI_ONLY
PLANT-1607,BSI,1333,Phoenix dactylifera L.,MATCHED
PLANT-1607,NMPB,673,Phoenix dactylifera L.,MATCHED
PLANT-1608,NMPB,674,Phoenix loureirii Kunth; [= P. humilis Royle; var. pedunculata Becc.],NMPB_ONLY
PLANT-1609,BSI,1334,Phoenix pusilla Gaertn.,MATCHED
PLANT-1609,NMPB,675,Phoenix pusilla Gaertn.,MATCHED
PLANT-1610,BSI,1335,Phoenix sylvestris (L.) Roxb.,MATCHED
PLANT-1610,NMPB,676,Phoenix sylvestris (L.) Roxb.,MATCHED
PLANT-1611,BSI,1336,Phyla nodiflora (L.) Greene,MATCHED
PLANT-1611,NMPB,677,Phyla nodiflora (L.) Greene,MATCHED
PLANT-1612,BSI,1337,Phyllanthus acidus (L.) Skeels,BSI_ONLY
PLANT-1613,NMPB,678,Phyllanthus amarus Schumach. & Thonn.; [= P. fraternus Webst.],NMPB_ONLY
PLANT-1614,NMPB,679,Phyllanthus debilis Klein ex Willd.,NMPB_ONLY
PLANT-1615,BSI,1338,Phyllanthus fraternus Webster,BSI_ONLY
PLANT-1616,BSI,1339,Phyllanthus maderaspatensis L.,MATCHED
PLANT-1616,NMPB,680,Phyllanthus maderaspatensis L.,MATCHED
PLANT-1617,NMPB,681,Phyllanthus reticulatus Poir.; [ = Kirganelia reticulata (Poir.) Baill.],NMPB_ONLY
PLANT-1618,BSI,1340,Phyllanthus urinaria L.,MATCHED
PLANT-1618,NMPB,682,Phyllanthus urinaria L.,MATCHED
PLANT-1619,BSI,1341,Phyllanthus virgatus Forst.,MATCHED
PLANT-1619,NMPB,683,Phyllanthus virgatus Forst.,MATCHED
PLANT-1620,BSI,1342,Phyllochlamys taxoides Koord.,BSI_ONLY
PLANT-1621,NMPB,684,Phyllostachys bambusoides Sieb. & Zucc.,NMPB_ONLY
PLANT-1622,BSI,1343,Physalis angulata L.,BSI_ONLY
PLANT-1623,BSI,1344,Physalis minima L.,MATCHED
PLANT-1623,NMPB,685,Physalis minima L.,MATCHED
PLANT-1624,BSI,1345,Physalis peruviana L.,BSI_ONLY
PLANT-1625,BSI,1346,Physochlaina praealta (Walp.) Hook.f.,MATCHED
PLANT-1625,NMPB,686,Physochlaina praealta (Walp.) Hook.f.,MATCHED
PLANT-1626,BSI,1347,Phytolacca acinosa Roxb.,BSI_ONLY
PLANT-1627,BSI,1348,Picororhiza kurroa Royle ex Benth.,BSI_ONLY
PLANT-1628,BSI,1349,Picrasma javanica Blume,BSI_ONLY
PLANT-1629,BSI,1350,Picrasma quassioides (D.Don) Benn.,MATCHED
PLANT-1629,NMPB,687,Picrasma quassioides (D.Don) Benn.,MATCHED
PLANT-1630,BSI,1351,Picris hieracioides L.,BSI_ONLY
PLANT-1631,NMPB,688,Picrorhiza kurroa Royle ex Benth.,NMPB_ONLY
PLANT-1632,NMPB,689,Picrorhiza scrophulariiflora Pennell,NMPB_ONLY
PLANT-1633,BSI,1352,Pilea microphylla (L.) Liebm.,BSI_ONLY
PLANT-1634,BSI,1353,Pimpinella anisum L.,MATCHED
PLANT-1634,NMPB,690,Pimpinella anisum L.,MATCHED
PLANT-1635,BSI,1354,Pimpinella heyneana Wall.,BSI_ONLY
PLANT-1636,BSI,1355,Pinanga dicksonii (Roxb.) Scheffer,BSI_ONLY
PLANT-1637,BSI,1356,Pinus gerardiana Wall. ex Lamb,BSI_ONLY
PLANT-1638,BSI,1357,Pinus roxburghii Sargent.,MATCHED
PLANT-1638,NMPB,691,Pinus roxburghii Sargent.,MATCHED
PLANT-1639,NMPB,692,Piper betle L.,NMPB_ONLY
PLANT-1640,NMPB,693,Piper chaba Hunter; [= P. retrofractum Vahl.],NMPB_ONLY
PLANT-1641,BSI,1358,Piper cubeba L.f.,MATCHED
PLANT-1641,NMPB,694,Piper cubeba L.f.,MATCHED
PLANT-1642,BSI,1359,Piper longum L.,MATCHED
PLANT-1642,NMPB,695,Piper longum L.,MATCHED
PLANT-1643,NMPB,696,Piper nigrum L.,NMPB_ONLY
PLANT-1644,NMPB,697,Piper peepuloides Roxb.,NMPB_ONLY
PLANT-1645,BSI,1360,Piper retrofractum Vahl,BSI_ONLY
PLANT-1646,BSI,1361,Piper sarmentosum Roxb.,BSI_ONLY
PLANT-1647,BSI,1362,Piper sylvaticum Roxb.,BSI_ONLY
PLANT-1648,BSI,1363,Piper trioicum Roxb.,BSI_ONLY
PLANT-1649,BSI,1364,Piper wallichii (Miq.) Hand.-Mazz.,MATCHED
PLANT-1649,NMPB,698,Piper wallichii (Miq.) Hand.-Mazz.,MATCHED
PLANT-1650,BSI,1365,Pisonia mitis L.,BSI_ONLY
PLANT-1651,NMPB,699,Pistacia integerrima Stew. ex Brand.; [= P. chinensis Bunge; var. integerrima Brandis],NMPB_ONLY
PLANT-1652,BSI,1366,Pistacia kinjuk Stocks,BSI_ONLY
PLANT-1653,BSI,1367,Pistacia lentiscus L.,MATCHED
PLANT-1653,NMPB,700,Pistacia lentiscus L.,MATCHED
PLANT-1654,BSI,1368,Pistacia vera L.,MATCHED
PLANT-1654,NMPB,701,Pistacia vera L.,MATCHED
PLANT-1655,BSI,1369,Pistia stratiotes L.,BSI_ONLY
PLANT-1656,BSI,1370,Pisum sativum L.,BSI_ONLY
PLANT-1657,BSI,1371,Pithecellobium angulatum Benth.,BSI_ONLY
PLANT-1658,BSI,1372,Pithecellobium clypearia Benth.,BSI_ONLY
PLANT-1659,BSI,1373,Pithecellobium dulce (Roxb.) Benth.,BSI_ONLY
PLANT-1660,BSI,1374,Pithecellobium monadelphum (Roxb.) Koster,BSI_ONLY
PLANT-1661,BSI,1375,Pittosporum napaulense (DC.) Rehder & E.H.Wilson,BSI_ONLY
PLANT-1662,BSI,1376,Plantago amplexicaulis Cav.,BSI_ONLY
PLANT-1663,BSI,1377,Plantago himalaica Pilger,BSI_ONLY
PLANT-1664,BSI,1378,Plantago lanceolata L.,MATCHED
PLANT-1664,NMPB,702,Plantago lanceolata L.,MATCHED
PLANT-1665,BSI,1379,Plantago major L.,MATCHED
PLANT-1665,NMPB,703,Plantago major L.,MATCHED
PLANT-1666,BSI,1380,Plantago ovata Forsk.,MATCHED
PLANT-1666,NMPB,704,Plantago ovata Forsk.,MATCHED
PLANT-1667,BSI,1381,Plantago psyllium L.,BSI_ONLY
PLANT-1668,BSI,1382,Platanus orientalis L.,BSI_ONLY
PLANT-1669,NMPB,705,Plectranthus amboinicus (Lour.) Spreng.,NMPB_ONLY
PLANT-1670,NMPB,706,Plectranthus barbatus Andrews; [= Coleus forskohlii (Poir.) Briq.],NMPB_ONLY
PLANT-1671,BSI,1383,Plectranthus mollis (Aiton) Spreng.,BSI_ONLY
PLANT-1672,NMPB,707,Plectranthus vettiveroides (Jacob),NMPB_ONLY
PLANT-1673,BSI,1384,Pleopeltis macrocarpa (Borry ex Willd.) Kaulf.,BSI_ONLY
PLANT-1674,BSI,1385,Plesmonium margaritiferum (Roxb.) Schott,BSI_ONLY
PLANT-1675,NMPB,708,Pleurospermum angelicoides (DC.),NMPB_ONLY
PLANT-1676,BSI,1386,Pluchea indica Less.,BSI_ONLY
PLANT-1677,BSI,1387,Pluchea lanceolata (DC.) C.B.Clarke,MATCHED
PLANT-1677,NMPB,709,Pluchea lanceolata (DC.) C.B.Clarke,MATCHED
PLANT-1678,BSI,1388,Plumbago indica L.,MATCHED
PLANT-1678,NMPB,710,Plumbago indica L.,MATCHED
PLANT-1679,BSI,1389,Plumbago zeylanica L.,MATCHED
PLANT-1679,NMPB,711,Plumbago zeylanica L.,MATCHED
PLANT-1680,BSI,1390,Plumeria alba L.,BSI_ONLY
PLANT-1681,BSI,1391,Plumeria rubra L.,BSI_ONLY
PLANT-1682,BSI,1393,Podocarpus neriifolia D.Don,BSI_ONLY
PLANT-1683,NMPB,712,Podophyllum hexandrum Royle; [= P. emodi Wall. ex Honig.],NMPB_ONLY
PLANT-1684,BSI,1394,Pogostemon benghalense (Burm.) Kuntze,BSI_ONLY
PLANT-1685,NMPB,713,Pogostemon cablin (Blanco) Benth.,NMPB_ONLY
PLANT-1686,BSI,1395,Pogostemon heyneanus Benth.,MATCHED
PLANT-1686,NMPB,714,Pogostemon heyneanus Benth.,MATCHED
PLANT-1687,BSI,1396,Pogostemon parviflorus Benth.,BSI_ONLY
PLANT-1688,BSI,1397,Pogostemon purpurascens Dalzell,BSI_ONLY
PLANT-1689,BSI,1398,Polyalthia longifolia (Sonn.) Thwaites,MATCHED
PLANT-1689,NMPB,715,Polyalthia longifolia (Sonn.) Thwaites,MATCHED
PLANT-1690,BSI,1399,Polycarpea corymbosa (L.) Lam.,BSI_ONLY
PLANT-1691,BSI,1400,Polycarpon prostratum (Forsk.) Aschers. & Schweinf.,BSI_ONLY
PLANT-1692,BSI,1401,Polygala crotalarioides Buch.-Ham. ex DC.,BSI_ONLY
PLANT-1693,BSI,1402,Polygala elongata Klein ex Willd.,BSI_ONLY
PLANT-1694,BSI,1403,Polygala glomerata Lour.,BSI_ONLY
PLANT-1695,BSI,1404,Polygala sibirica L.,BSI_ONLY
PLANT-1696,BSI,1405,Polygala telephioides Willd.,BSI_ONLY
PLANT-1697,NMPB,716,Polygonatum cirrhifolium (Wall.) Royle,NMPB_ONLY
PLANT-1698,BSI,1406,Polygonatum multiflorum (L.) Allioni,MATCHED
PLANT-1698,NMPB,717,Polygonatum multiflorum (L.) Allioni,MATCHED
PLANT-1699,NMPB,718,Polygonatum verticillatum (L.) All.,NMPB_ONLY
PLANT-1700,NMPB,719,Polygonum alatum Buch.-Ham.,NMPB_ONLY
PLANT-1701,BSI,1407,Polygonum aviculare L.,MATCHED
PLANT-1701,NMPB,720,Polygonum aviculare L.,MATCHED
PLANT-1702,BSI,1408,Polygonum barbatum L.,BSI_ONLY
PLANT-1703,BSI,1409,Polygonum chinense L.,BSI_ONLY
PLANT-1704,BSI,1410,Polygonum glabrum Willd.,MATCHED
PLANT-1704,NMPB,721,Polygonum glabrum Willd.,MATCHED
PLANT-1705,BSI,1411,Polygonum hydropiper L.,BSI_ONLY
PLANT-1706,BSI,1412,Polygonum molle D.Don,BSI_ONLY
PLANT-1707,BSI,1413,Polygonum nepalense Meissn.,BSI_ONLY
PLANT-1708,BSI,1414,Polygonum orientale L.,BSI_ONLY
PLANT-1709,BSI,1415,Polygonum persicaria L.,BSI_ONLY
PLANT-1710,BSI,1416,Polygonum plebeium R.Br.,BSI_ONLY
PLANT-1711,BSI,1417,Polygonum polystachyum Wall. ex Meissn.,BSI_ONLY
PLANT-1712,NMPB,722,Polygonum punctatum Buch.-Ham.,NMPB_ONLY
PLANT-1713,BSI,1418,Polygonum tenellum Blume,BSI_ONLY
PLANT-1714,BSI,1419,Polygonum virginianum L.,BSI_ONLY
PLANT-1715,BSI,1420,Polygonum viviparum L.,MATCHED
PLANT-1715,NMPB,723,Polygonum viviparum L.,MATCHED
PLANT-1716,BSI,1421,Polypodium vulgare L.,MATCHED
PLANT-1716,NMPB,724,Polypodium vulgare L.,MATCHED
PLANT-1717,BSI,1422,Polyscias fruticosa (L.) Harms,BSI_ONLY
PLANT-1718,NMPB,725,Pongamia pinnata (L.) Pierre; [= P. glabra Vent.; Derris indica,NMPB_ONLY
PLANT-1719,BSI,1423,Populus alba L.,BSI_ONLY
PLANT-1720,BSI,1424,Populus euphratica Oliv.,BSI_ONLY
PLANT-1721,BSI,1425,Portulaca oleracea L.,MATCHED
PLANT-1721,NMPB,726,Portulaca oleracea L.,MATCHED
PLANT-1722,BSI,1426,Portulaca pilosa L.,BSI_ONLY
PLANT-1723,BSI,1427,Portulaca quadrifida L.,BSI_ONLY
PLANT-1724,BSI,1428,Potentilla anserina L.,BSI_ONLY
PLANT-1725,BSI,1429,Potentilla arbuscula D.Don,BSI_ONLY
PLANT-1726,BSI,1430,Potentilla lineata Trevir ex Reich.,BSI_ONLY
PLANT-1727,BSI,1431,Potentilla nepalensis Hook.,MATCHED
PLANT-1727,NMPB,727,Potentilla nepalensis Hook.,MATCHED
PLANT-1728,BSI,1432,Potentilla reptans L.,BSI_ONLY
PLANT-1729,BSI,1433,Potentilla sundaica (Blume) Kuntze,BSI_ONLY
PLANT-1730,BSI,1434,Potentilla supina L.,BSI_ONLY
PLANT-1731,BSI,1435,Pothos cathcartii Schott,BSI_ONLY
PLANT-1732,BSI,1436,Pothos scandens L.,MATCHED
PLANT-1732,NMPB,728,Pothos scandens L.,MATCHED
PLANT-1733,BSI,1437,Pouzolzia sanguinea (Blume) Merr.,BSI_ONLY
PLANT-1734,BSI,1438,Pouzolzia zeylanica (L.) Benn.,BSI_ONLY
PLANT-1735,BSI,1439,Prangos pabularia Lindl.,BSI_ONLY
PLANT-1736,BSI,1440,Pratia nummularia (Lam.) A.Braun & Asch.,BSI_ONLY
PLANT-1737,BSI,1441,Premna corymbosa Rottler & Willd.,MATCHED
PLANT-1737,NMPB,729,Premna corymbosa Rottler & Willd.,MATCHED
PLANT-1738,BSI,1442,Premna divaricata Wall.,BSI_ONLY
PLANT-1739,NMPB,730,Premna flavescens Ham.,NMPB_ONLY
PLANT-1740,BSI,1443,Premna latifolia Roxb.,MATCHED
PLANT-1740,NMPB,731,Premna latifolia Roxb.,MATCHED
PLANT-1741,NMPB,732,Premna serratifolia L.; [= P.integrifolia L.],NMPB_ONLY
PLANT-1742,BSI,1444,Premna tomentosa Willd.,MATCHED
PLANT-1742,NMPB,733,Premna tomentosa Willd.,MATCHED
PLANT-1743,BSI,1445,Primula reticulata Wall.,BSI_ONLY
PLANT-1744,BSI,1446,Prinsepia utilis Royle,BSI_ONLY
PLANT-1745,BSI,1447,Prosopis chilensis (Molana) Stuntze,BSI_ONLY
PLANT-1746,BSI,1448,Prosopis cineraria (L.) Druce,MATCHED
PLANT-1746,NMPB,734,Prosopis cineraria (L.) Druce,MATCHED
PLANT-1747,BSI,1449,Prunella vulgaris L.,BSI_ONLY
PLANT-1748,BSI,1450,Prunus armeniaca L.,MATCHED
PLANT-1748,NMPB,735,Prunus armeniaca L.,MATCHED
PLANT-1749,BSI,1451,Prunus avium L.,MATCHED
PLANT-1749,NMPB,736,Prunus avium L.,MATCHED
PLANT-1750,BSI,1452,Prunus cerasoides D.Don,MATCHED
PLANT-1750,NMPB,737,Prunus cerasoides D.Don,MATCHED
PLANT-1751,BSI,1453,Prunus cerasus L.,BSI_ONLY
PLANT-1752,BSI,1454,Prunus ceylanica (Wight) Miq.,BSI_ONLY
PLANT-1753,BSI,1455,Prunus domestica L.,BSI_ONLY
PLANT-1754,BSI,1456,Prunus dulcis (Mill.) D.A.Webb.,MATCHED
PLANT-1754,NMPB,738,Prunus dulcis (Mill.) D.A.Webb.,MATCHED
PLANT-1755,BSI,1457,Prunus mahaleb L.,MATCHED
PLANT-1755,NMPB,739,Prunus mahaleb L.,MATCHED
PLANT-1756,BSI,1458,Prunus persica (L.) Batsch,BSI_ONLY
PLANT-1757,BSI,1459,Prunus salicina Lindl.,BSI_ONLY
PLANT-1758,BSI,1460,Prunus undulata Buch.-Ham. ex D.Don,BSI_ONLY
PLANT-1759,BSI,1461,Psammogeton canescens (DC.) Vatke,BSI_ONLY
PLANT-1760,BSI,1462,Pseudarthria viscida (L.) Wight & Arn.,MATCHED
PLANT-1760,NMPB,740,Pseudarthria viscida (L.) Wight & Arn.,MATCHED
PLANT-1761,BSI,1463,Psidium guajava L.,MATCHED
PLANT-1761,NMPB,741,Psidium guajava L.,MATCHED
PLANT-1762,BSI,1464,Psoralea corylifolia L.,MATCHED
PLANT-1762,NMPB,742,Psoralea corylifolia L.,MATCHED
PLANT-1763,BSI,1465,Pteridium aquilinum (L.) Kuhn.,BSI_ONLY
PLANT-1764,BSI,1466,Pterocarpus indicus Willd.,BSI_ONLY
PLANT-1765,BSI,1467,Pterocarpus marsupium Roxb.,MATCHED
PLANT-1765,NMPB,743,Pterocarpus marsupium Roxb.,MATCHED
PLANT-1766,BSI,1468,Pterocarpus santalinus L.f.,MATCHED
PLANT-1766,NMPB,744,Pterocarpus santalinus L.f.,MATCHED
PLANT-1767,BSI,1469,Pterocymbium javanicum R.Br.,BSI_ONLY
PLANT-1768,BSI,1470,Pterospermum acerifolium (L.) Willd.,BSI_ONLY
PLANT-1769,BSI,1471,Pterospermum suberifolium Lam.,BSI_ONLY
PLANT-1770,BSI,1472,Pterospermum xylocarpum (Gaertn.) Oken,BSI_ONLY
PLANT-1771,NMPB,745,Pueraria lobata (Willd.) Ohwi,NMPB_ONLY
PLANT-1772,BSI,1473,Pueraria phaseoloides (Roxb.) Benth.,BSI_ONLY
PLANT-1773,BSI,1474,Pueraria tuberosa (Roxb. ex Willd.) DC.,MATCHED
PLANT-1773,NMPB,746,Pueraria tuberosa (Roxb. ex Willd.) DC.,MATCHED
PLANT-1774,BSI,1475,Pulicaria crispa (Forssk.) Benth.,BSI_ONLY
PLANT-1775,BSI,1476,Pulicaria dysenterica (L.) Gaeertn.,BSI_ONLY
PLANT-1776,BSI,1477,Punica granatum L.,MATCHED
PLANT-1776,NMPB,747,Punica granatum L.,MATCHED
PLANT-1777,NMPB,749,Pyrus cydonia L.,NMPB_ONLY
PLANT-1778,BSI,1478,Quercus infectoria Oliv.,MATCHED
PLANT-1778,NMPB,750,Quercus infectoria Oliv.,MATCHED
PLANT-1779,BSI,1479,Quercus lamellosa Sm.,BSI_ONLY
PLANT-1780,BSI,1480,Quercus leucotrichophora A.Camus ex Bahadur,BSI_ONLY
PLANT-1781,BSI,1481,Quercus pachyphylla Kurz,BSI_ONLY
PLANT-1782,BSI,1482,Quisqualis indica L.,BSI_ONLY
PLANT-1783,BSI,1483,Radermachera xylocarpa (Roxb.) K.Schum.,BSI_ONLY
PLANT-1784,BSI,1484,Randia cochinchinensis (Lour.) Merr.,BSI_ONLY
PLANT-1785,BSI,1485,Randia longiflora Lam.,BSI_ONLY
PLANT-1786,BSI,1486,Randia tomentosa Hook.f.,BSI_ONLY
PLANT-1787,BSI,1487,Ranunculus aquatilis L.,BSI_ONLY
PLANT-1788,BSI,1488,Ranunculus arvensis L.,BSI_ONLY
PLANT-1789,BSI,1489,Ranunculus cantoniensis DC.,BSI_ONLY
PLANT-1790,BSI,1490,Ranunculus lingua L.,BSI_ONLY
PLANT-1791,BSI,1491,Ranunculus muricatus L.,BSI_ONLY
PLANT-1792,BSI,1492,Ranunculus sceleratus L.,BSI_ONLY
PLANT-1793,BSI,1493,Raphanus sativus L.,BSI_ONLY
PLANT-1794,NMPB,751,Rauvolfia densiflora (Wall.),NMPB_ONLY
PLANT-1795,NMPB,752,Rauvolfia micrantha Hook.f.,NMPB_ONLY
PLANT-1796,BSI,1494,Rauvolfia sarpentina (L.) Benth. ex Kurz,BSI_ONLY
PLANT-1797,NMPB,753,Rauvolfia serpentina (L.) Benth. ex Kurz,NMPB_ONLY
PLANT-1798,BSI,1495,Rauvolfia tetraphylla L.,MATCHED
PLANT-1798,NMPB,754,Rauvolfia tetraphylla L.,MATCHED
PLANT-1799,BSI,1496,Reinwardtia indica Dumort.,BSI_ONLY
PLANT-1800,BSI,1497,Reissantia indica (Willd.) Halle,BSI_ONLY
PLANT-1801,BSI,1498,Remusatia vivipara (Roxb.) Schott,BSI_ONLY
PLANT-1802,BSI,1499,Reseda odorata L.,BSI_ONLY
PLANT-1803,BSI,1500,Rhamnus nepalensis (Wall.) M.A.Lawson,BSI_ONLY
PLANT-1804,BSI,1501,Rhamnus purpureus Edgew.,BSI_ONLY
PLANT-1805,BSI,1502,Rhamnus triquetra Wall. ex Roxb.,BSI_ONLY
PLANT-1806,BSI,1503,Rhamnus virgatus Roxb.,BSI_ONLY
PLANT-1807,BSI,1504,Rhamnus wightii Wight & Arn.,BSI_ONLY
PLANT-1808,NMPB,755,Rhaphidophora pertusa (Roxb.) Schott; [= R. laciniata (Burm.f.) Merr.;,NMPB_ONLY
PLANT-1809,NMPB,756,Rheum australe D.Don; [= R. emodi Wall. ex Meissn.],NMPB_ONLY
PLANT-1810,BSI,1505,Rheum emodi Wall. ex Meissn.,BSI_ONLY
PLANT-1811,NMPB,757,Rheum moorcroftianum Royle,NMPB_ONLY
PLANT-1812,NMPB,758,Rheum palmatum L.,NMPB_ONLY
PLANT-1813,BSI,1506,Rheum spiciforme Royle,MATCHED
PLANT-1813,NMPB,759,Rheum spiciforme Royle,MATCHED
PLANT-1814,BSI,1507,Rheum webbianum Royle,MATCHED
PLANT-1814,NMPB,760,Rheum webbianum Royle,MATCHED
PLANT-1815,BSI,1508,Rhinacanthus nasuta (L.) Kurz,BSI_ONLY
PLANT-1816,NMPB,761,Rhinacanthus nasutus (L.) Kurz,NMPB_ONLY
PLANT-1817,BSI,1509,Rhizophora mucronata Lam.,BSI_ONLY
PLANT-1818,BSI,1510,Rhodamnia trinervia Blume,BSI_ONLY
PLANT-1819,BSI,1511,Rhododendron anthopogon D.Don,MATCHED
PLANT-1819,NMPB,762,Rhododendron anthopogon D.Don,MATCHED
PLANT-1820,BSI,1512,Rhododendron arboreum Sm.,BSI_ONLY
PLANT-1821,BSI,1513,Rhododendron campanulatum D.Don,MATCHED
PLANT-1821,NMPB,763,Rhododendron campanulatum D.Don,MATCHED
PLANT-1822,BSI,1514,Rhododendron lepidotum Wall. ex G.Don,MATCHED
PLANT-1822,NMPB,764,Rhododendron lepidotum Wall. ex G.Don,MATCHED
PLANT-1823,BSI,1515,Rhododendron setosum D.Don,BSI_ONLY
PLANT-1824,BSI,1516,Rhodomyrtus tomentosa Wight,BSI_ONLY
PLANT-1825,BSI,1517,Rhus coriaria L.,BSI_ONLY
PLANT-1826,BSI,1518,Rhus hookeri K.C.Sahni & Bahadur,BSI_ONLY
PLANT-1827,BSI,1519,Rhus javanica L.,BSI_ONLY
PLANT-1828,BSI,1520,Rhus parviflora Roxb. ex DC.,BSI_ONLY
PLANT-1829,BSI,1521,Rhus punjabensis J.L.Stew. ex Brand.,BSI_ONLY
PLANT-1830,BSI,1522,Rhus succedanea L.,MATCHED
PLANT-1830,NMPB,765,Rhus succedanea L.,MATCHED
PLANT-1831,BSI,1523,Rhynchosia minima (L.) DC.,BSI_ONLY
PLANT-1832,BSI,1524,Rhynchostylis retusa (L.) Blume,BSI_ONLY
PLANT-1833,BSI,1525,Ribes alpestre Wall. ex Decne.,BSI_ONLY
PLANT-1834,BSI,1526,Ribes orientalis Desf.,BSI_ONLY
PLANT-1835,BSI,1527,Ricinus communis L.,MATCHED
PLANT-1835,NMPB,766,Ricinus communis L.,MATCHED
PLANT-1836,BSI,1528,Rivea ornata (Roxb.) Choisy.,BSI_ONLY
PLANT-1837,BSI,1529,Rorippa indica (L.) Hiern,BSI_ONLY
PLANT-1838,BSI,1530,Rorippa islandica (Oeder) Borbás,BSI_ONLY
PLANT-1839,BSI,1531,Rorippa nasturtium-aquaticum (L.) Hayek,BSI_ONLY
PLANT-1840,NMPB,767,Rosa alba L.,NMPB_ONLY
PLANT-1841,BSI,1532,Rosa banksiae R.Br.,BSI_ONLY
PLANT-1842,BSI,1533,Rosa brunonii Lindl.,BSI_ONLY
PLANT-1843,BSI,1534,Rosa centifolia L.,MATCHED
PLANT-1843,NMPB,768,Rosa centifolia L.,MATCHED
PLANT-1844,BSI,1535,Rosa damascena Mill.,MATCHED
PLANT-1844,NMPB,769,Rosa damascena Mill.,MATCHED
PLANT-1845,NMPB,770,Rosa indica L.,NMPB_ONLY
PLANT-1846,BSI,1536,Rosa multiflora Thunb.,BSI_ONLY
PLANT-1847,NMPB,771,Roscoea alpina Royle,NMPB_ONLY
PLANT-1848,BSI,1537,Roscoea purpurea Sm.,MATCHED
PLANT-1848,NMPB,772,Roscoea purpurea Sm.,MATCHED
PLANT-1849,BSI,1538,Rosmarinus officinalis L.,MATCHED
PLANT-1849,NMPB,773,Rosmarinus officinalis L.,MATCHED
PLANT-1850,BSI,1539,Rotula aquatica Lour.,MATCHED
PLANT-1850,NMPB,774,Rotula aquatica Lour.,MATCHED
PLANT-1851,NMPB,775,Rourea santaloides Wight & Arn.,NMPB_ONLY
PLANT-1852,BSI,1540,Roylea cineria (D.Don) Baill.,BSI_ONLY
PLANT-1853,BSI,1541,Rubia cordifolia L.,MATCHED
PLANT-1853,NMPB,776,Rubia cordifolia L.,MATCHED
PLANT-1854,NMPB,777,Rubia sikkimensis Kurz,NMPB_ONLY
PLANT-1855,BSI,1542,Rubia tinctorum L.,BSI_ONLY
PLANT-1856,BSI,1543,Rubus moluccanus L.,BSI_ONLY
PLANT-1857,BSI,1544,Rumex acetosa L.,BSI_ONLY
PLANT-1858,BSI,1545,Rumex acetosella L.,BSI_ONLY
PLANT-1859,BSI,1546,Rumex crispus L.,BSI_ONLY
PLANT-1860,BSI,1547,Rumex dentatus L.,BSI_ONLY
PLANT-1861,BSI,1548,Rumex maritimus L.,BSI_ONLY
PLANT-1862,BSI,1549,Rumex nepalensis Spreng.,MATCHED
PLANT-1862,NMPB,778,Rumex nepalensis Spreng.,MATCHED
PLANT-1863,BSI,1550,Rumex scutatus L.,BSI_ONLY
PLANT-1864,BSI,1551,Rungia parviflora (Retz.) Nees,BSI_ONLY
PLANT-1865,BSI,1552,Rungia repens (L.) Nees,BSI_ONLY
PLANT-1866,BSI,1553,Ruta graveolens L.,MATCHED
PLANT-1866,NMPB,779,Ruta graveolens L.,MATCHED
PLANT-1867,BSI,1554,Saccharum bengalense Retz.,BSI_ONLY
PLANT-1868,NMPB,780,Saccharum munja Roxb.,NMPB_ONLY
PLANT-1869,NMPB,781,Saccharum officinarum L.,NMPB_ONLY
PLANT-1870,BSI,1555,Saccharum spontaneum L.,MATCHED
PLANT-1870,NMPB,782,Saccharum spontaneum L.,MATCHED
PLANT-1871,BSI,1556,Sageraea laurifolia (Grah.) Blatter,BSI_ONLY
PLANT-1872,BSI,1557,Sagittaria sagittifolia L.,BSI_ONLY
PLANT-1873,BSI,1558,Salacia chinensis L.,MATCHED
PLANT-1873,NMPB,783,Salacia chinensis L.,MATCHED
PLANT-1874,BSI,1559,Salacia oblonga Wall.,MATCHED
PLANT-1874,NMPB,784,Salacia oblonga Wall.,MATCHED
PLANT-1875,BSI,1560,Salacia reticulata Wight,MATCHED
PLANT-1875,NMPB,785,Salacia reticulata Wight,MATCHED
PLANT-1876,BSI,1561,Salicornia brachiata Roxb.,BSI_ONLY
PLANT-1877,BSI,1562,Salix acmophylla Boiss.,BSI_ONLY
PLANT-1878,BSI,1563,Salix babylonica L.,BSI_ONLY
PLANT-1879,BSI,1564,Salix caprea L.,BSI_ONLY
PLANT-1880,BSI,1565,Salix tetrasperma Roxb.,MATCHED
PLANT-1880,NMPB,786,Salix tetrasperma Roxb.,MATCHED
PLANT-1881,BSI,1566,Salsola baryosma (R.& S.) Dandy,BSI_ONLY
PLANT-1882,BSI,1567,Salsola kali L.,BSI_ONLY
PLANT-1883,BSI,1568,Salvadora oleoides Decne.,MATCHED
PLANT-1883,NMPB,787,Salvadora oleoides Decne.,MATCHED
PLANT-1884,BSI,1569,Salvadora persica L.,MATCHED
PLANT-1884,NMPB,788,Salvadora persica L.,MATCHED
PLANT-1885,NMPB,789,Salvia aegyptiaca L.,NMPB_ONLY
PLANT-1886,BSI,1570,Salvia aegyptica L.,BSI_ONLY
PLANT-1887,NMPB,790,Salvia haematodes L.,NMPB_ONLY
PLANT-1888,BSI,1571,Salvia moorcroftiana Wall. ex Benth.,MATCHED
PLANT-1888,NMPB,791,Salvia moorcroftiana Wall. ex Benth.,MATCHED
PLANT-1889,BSI,1572,Salvia officinalis L.,BSI_ONLY
PLANT-1890,BSI,1573,Salvia plebeia R.Br.,MATCHED
PLANT-1890,NMPB,792,Salvia plebeia R.Br.,MATCHED
PLANT-1891,NMPB,793,Salvia sclarea L.,NMPB_ONLY
PLANT-1892,BSI,1574,Samadera indica Gaertn.,BSI_ONLY
PLANT-1893,BSI,1575,Sambucus nigra L.,BSI_ONLY
PLANT-1894,BSI,1576,Sambucus wightiana Wall. ex Wight & Arn.,BSI_ONLY
PLANT-1895,BSI,1577,Sandoricum indicum Cav.,BSI_ONLY
PLANT-1896,BSI,1578,Santaloides minus Schellenb.,BSI_ONLY
PLANT-1897,BSI,1579,Santalum album L.,MATCHED
PLANT-1897,NMPB,794,Santalum album L.,MATCHED
PLANT-1898,NMPB,795,Sapindus emarginatus Vahl.,NMPB_ONLY
PLANT-1899,BSI,1580,Sapindus mukorossi Gaertn.,MATCHED
PLANT-1899,NMPB,796,Sapindus mukorossi Gaertn.,MATCHED
PLANT-1900,BSI,1581,Sapindus trifoliatus L.,BSI_ONLY
PLANT-1901,BSI,1582,Sapium indicum Willd.,BSI_ONLY
PLANT-1902,BSI,1583,Sapium insigne (Royle) Benth.,BSI_ONLY
PLANT-1903,BSI,1584,Sapium sebiferum (L.) Roxb.,BSI_ONLY
PLANT-1904,BSI,1585,Saprosma ternatum Benth. & Hook.f.,BSI_ONLY
PLANT-1905,NMPB,797,Saraca asoca (Roxb.) W.J.de Wilde,NMPB_ONLY
PLANT-1906,BSI,1586,Saraca indica L.,BSI_ONLY
PLANT-1907,BSI,1587,Sarcococca saligna Muell.Arg.,BSI_ONLY
PLANT-1908,BSI,1588,Sarcostemma acidum (Roxb.) Voigt.,BSI_ONLY
PLANT-1909,BSI,1589,Sarcostemma brunonianum Wight & Arn.,BSI_ONLY
PLANT-1910,BSI,1590,Sarcostemma intermedium Decne.,BSI_ONLY
PLANT-1911,NMPB,798,Sarcostemma viminale (L.) R.Br.; [ = S. acidum (Roxb.) Voigt],NMPB_ONLY
PLANT-1912,BSI,1591,Sarcostigma kleinii Wight & Arn.,BSI_ONLY
PLANT-1913,BSI,1592,Satureja hortensis L.,BSI_ONLY
PLANT-1914,BSI,1593,Sauromatum venosum (Aiton) Kunth,BSI_ONLY
PLANT-1915,BSI,1594,Sauropus androgynus (L.) Merr.,BSI_ONLY
PLANT-1916,BSI,1595,Sauropus quadrangularis (Willd.) Müll.Arg.,BSI_ONLY
PLANT-1917,BSI,1596,Saussurea affinis Spreng. ex DC.,BSI_ONLY
PLANT-1918,BSI,1597,Saussurea auriculata (Spreng. ex DC.) Sch.Bip.,BSI_ONLY
PLANT-1919,NMPB,800,Saussurea costus (Falc.) Lipsch.; [ = S. lappa (Decne.) Sch.Bip.],NMPB_ONLY
PLANT-1920,BSI,1598,Saussurea heteromalla (D.Don) Hand.-Mazz.,BSI_ONLY
PLANT-1921,NMPB,799,Saussurea hypoleuca Spreng. ex DC.,NMPB_ONLY
PLANT-1922,BSI,1599,Saussurea lappa (Decne.) Sch.Bip.,BSI_ONLY
PLANT-1923,BSI,1600,Saussurea obvallata (DC.) Sch.Bip.,BSI_ONLY
PLANT-1924,BSI,1601,Scaevola taccada (Gaertn.) Roxb.,BSI_ONLY
PLANT-1925,BSI,1602,Schima wallichii (DC.) Korth.,BSI_ONLY
PLANT-1926,NMPB,801,Schizachyrium exile (Hochot.) Stapf,NMPB_ONLY
PLANT-1927,BSI,1603,Schleichera oleosa (Lour.) Oken,MATCHED
PLANT-1927,NMPB,802,Schleichera oleosa (Lour.) Oken,MATCHED
PLANT-1928,BSI,1604,Schrebera swietenioides Roxb.,BSI_ONLY
PLANT-1929,NMPB,803,Schrebera swietenoides Roxb.,NMPB_ONLY
PLANT-1930,BSI,1605,Schweinfurthia papilionacea (Burm.f.) Boiss.,BSI_ONLY
PLANT-1931,BSI,1606,Scilla hyacinthina (Roth) Macbridge,BSI_ONLY
PLANT-1932,BSI,1607,Scindapsus officinalis (Roxb.) Schott,MATCHED
PLANT-1932,NMPB,804,Scindapsus officinalis (Roxb.) Schott,MATCHED
PLANT-1933,BSI,1608,Scirpus articulatus L.,BSI_ONLY
PLANT-1934,BSI,1609,Scirpus grossus L.f.,BSI_ONLY
PLANT-1935,BSI,1610,Scirpus lacustris L.,BSI_ONLY
PLANT-1936,BSI,1611,Scirpus maritimus L.,BSI_ONLY
PLANT-1937,BSI,1612,Scleria levis Retz.,BSI_ONLY
PLANT-1938,BSI,1613,Scleria lithosperma (L.) Sw.,BSI_ONLY
PLANT-1939,BSI,1614,Scoparia dulcis L.,BSI_ONLY
PLANT-1940,BSI,1615,Scutellaria discolor Wall. ex Benth.,BSI_ONLY
PLANT-1941,BSI,1616,Scutellaria galericulata L.,BSI_ONLY
PLANT-1942,BSI,1617,Sebastiania chamaelea(L.) Muell.Arg.,BSI_ONLY
PLANT-1943,BSI,1618,Secamone emetica (Retz.) R.Br. ex Sm.,BSI_ONLY
PLANT-1944,BSI,1619,Securinega leucopyrus (Willd.) Müll.Arg.,MATCHED
PLANT-1944,NMPB,805,Securinega leucopyrus (Willd.) Müll.Arg.,MATCHED
PLANT-1945,BSI,1620,Securinega virosa (Roxb. ex Willd.) Baill.,BSI_ONLY
PLANT-1946,BSI,1621,Sedum multicaule Wall. ex Lindl.,BSI_ONLY
PLANT-1947,NMPB,806,Selinum candollei DC.,NMPB_ONLY
PLANT-1948,NMPB,807,Selinum vaginatum (Edgew.) C.B.Clarke,NMPB_ONLY
PLANT-1949,BSI,1622,Semecarpus anacardium L.f.,MATCHED
PLANT-1949,NMPB,808,Semecarpus anacardium L.f.,MATCHED
PLANT-1950,BSI,1623,Senecio bhutanicus N.P.Balakr.,BSI_ONLY
PLANT-1951,BSI,1624,Senecio chrysanthemoides DC.,BSI_ONLY
PLANT-1952,BSI,1625,Senecio jacquemontianus (Decne.) Benth. ex Hook.f.,BSI_ONLY
PLANT-1953,BSI,1626,Senecio tenuifolius Burm.f.,BSI_ONLY
PLANT-1954,BSI,1627,Senecio vulgaris L.,BSI_ONLY
PLANT-1955,NMPB,809,Senna italica Mill.; [ = Cassia italica (Mill.) Lam. ex Andr.;,NMPB_ONLY
PLANT-1956,BSI,1628,Sesamum orientale L.,MATCHED
PLANT-1956,NMPB,810,Sesamum orientale L.,MATCHED
PLANT-1957,BSI,1629,Sesbania bispinosa (Jacq.) W.Wight,BSI_ONLY
PLANT-1958,BSI,1630,Sesbania grandiflora (L.) Poir.,MATCHED
PLANT-1958,NMPB,811,Sesbania grandiflora (L.) Poir.,MATCHED
PLANT-1959,BSI,1631,Sesbania sesban (L.) Merr.,BSI_ONLY
PLANT-1960,NMPB,812,Sesbania speciosa Taub.,NMPB_ONLY
PLANT-1961,BSI,1632,Seseli diffusum (Roxb. ex Sm.) Santapau & Wagh,MATCHED
PLANT-1961,NMPB,813,Seseli diffusum (Roxb. ex Sm.) Santapau & Wagh,MATCHED
PLANT-1962,BSI,1633,Seseli sibiricum Benth. ex C.B.Clarke,BSI_ONLY
PLANT-1963,NMPB,814,Setaria italica (L.) Beauv,NMPB_ONLY
PLANT-1964,BSI,1634,Setaria plicata (Lam.) T.Cook,BSI_ONLY
PLANT-1965,BSI,1635,Shorea robusta Gaertn.f.,MATCHED
PLANT-1965,NMPB,815,Shorea robusta Gaertn.f.,MATCHED
PLANT-1966,BSI,1636,Sida acuta Burm.f.,MATCHED
PLANT-1966,NMPB,816,Sida acuta Burm.f.,MATCHED
PLANT-1967,BSI,1637,Sida cordata (Burm.f.) Borss.Waalk.,BSI_ONLY
PLANT-1968,BSI,1638,Sida cordifolia L.,MATCHED
PLANT-1968,NMPB,817,Sida cordifolia L.,MATCHED
PLANT-1969,BSI,1639,Sida ovata Forsk.,BSI_ONLY
PLANT-1970,BSI,1640,Sida rhombifolia L.,MATCHED
PLANT-1970,NMPB,818,Sida rhombifolia L.,MATCHED
PLANT-1971,BSI,1641,Siegesbeckia orientalis L.,BSI_ONLY
PLANT-1972,BSI,1642,Silene conoidea L.,BSI_ONLY
PLANT-1973,BSI,1643,Silene gallica L.,BSI_ONLY
PLANT-1974,BSI,1644,Silybum marianum (L.) Gaertn.,MATCHED
PLANT-1974,NMPB,819,Silybum marianum (L.) Gaertn.,MATCHED
PLANT-1975,NMPB,820,Simmondsia chinensis (Link),NMPB_ONLY
PLANT-1976,NMPB,821,Sinapis alba L.,NMPB_ONLY
PLANT-1977,BSI,1645,Sisymbrium altissimum L.,BSI_ONLY
PLANT-1978,BSI,1646,Sisymbrium irio L.,MATCHED
PLANT-1978,NMPB,822,Sisymbrium irio L.,MATCHED
PLANT-1979,BSI,1647,Sisymbrium loeselii L.,BSI_ONLY
PLANT-1980,BSI,1648,Skimmia laureola (DC.) Sieb. & Zucc. ex Walp.,MATCHED
PLANT-1980,NMPB,823,Skimmia laureola (DC.) Sieb. & Zucc. ex Walp.,MATCHED
PLANT-1981,NMPB,824,Smilax aspera L.,NMPB_ONLY
PLANT-1982,NMPB,825,Smilax china L.,NMPB_ONLY
PLANT-1983,BSI,1649,Smilax glabra Roxb.,MATCHED
PLANT-1983,NMPB,826,Smilax glabra Roxb.,MATCHED
PLANT-1984,BSI,1650,Smilax lanceaefolia Roxb.,BSI_ONLY
PLANT-1985,BSI,1651,Smilax ovalifolia Roxb.,BSI_ONLY
PLANT-1986,NMPB,827,Smilax zeylanica L.,NMPB_ONLY
PLANT-1987,BSI,1652,Smithia conferta Sm.,BSI_ONLY
PLANT-1988,BSI,1653,Smithia sensitiva Aiton,BSI_ONLY
PLANT-1989,BSI,1654,Solanum albicaule Kotschy ex Dunal,BSI_ONLY
PLANT-1990,NMPB,828,Solanum anguivi Lam.; [= S. indicum auct. non L.;,NMPB_ONLY
PLANT-1991,BSI,1655,Solanum dulcamara L.,BSI_ONLY
PLANT-1992,BSI,1656,Solanum erianthum D.Don,BSI_ONLY
PLANT-1993,BSI,1657,Solanum ferox L.,BSI_ONLY
PLANT-1994,BSI,1658,Solanum gracilipes Decne.,BSI_ONLY
PLANT-1995,BSI,1659,Solanum indicum L.,BSI_ONLY
PLANT-1996,BSI,1660,Solanum melongena L.,MATCHED
PLANT-1996,NMPB,829,Solanum melongena L.,MATCHED
PLANT-1997,BSI,1661,Solanum nigrum L.,MATCHED
PLANT-1997,NMPB,830,Solanum nigrum L.,MATCHED
PLANT-1998,BSI,1662,Solanum spirale Roxb.,BSI_ONLY
PLANT-1999,BSI,1663,Solanum surattense Burm.f.,BSI_ONLY
PLANT-2000,BSI,1664,Solanum torvum Sw.,MATCHED
PLANT-2000,NMPB,831,Solanum torvum Sw.,MATCHED
PLANT-2001,BSI,1665,Solanum trilobatum L.,MATCHED
PLANT-2001,NMPB,832,Solanum trilobatum L.,MATCHED
PLANT-2002,BSI,1666,Solanum tuberosum L.,BSI_ONLY
PLANT-2003,NMPB,833,Solanum virginianum L.; [= S. surattense Burm.f.;,NMPB_ONLY
PLANT-2004,BSI,1667,Solidago virgaurea L.,BSI_ONLY
PLANT-2005,BSI,1668,Sonchus asper (L.) Hill,BSI_ONLY
PLANT-2006,BSI,1669,Sonchus brachyotus DC.,BSI_ONLY
PLANT-2007,BSI,1670,Sonchus oleraceus L.,BSI_ONLY
PLANT-2008,BSI,1671,Sonneratia caseolaris (L.) Engl.,BSI_ONLY
PLANT-2009,BSI,1672,Sophora mollis (Royle) Baker,BSI_ONLY
PLANT-2010,BSI,1673,Sophora tomentosa L.,BSI_ONLY
PLANT-2011,BSI,1674,Sopubia delphinifolia (L.) G.Don,BSI_ONLY
PLANT-2012,BSI,1675,Sorbaria tomentosa (Lindl.) Rehder,BSI_ONLY
PLANT-2013,BSI,1676,Sorbus aucuparia L.,BSI_ONLY
PLANT-2014,BSI,1677,Sorghum halepense (L.) Pers.,BSI_ONLY
PLANT-2015,BSI,1678,Soymida febrifuga A.Juss.,MATCHED
PLANT-2015,NMPB,834,Soymida febrifuga A.Juss.,MATCHED
PLANT-2016,NMPB,835,Spatholobus roxburghii Benth.,NMPB_ONLY
PLANT-2017,NMPB,836,Spermacoce articularis L.f.,NMPB_ONLY
PLANT-2018,BSI,1679,Spermadictyon suaveolens Roxb.,BSI_ONLY
PLANT-2019,BSI,1680,Sphaeranthus africanus L.,MATCHED
PLANT-2019,NMPB,837,Sphaeranthus africanus L.,MATCHED
PLANT-2020,NMPB,838,Sphaeranthus amaranthoides Burm.,NMPB_ONLY
PLANT-2021,BSI,1681,Sphaeranthus indicus L.,MATCHED
PLANT-2021,NMPB,839,Sphaeranthus indicus L.,MATCHED
PLANT-2022,BSI,1682,Sphenodesme pentandra Jack.,BSI_ONLY
PLANT-2023,BSI,1683,Spilanthes calva DC.,BSI_ONLY
PLANT-2024,NMPB,840,Spilanthes oleracea L.; [= S. acmella Murr. var. oleracea,NMPB_ONLY
PLANT-2025,BSI,1684,Spinacia oleracea L.,BSI_ONLY
PLANT-2026,BSI,1685,Spondias pinnata (L.f.) Kurz,MATCHED
PLANT-2026,NMPB,841,Spondias pinnata (L.f.) Kurz,MATCHED
PLANT-2027,BSI,1686,Stachys palustris L.,BSI_ONLY
PLANT-2028,BSI,1687,Stachys parviflora Benth.,BSI_ONLY
PLANT-2029,BSI,1688,Stachys sylvatica L.,BSI_ONLY
PLANT-2030,BSI,1689,Stachytarpheta indica (L.) Vahl,BSI_ONLY
PLANT-2031,BSI,1690,Stellaria alsine Grimm,BSI_ONLY
PLANT-2032,BSI,1691,Stellaria media (L.) Vill.,BSI_ONLY
PLANT-2033,BSI,1692,Stemodia viscosa Roxb.,BSI_ONLY
PLANT-2034,BSI,1693,Stephania glabra (Roxb.) Miers.,MATCHED
PLANT-2034,NMPB,842,Stephania glabra (Roxb.) Miers.,MATCHED
PLANT-2035,BSI,1694,Stephania hernandifolia (Willd.) Walp.,BSI_ONLY
PLANT-2036,BSI,1695,Sterculia balanghas L.,BSI_ONLY
PLANT-2037,BSI,1696,Sterculia foetida L.,MATCHED
PLANT-2037,NMPB,843,Sterculia foetida L.,MATCHED
PLANT-2038,BSI,1697,Sterculia rubiginosa Vent.,BSI_ONLY
PLANT-2039,BSI,1698,Sterculia urens Roxb.,MATCHED
PLANT-2039,NMPB,844,Sterculia urens Roxb.,MATCHED
PLANT-2040,BSI,1699,Stereospermum chelonoides (L.f.) DC.,MATCHED
PLANT-2040,NMPB,845,Stereospermum chelonoides (L.f.) DC.,MATCHED
PLANT-2041,NMPB,846,Stereospermum colais (Buch.-Ham.; [= S. personatum (Hassk.) Chatterjee],NMPB_ONLY
PLANT-2042,BSI,1700,Stereospermum personatum (Hassk.) Chatterjee,BSI_ONLY
PLANT-2043,BSI,1701,Stranvaesia glaucescens Lindl.,BSI_ONLY
PLANT-2044,BSI,1702,Streblus asper Lour.,MATCHED
PLANT-2044,NMPB,847,Streblus asper Lour.,MATCHED
PLANT-2045,BSI,1703,Striga asiatica (L.) Kuntze,BSI_ONLY
PLANT-2046,BSI,1704,Striga gesnerioides (Willd.) Vatke,BSI_ONLY
PLANT-2047,BSI,1705,Strobilanthes callosus Nees,BSI_ONLY
PLANT-2048,BSI,1706,Strobilanthes cusia (Nees.) Kuntze,BSI_ONLY
PLANT-2049,BSI,1707,Strobilanthes lupulinus Nees,BSI_ONLY
PLANT-2050,BSI,1708,Strophanthus wightianus Wall.,MATCHED
PLANT-2050,NMPB,848,Strophanthus wightianus Wall.,MATCHED
PLANT-2051,BSI,1709,Strychnos aenea A.W.Hill,BSI_ONLY
PLANT-2052,BSI,1710,Strychnos cinnamomifolia Thwaites,BSI_ONLY
PLANT-2053,BSI,1711,Strychnos colubrina L.,BSI_ONLY
PLANT-2054,BSI,1712,Strychnos ignatii Berg.,BSI_ONLY
PLANT-2055,BSI,1713,Strychnos nux-vomica L.,MATCHED
PLANT-2055,NMPB,849,Strychnos nux-vomica L.,MATCHED
PLANT-2056,BSI,1714,Strychnos potatorum L.f.,MATCHED
PLANT-2056,NMPB,851,Strychnos potatorum L.f.,MATCHED
PLANT-2057,NMPB,852,Stylocoryna lucens (Hook.f.) Gamble; [= Tarenna alpestris (Wight) N.P.Balakr.],NMPB_ONLY
PLANT-2058,BSI,1715,Styrax benzoin Dryand.,BSI_ONLY
PLANT-2059,BSI,1716,Suaeda fruticosa (L.) Forsk.,BSI_ONLY
PLANT-2060,BSI,1717,Swertia alata (D.Don) Royle ex C.B.Clarke,MATCHED
PLANT-2060,NMPB,853,Swertia alata (D.Don) Royle ex C.B.Clarke,MATCHED
PLANT-2061,BSI,1718,Swertia angustifolia Buch.-Ham. ex D.Don,MATCHED
PLANT-2061,NMPB,854,Swertia angustifolia Buch.-Ham. ex D.Don,MATCHED
PLANT-2062,NMPB,855,Swertia chirayita (Roxb. ex,NMPB_ONLY
PLANT-2063,BSI,1719,Swertia paniculata Wall.,BSI_ONLY
PLANT-2064,BSI,1720,Symplocos chinensis (Lour.) Druce,BSI_ONLY
PLANT-2065,NMPB,856,Symplocos cochinchinensis S.Moore,NMPB_ONLY
PLANT-2066,NMPB,857,Symplocos paniculata (Thunb.) Miq.,NMPB_ONLY
PLANT-2067,BSI,1721,Symplocos racemosa Roxb.,MATCHED
PLANT-2067,NMPB,858,Symplocos racemosa Roxb.,MATCHED
PLANT-2068,BSI,1722,Synedrella nodiflora (L.) Gaertn.,BSI_ONLY
PLANT-2069,BSI,1723,Syringa persica L.,BSI_ONLY
PLANT-2070,BSI,1724,Syzygium aromaticum (L.) Merr. & L.M.Perry,MATCHED
PLANT-2070,NMPB,859,Syzygium aromaticum (L.) Merr. & L.M.Perry,MATCHED
PLANT-2071,NMPB,860,Syzygium caryophyllatum (L.) Alston; [= Eugenia caryophyllaea Wight],NMPB_ONLY
PLANT-2072,BSI,1725,Syzygium cumini (L.) Skeels,MATCHED
PLANT-2072,NMPB,861,Syzygium cumini (L.) Skeels,MATCHED
PLANT-2073,BSI,1726,Syzygium jambos (L.) Alston,BSI_ONLY
PLANT-2074,BSI,1727,Syzygium zeylanicum (L.) DC.,BSI_ONLY
PLANT-2075,BSI,1728,Tabernaemontana divaricata (L.) R.Br. ex Roem. & Schult.,MATCHED
PLANT-2075,NMPB,862,Tabernaemontana divaricata (L.) R.Br. ex Roem. & Schult.,MATCHED
PLANT-2076,NMPB,863,Tacca aspera Roxb.; [= T. integrifolia Ker Gawl.],NMPB_ONLY
PLANT-2077,BSI,1729,Tacca integrifolia Ker-Gawl.,BSI_ONLY
PLANT-2078,BSI,1730,Tagetes erecta L.,MATCHED
PLANT-2078,NMPB,864,Tagetes erecta L.,MATCHED
PLANT-2079,NMPB,865,Tagetes minuta L.,NMPB_ONLY
PLANT-2080,BSI,1731,Tamarindus indica L.,MATCHED
PLANT-2080,NMPB,866,Tamarindus indica L.,MATCHED
PLANT-2081,NMPB,867,Tamarix indica Roxb.,NMPB_ONLY
PLANT-2082,NMPB,868,Tanacetum vulgare L.,NMPB_ONLY
PLANT-2083,NMPB,869,Taraxacum officinale F.H.Wigg.,NMPB_ONLY
PLANT-2084,BSI,1732,Taraxacum offininale Weber,BSI_ONLY
PLANT-2085,BSI,1733,Tarenna asiatica (L.) Kuntze ex K.Schum.,BSI_ONLY
PLANT-2086,BSI,1734,Taverniera cuneifolia (Roth) Arn.,BSI_ONLY
PLANT-2087,BSI,1735,Taxus wallichiana Zucc.,MATCHED
PLANT-2087,NMPB,870,Taxus wallichiana Zucc.,MATCHED
PLANT-2088,BSI,1736,Tecoma stans (L.) Juss. ex Kunth,BSI_ONLY
PLANT-2089,BSI,1737,Tecomella undulata (Sm.) Seem.,MATCHED
PLANT-2089,NMPB,871,Tecomella undulata (Sm.) Seem.,MATCHED
PLANT-2090,BSI,1738,Tectona grandis L.f.,MATCHED
PLANT-2090,NMPB,872,Tectona grandis L.f.,MATCHED
PLANT-2091,BSI,1739,Tephrosia candida (Roxb.) DC.,BSI_ONLY
PLANT-2092,BSI,1740,Tephrosia purpurea (L.) Pers.,MATCHED
PLANT-2092,NMPB,873,Tephrosia purpurea (L.) Pers.,MATCHED
PLANT-2093,BSI,1741,Tephrosia uniflora Pers.,BSI_ONLY
PLANT-2094,BSI,1742,Tephrosia villosa (L.) Pers.,BSI_ONLY
PLANT-2095,BSI,1743,Teramnus labialis (L.f.) Spreng,MATCHED
PLANT-2095,NMPB,874,Teramnus labialis (L.f.) Spreng,MATCHED
PLANT-2096,BSI,1744,Terminalia alata B.Heyne ex Roth,BSI_ONLY
PLANT-2097,BSI,1745,Terminalia arjuna (Roxb.) Wight & Arn.,MATCHED
PLANT-2097,NMPB,875,Terminalia arjuna (Roxb.) Wight & Arn.,MATCHED
PLANT-2098,BSI,1746,Terminalia bellirica (Gaertn.) Roxb.,MATCHED
PLANT-2098,NMPB,876,Terminalia bellirica (Gaertn.) Roxb.,MATCHED
PLANT-2099,BSI,1747,Terminalia bialata Steud.,BSI_ONLY
PLANT-2100,BSI,1748,Terminalia catappa L.,BSI_ONLY
PLANT-2101,BSI,1749,Terminalia chebula (Gaertn.) Retz.,MATCHED
PLANT-2101,NMPB,877,Terminalia chebula (Gaertn.) Retz.,MATCHED
PLANT-2102,BSI,1750,Terminalia citrina Roxb.,BSI_ONLY
PLANT-2103,BSI,1751,Terminalia coriacea Wight & Arn.,BSI_ONLY
PLANT-2104,NMPB,878,Terminalia crenulata Roth,NMPB_ONLY
PLANT-2105,BSI,1752,Terminalia myriocarpa Van Heurck & Muell.Arg.,BSI_ONLY
PLANT-2106,BSI,1753,Terminalia pallida Brandis,BSI_ONLY
PLANT-2107,BSI,1754,Terminalia paniculata Roth,MATCHED
PLANT-2107,NMPB,879,Terminalia paniculata Roth,MATCHED
PLANT-2108,NMPB,880,Terminalia tomentosa (Roxb. ex DC.); [= T. alata Heyne ex Roth],NMPB_ONLY
PLANT-2109,BSI,1755,Ternstroemia gymnanthera (Wight & Arn.) Bedd.,BSI_ONLY
PLANT-2110,BSI,1756,Tetracera laevis Vahl,BSI_ONLY
PLANT-2111,BSI,1757,Tetradium fraxinifolium (Hook.) Hartley,BSI_ONLY
PLANT-2112,BSI,1758,Tetradium ruticarpum (A.Juss.) Hartley,BSI_ONLY
PLANT-2113,BSI,1759,Teucrium chamaedrys L.,BSI_ONLY
PLANT-2114,BSI,1760,Teucrium polium L.,BSI_ONLY
PLANT-2115,BSI,1761,Teucrium scordium L.,BSI_ONLY
PLANT-2116,BSI,1762,Thalictrum foliolosum DC.,MATCHED
PLANT-2116,NMPB,881,Thalictrum foliolosum DC.,MATCHED
PLANT-2117,BSI,1763,Thalictrum minus L.,BSI_ONLY
PLANT-2118,BSI,1764,Theobroma cacao L.,BSI_ONLY
PLANT-2119,BSI,1765,Thespesia populnea (L.) Soland. ex Correa,MATCHED
PLANT-2119,NMPB,882,Thespesia populnea (L.) Soland. ex Correa,MATCHED
PLANT-2120,BSI,1766,Thevetia peruviana (Pers.) Schum.,BSI_ONLY
PLANT-2121,BSI,1767,Thlaspi arvense L.,BSI_ONLY
PLANT-2122,BSI,1768,Thuja orientalis L.,BSI_ONLY
PLANT-2123,BSI,1769,Thunbergia alata Bojer ex Sims,BSI_ONLY
PLANT-2124,BSI,1770,Thunbergia grandiflora (Roxb. ex Rottl.) Roxb.,BSI_ONLY
PLANT-2125,BSI,1771,Thunbergia laurifolia Lindl.,BSI_ONLY
PLANT-2126,BSI,1772,Thymus serpyllum L.,MATCHED
PLANT-2126,NMPB,883,Thymus serpyllum L.,MATCHED
PLANT-2127,BSI,1773,Thymus vulgaris L.,BSI_ONLY
PLANT-2128,BSI,1774,Tiliacora acuminata (Lam.) Hook.f. & Thomson,MATCHED
PLANT-2128,NMPB,884,Tiliacora acuminata (Lam.) Hook.f. & Thomson,MATCHED
PLANT-2129,BSI,1775,Tinospora cordifolia (Willd.) Hook.f. & Thomson,MATCHED
PLANT-2129,NMPB,885,Tinospora cordifolia (Willd.) Hook.f. & Thomson,MATCHED
PLANT-2130,NMPB,886,Tinospora crispa (L.),NMPB_ONLY
PLANT-2131,BSI,1776,Tinospora sinensis (Lour.) Merr.,MATCHED
PLANT-2131,NMPB,887,Tinospora sinensis (Lour.) Merr.,MATCHED
PLANT-2132,BSI,1777,Toddalia asiatica (L.) Lam.,MATCHED
PLANT-2132,NMPB,888,Toddalia asiatica (L.) Lam.,MATCHED
PLANT-2133,BSI,1778,Toona ciliata Roem.,MATCHED
PLANT-2133,NMPB,889,Toona ciliata Roem.,MATCHED
PLANT-2134,BSI,1779,Torenia asiatica L.,BSI_ONLY
PLANT-2135,BSI,1780,Trachelospermum lucidum (D.Don) K.Schum.,BSI_ONLY
PLANT-2136,BSI,1781,Trachylobium hornemannianum Hayne,BSI_ONLY
PLANT-2137,BSI,1782,Trachyspermum ammi (L.) Sprague,MATCHED
PLANT-2137,NMPB,890,Trachyspermum ammi (L.) Sprague,MATCHED
PLANT-2138,BSI,1783,Trachyspermum roxburghianum (DC.) Wolff,MATCHED
PLANT-2138,NMPB,891,Trachyspermum roxburghianum (DC.) Wolff,MATCHED
PLANT-2139,BSI,1784,Tragia involucrata L.,MATCHED
PLANT-2139,NMPB,892,Tragia involucrata L.,MATCHED
PLANT-2140,BSI,1785,Tragopogon pratensis L.,BSI_ONLY
PLANT-2141,BSI,1786,Tragopogon sinuatus Avé-Lall.,BSI_ONLY
PLANT-2142,BSI,1787,Trapa natans L.,MATCHED
PLANT-2142,NMPB,893,Trapa natans L.,MATCHED
PLANT-2143,BSI,1788,Trema orientalis (L.) Blume,BSI_ONLY
PLANT-2144,BSI,1789,Trewia nudiflora L.,BSI_ONLY
PLANT-2145,NMPB,894,Trianthema decandra L.; [= Zaleya decandra (L.) Burm.f.],NMPB_ONLY
PLANT-2146,NMPB,895,Trianthema portulacastrum L.,NMPB_ONLY
PLANT-2147,NMPB,896,Tribulus alatus Del.,NMPB_ONLY
PLANT-2148,NMPB,897,Tribulus lanuginosus L.,NMPB_ONLY
PLANT-2149,NMPB,898,Tribulus rajasthanensis M.M.Bhandari,NMPB_ONLY
PLANT-2150,NMPB,899,"Tribulus subramanyamii P.Singh,",NMPB_ONLY
PLANT-2151,BSI,1790,Tribulus terrestris L.,MATCHED
PLANT-2151,NMPB,900,Tribulus terrestris L.,MATCHED
PLANT-2152,BSI,1791,Trichilia connaroides (Wight. & Arn.) Bentv.,BSI_ONLY
PLANT-2153,BSI,1792,Trichodesma africanum (L.) R.Br.,BSI_ONLY
PLANT-2154,BSI,1793,Trichodesma indicum (L.) Lehm.,BSI_ONLY
PLANT-2155,BSI,1794,Trichodesma zeylanicum (Burm.f.) R.Br.,MATCHED
PLANT-2155,NMPB,901,Trichodesma zeylanicum (Burm.f.) R.Br.,MATCHED
PLANT-2156,BSI,1795,Tricholepis glaberrima DC.,BSI_ONLY
PLANT-2157,NMPB,902,Trichopus zeylanicus Gaertn.,NMPB_ONLY
PLANT-2158,NMPB,903,Trichosanthes anguina L.,NMPB_ONLY
PLANT-2159,BSI,1796,Trichosanthes bracteata (Lam.) Voigt,BSI_ONLY
PLANT-2160,BSI,1797,Trichosanthes cordata Roxb.,MATCHED
PLANT-2160,NMPB,904,Trichosanthes cordata Roxb.,MATCHED
PLANT-2161,BSI,1798,Trichosanthes cucumerina L.,MATCHED
PLANT-2161,NMPB,905,Trichosanthes cucumerina L.,MATCHED
PLANT-2162,BSI,1799,Trichosanthes dioica Roxb.,MATCHED
PLANT-2162,NMPB,906,Trichosanthes dioica Roxb.,MATCHED
PLANT-2163,NMPB,907,Trichosanthes lobata Roxb.,NMPB_ONLY
PLANT-2164,BSI,1800,Trichosanthes nervifolia L.,BSI_ONLY
PLANT-2165,NMPB,908,Trichosanthes tricuspidata Lour.; [= T. bracteata (Lam.) Voigt ],NMPB_ONLY
PLANT-2166,BSI,1801,Trichosanthes wallichiana (Ser.) Wight,BSI_ONLY
PLANT-2167,NMPB,909,Tridax procumbens L.,NMPB_ONLY
PLANT-2168,BSI,1802,Trifolium alexandrinum L.,BSI_ONLY
PLANT-2169,BSI,1803,Trifolium pratense L.,BSI_ONLY
PLANT-2170,BSI,1804,Trifolium repens L.,BSI_ONLY
PLANT-2171,BSI,1805,Trigonella corniculata (L.) L.,MATCHED
PLANT-2171,NMPB,910,Trigonella corniculata (L.) L.,MATCHED
PLANT-2172,BSI,1806,Trigonella foenum-graecum L.,MATCHED
PLANT-2172,NMPB,911,Trigonella foenum-graecum L.,MATCHED
PLANT-2173,BSI,1807,Trigonella incisa Benth.,BSI_ONLY
PLANT-2174,BSI,1808,Trigonella uncata Boiss. & Noe,BSI_ONLY
PLANT-2175,BSI,1809,Triphasia trifolia (Burm.f.) P.Wilson,BSI_ONLY
PLANT-2176,BSI,1810,Triumfetta semitriloba L.,BSI_ONLY
PLANT-2177,NMPB,912,Tulipa stellata Hook.,NMPB_ONLY
PLANT-2178,BSI,1811,Turraea villosa Benn.,BSI_ONLY
PLANT-2179,BSI,1812,Tussilago farfara L.,BSI_ONLY
PLANT-2180,BSI,1813,Tylophora fasciculata Ham. ex Wight,BSI_ONLY
PLANT-2181,BSI,1814,Tylophora indica (Burm.f.) Merr.,MATCHED
PLANT-2181,NMPB,913,Tylophora indica (Burm.f.) Merr.,MATCHED
PLANT-2182,BSI,1815,Tylophora tenuis Blume,BSI_ONLY
PLANT-2183,NMPB,914,"Typha elephantina Grah., non Roxb.; [= T. australis K.Schum. & Thonn.]",NMPB_ONLY
PLANT-2184,NMPB,915,Typhonium trilobatum (L.) Schott,NMPB_ONLY
PLANT-2185,NMPB,916,Uncaria gambier Thwaites,NMPB_ONLY
PLANT-2186,BSI,1816,Uncaria gambir (Hunt) Roxb.,BSI_ONLY
PLANT-2187,BSI,1817,Uraria crinita Desv.,BSI_ONLY
PLANT-2188,BSI,1818,Uraria lagopodioides (L.) Desv.,MATCHED
PLANT-2188,NMPB,917,Uraria lagopodioides (L.) Desv.,MATCHED
PLANT-2189,BSI,1819,Uraria picta (Jacq.) Desv. ex DC.,MATCHED
PLANT-2189,NMPB,918,Uraria picta (Jacq.) Desv. ex DC.,MATCHED
PLANT-2190,BSI,1820,Uraria rufescens (DC.) Schindl.,MATCHED
PLANT-2190,NMPB,919,Uraria rufescens (DC.) Schindl.,MATCHED
PLANT-2191,BSI,1821,Urena lobata L.,BSI_ONLY
PLANT-2192,BSI,1822,Urena repanda Roxb. ex Sm.,BSI_ONLY
PLANT-2193,BSI,1823,Urena sinuata L.,BSI_ONLY
PLANT-2194,BSI,1824,Urgenia indica (Roxb.) Kunth,BSI_ONLY
PLANT-2195,NMPB,920,Urginea indica (Roxb) Kunth. [=,NMPB_ONLY
PLANT-2196,BSI,1825,Urtica dioica L.,MATCHED
PLANT-2196,NMPB,921,Urtica dioica L.,MATCHED
PLANT-2197,BSI,1826,Urtica parviflora Roxb.,BSI_ONLY
PLANT-2198,BSI,1827,Utricularia bifida L.,BSI_ONLY
PLANT-2199,BSI,1828,Uvaria narum (Dunal) Blume,BSI_ONLY
PLANT-2200,BSI,1829,Vaccaria pyramidata Medik.,BSI_ONLY
PLANT-2201,BSI,1830,Valeriana dubia Bunge,BSI_ONLY
PLANT-2202,BSI,1831,Valeriana hardwickii Wall.,MATCHED
PLANT-2202,NMPB,922,Valeriana hardwickii Wall.,MATCHED
PLANT-2203,BSI,1832,Valeriana jatamansi Jones,MATCHED
PLANT-2203,NMPB,923,Valeriana jatamansi Jones,MATCHED
PLANT-2204,NMPB,924,Valeriana pyrolaefolia Decne.,NMPB_ONLY
PLANT-2205,BSI,1833,Vallaris solanacea (Roth) Kuntze,BSI_ONLY
PLANT-2206,BSI,1834,Vanda spathulata (L.) Spreng.,BSI_ONLY
PLANT-2207,BSI,1835,Vanda tessellata (Roxb.) Hook. ex G.Don,MATCHED
PLANT-2207,NMPB,925,Vanda tessellata (Roxb.) Hook. ex G.Don,MATCHED
PLANT-2208,BSI,1836,Vateria indica L.,MATCHED
PLANT-2208,NMPB,926,Vateria indica L.,MATCHED
PLANT-2209,BSI,1837,Ventilago denticulata Willd.,BSI_ONLY
PLANT-2210,BSI,1838,Ventilago madraspatana Gaertn.,MATCHED
PLANT-2210,NMPB,927,Ventilago madraspatana Gaertn.,MATCHED
PLANT-2211,BSI,1839,Verbascum chinense (L.) Santapau,BSI_ONLY
PLANT-2212,BSI,1840,Verbascum thapsus L.,BSI_ONLY
PLANT-2213,BSI,1841,Vernonia arborea Buch.-Ham.,BSI_ONLY
PLANT-2214,NMPB,928,Vernonia cinerea (L.) Less.; [= V. conyzoides DC.],NMPB_ONLY
PLANT-2215,BSI,1842,Vernonia cineria (L.) Less.,BSI_ONLY
PLANT-2216,BSI,1843,Vernonia squarrosa (D.Don) Less.,BSI_ONLY
PLANT-2217,BSI,1844,Veronica anagallis-aquatica L.,BSI_ONLY
PLANT-2218,BSI,1845,Veronica arvensis L.,BSI_ONLY
PLANT-2219,BSI,1846,Veronica beccabunga L.,BSI_ONLY
PLANT-2220,BSI,1847,Vetiveria zizanioides (L.) Roberty,MATCHED
PLANT-2220,NMPB,929,Vetiveria zizanioides (L.) Roberty,MATCHED
PLANT-2221,BSI,1848,Viburnum foetidum Wall.,BSI_ONLY
PLANT-2222,BSI,1849,Vicia faba L.,BSI_ONLY
PLANT-2223,BSI,1850,Vicia hirsuta (L.) S.F.Gray,BSI_ONLY
PLANT-2224,BSI,1851,Vicia sativa L.,BSI_ONLY
PLANT-2225,BSI,1852,Vigna aconitifolia (Jacq.) Marechal,BSI_ONLY
PLANT-2226,BSI,1853,Vigna mungo (L.) Hepper,MATCHED
PLANT-2226,NMPB,930,Vigna mungo (L.) Hepper,MATCHED
PLANT-2227,BSI,1854,Vigna radiata (L.) Wilczek,MATCHED
PLANT-2227,NMPB,931,Vigna radiata (L.) Wilczek,MATCHED
PLANT-2228,NMPB,932,Vigna sublobata (Roxb.) Babu & Sharma; [= V. radiata (L.) Wilez; var. sublobata (Roxb.) Verdc.],NMPB_ONLY
PLANT-2229,BSI,1855,Vigna trilobata (L.) Verdcourt,BSI_ONLY
PLANT-2230,BSI,1856,Vigna umbellata (Thunb.) Ohwi & Ohashi,BSI_ONLY
PLANT-2231,BSI,1857,Vigna unguiculata (L.) Walp.,BSI_ONLY
PLANT-2232,NMPB,933,Vigna vexillata (L.) A.Rich.,NMPB_ONLY
PLANT-2233,BSI,1858,Vincetoxicum album (Mill.) Asch.,BSI_ONLY
PLANT-2234,BSI,1859,Viola biflora L.,BSI_ONLY
PLANT-2235,NMPB,934,Viola canescens Wall.,NMPB_ONLY
PLANT-2236,NMPB,935,Viola cinerea Boiss.,NMPB_ONLY
PLANT-2237,BSI,1860,Viola cineria Boiss.,BSI_ONLY
PLANT-2238,BSI,1861,Viola diffusa Ging.,BSI_ONLY
PLANT-2239,NMPB,936,Viola odorata L.,NMPB_ONLY
PLANT-2240,BSI,1862,Viola patrinii Ging,BSI_ONLY
PLANT-2241,BSI,1863,Viola pilosa Blume,MATCHED
PLANT-2241,NMPB,937,Viola pilosa Blume,MATCHED
PLANT-2242,BSI,1864,Viola sylvestris Lam.,BSI_ONLY
PLANT-2243,BSI,1865,Viola tricolor L.,BSI_ONLY
PLANT-2244,BSI,1866,Viscum articulatum Burm.f.,BSI_ONLY
PLANT-2245,BSI,1867,Viscum monoicum Roxb. ex DC.,BSI_ONLY
PLANT-2246,BSI,1868,Viscum orientale Willd.,BSI_ONLY
PLANT-2247,BSI,1869,Vitex agnus-castus L.,MATCHED
PLANT-2247,NMPB,938,Vitex agnus-castus L.,MATCHED
PLANT-2248,NMPB,939,Vitex altissima L.f.,NMPB_ONLY
PLANT-2249,BSI,1870,Vitex glabrata R.Br.,BSI_ONLY
PLANT-2250,BSI,1871,Vitex leucoxylon L.f.,BSI_ONLY
PLANT-2251,BSI,1872,Vitex negundo L.,MATCHED
PLANT-2251,NMPB,940,Vitex negundo L.,MATCHED
PLANT-2252,BSI,1873,Vitex peduncularis Wall. ex Schauer,BSI_ONLY
PLANT-2253,BSI,1874,Vitex pinnata L.,BSI_ONLY
PLANT-2254,BSI,1875,Vitex trifolia L.,BSI_ONLY
PLANT-2255,BSI,1876,Vitis vinifera L.,MATCHED
PLANT-2255,NMPB,941,Vitis vinifera L.,MATCHED
PLANT-2256,BSI,1877,Wagatea spicata Dalzell,BSI_ONLY
PLANT-2257,NMPB,942,Walsura trifoliata (A.Juss.) Harms,NMPB_ONLY
PLANT-2258,BSI,1878,Waltheria indica L.,BSI_ONLY
PLANT-2259,BSI,1879,Wattakaka volubilis (L.) Stapf,BSI_ONLY
PLANT-2260,BSI,1880,Wedelia biflora (L.) DC.,BSI_ONLY
PLANT-2261,BSI,1881,Wedelia chinensis (Osbeck) Merr.,MATCHED
PLANT-2261,NMPB,943,Wedelia chinensis (Osbeck) Merr.,MATCHED
PLANT-2262,BSI,1882,Wedelia wallichii Less.,BSI_ONLY
PLANT-2263,BSI,1883,Wikstroemia indica (L.) C.A.Mey.,BSI_ONLY
PLANT-2264,BSI,1884,Withania coagulans (Stocks) Dunal,MATCHED
PLANT-2264,NMPB,944,Withania coagulans (Stocks) Dunal,MATCHED
PLANT-2265,BSI,1885,Withania somnifera (L.) Dunal,MATCHED
PLANT-2265,NMPB,945,Withania somnifera (L.) Dunal,MATCHED
PLANT-2266,BSI,1886,Woodfordia fruticosa (L.) Kurz,MATCHED
PLANT-2266,NMPB,946,Woodfordia fruticosa (L.) Kurz,MATCHED
PLANT-2267,NMPB,947,Wrightia arborea (Dennst.) Mabb.,NMPB_ONLY
PLANT-2268,BSI,1887,Wrightia tinctoria R.Br.,MATCHED
PLANT-2268,NMPB,948,Wrightia tinctoria R.Br.,MATCHED
PLANT-2269,BSI,1888,Wrightia tomentosa (Roxb.) Roem. & Schult.,BSI_ONLY
PLANT-2270,BSI,1889,Xanthium strumarium L.,BSI_ONLY
PLANT-2271,BSI,1890,Xeromphis spinosa (Thunb.) Keay,BSI_ONLY
PLANT-2272,BSI,1891,Xeromphis uliginosa (Retz.) Maheshw.,BSI_ONLY
PLANT-2273,BSI,1892,Ximenia americana L.,BSI_ONLY
PLANT-2274,BSI,1893,Xylia xylocarpa (Roxb.) Taub.,MATCHED
PLANT-2274,NMPB,949,Xylia xylocarpa (Roxb.) Taub.,MATCHED
PLANT-2275,BSI,1894,Yucca aloifolia L.,BSI_ONLY
PLANT-2276,BSI,1895,Yucca gloriosa L.,BSI_ONLY
PLANT-2277,BSI,1896,Zanonia indica L.,BSI_ONLY
PLANT-2278,BSI,1897,Zanthoxylum acanthopodium DC.,MATCHED
PLANT-2278,NMPB,950,Zanthoxylum acanthopodium DC.,MATCHED
PLANT-2279,BSI,1898,Zanthoxylum armatum DC.,MATCHED
PLANT-2279,NMPB,951,Zanthoxylum armatum DC.,MATCHED
PLANT-2280,BSI,1899,Zanthoxylum nitidum (Roxb.) DC.,MATCHED
PLANT-2280,NMPB,952,Zanthoxylum nitidum (Roxb.) DC.,MATCHED
PLANT-2281,BSI,1900,Zanthoxylum ovalifolium Wight,BSI_ONLY
PLANT-2282,BSI,1901,Zanthoxylum oxyphyllum Edgew.,BSI_ONLY
PLANT-2283,BSI,1902,Zanthoxylum rhetsa (Roxb.) DC.,MATCHED
PLANT-2283,NMPB,953,Zanthoxylum rhetsa (Roxb.) DC.,MATCHED
PLANT-2284,BSI,1903,Zataria multiflora Boiss.,BSI_ONLY
PLANT-2285,NMPB,954,Zea mays L.,NMPB_ONLY
PLANT-2286,NMPB,955,Zehneria umbellata (Klein) Thwaites,NMPB_ONLY
PLANT-2287,BSI,1904,Zeuxine strateumatica (L.) Schltr.,BSI_ONLY
PLANT-2288,BSI,1905,Zingiber montanum (Koen.) Link ex A.Dietr.,BSI_ONLY
PLANT-2289,BSI,1906,Zingiber officinale Roscoe,MATCHED
PLANT-2289,NMPB,956,Zingiber officinale Roscoe,MATCHED
PLANT-2290,BSI,1907,Zingiber zerumbet (L.) Sm.,MATCHED
PLANT-2290,NMPB,957,Zingiber zerumbet (L.) Sm.,MATCHED
PLANT-2291,BSI,1908,Ziziphus glabrata Heyne ex Roth,BSI_ONLY
PLANT-2292,BSI,1909,Ziziphus jujuba Mill.,MATCHED
PLANT-2292,NMPB,958,Ziziphus jujuba Mill.,MATCHED
PLANT-2293,BSI,1910,Ziziphus mauritiana Lam.,BSI_ONLY
PLANT-2294,BSI,1911,Ziziphus nummularia (Burm.f.) Wight & Arn.,BSI_ONLY
PLANT-2295,BSI,1912,Ziziphus oenoplia (L.) Mill.,BSI_ONLY
PLANT-2296,BSI,1913,Ziziphus rugosa Lam.,BSI_ONLY
PLANT-2297,NMPB,959,Ziziphus sativa Gaertn.; [= Z. jujuba Mill.; Z. vulgaris Lam.],NMPB_ONLY
PLANT-2298,NMPB,960,Ziziphus xylopyrus (Retz.) Willd.,NMPB_ONLY
PLANT-2299,BSI,1914,Zornia gibbosa Span.,BSI_ONLY
PLANT-2300,BSI,1915,Zygophyllum simplex L.,BSI_ONLY
